,Mann-Whitney U-test,p-value
CD4 T cells regulatory_stromal_CD44,3437.0,0.00015734232429174863
CD4 T cells memory_stromal_CD44,3436.5,0.00016068365284546267
CD4 T cells naive_stromal_CD44,3430.0,0.00017744569823613108
Myeloid DCs_stromal_CD44,3358.0,0.0005499972451238442
CD8 T cells_intratumor_CD36,3350.0,0.0005683093722332486
B cells_stromal_CD44,3333.0,0.0007873920210682246
Myeloid Granulocytes_stromal_Ki67,1693.0,0.0008135462076645495
Myeloid Granulocytes_stromal_GranzymeB,1699.0,0.000890184988907387
CD4 T cells naive_tumorfront_CD44,3270.0,0.0019494821691522788
Myeloid Granulocytes_stromal_CD44,3268.5,0.00201306381365504
Myeloid Monocytes_stromal_CD44,3259.0,0.002299384548932684
CD8 T cells_stromal_CD44,3258.0,0.0023304588423044685
Tumor proliferating_intratumor_E-Cadherin,3247.0,0.0026885274303289435
Tumor non-proliferating_stromal_pERK,1799.5,0.0034394415843533497
CD4 T cells regulatory_tumorfront_E-Cadherin,3225.0,0.0034462347379988624
CD4 T cells regulatory_tumorfront_CD44,3219.0,0.003729230427246503
CD8 T cells_tumorfront_CD44,3194.0,0.005383040465499598
CD4 T cells naive_tumorfront_CD36,3151.0,0.009031846065320781
CD4 T cells memory_tumorfront_CD44,3146.5,0.00962799797675692
CD8 T cells_intratumor_VEGF,3133.0,0.01068552458552809
CD8 T cells_tumorfront_CD36,3132.0,0.011413275256443835
Tumor proliferating_intratumor_pCREB,3125.0,0.012334595200474384
Fibroblasts_stromal_CD44,3120.0,0.013118979130406144
CD8 T cells_intratumor_pSTAT1,3109.0,0.013995086172870461
B cells_tumorfront_CD44,3092.5,0.014159958964244513
Tumor non-proliferating_tumorfront_GranzymeB,3111.0,0.014535726102574026
Myeloid M2 macrophages_stromal_CD44,3107.0,0.015207129752549753
CD8 T cells_intratumor_pSTAT3,3102.0,0.015300911323942892
CD4 T cells regulatory_tumorfront_pSTAT1,3100.5,0.015563081168250656
Tumor proliferating_intratumor_VEGF,3100.0,0.016386061642167875
CD8 T cells_intratumor_pNFkB,3088.0,0.017907121320056077
B cells_tumorfront_pSTAT3,3065.0,0.018216049320594854
Vessel_stromal_CD44,3086.0,0.01920225658778133
CD8 T cells_tumorfront_GranzymeB,3083.0,0.019831190944000796
CD4 T cells regulatory_tumorfront_pMAPKAPK2,3080.0,0.0199093107851856
CD8 T cells_intratumor_E-Cadherin,3075.0,0.020667382003798564
CD8 T cells_intratumor_pCREB,3075.0,0.020667382003798564
B cells_tumorfront_pp38,3059.5,0.020696165098110196
CD4 T cells regulatory_tumorfront_CD36,3075.0,0.02096251945601659
Tumor non-proliferating_stromal_E-Cadherin,1960.0,0.023546427315170045
Tumor proliferating_intratumor_CD36,3063.0,0.024518168437647574
CD8 T cells_intratumor_GranzymeB,3049.0,0.027317375699721338
Tumor proliferating_intratumor_pNFkB,3052.0,0.027529082021189595
Myeloid M1 macrophages_stromal_CD44,3048.0,0.02879417999630701
Fibroblasts_tumorfront_pERK,1982.0,0.030321863783979493
CD4 T cells naive_tumorfront_E-Cadherin,3039.0,0.03135673934365647
CD4 T cells memory_tumorfront_CD36,3032.5,0.033751371009954866
CD8 T cells_intratumor_CD44,3027.0,0.03431346532359494
B cells_tumorfront_CD36,3010.0,0.03503148154085203
Tumor non-proliferating_stromal_VEGF,1998.5,0.035300571794652146
CD8 T cells_intratumor_Ki67,3016.0,0.038222000832536386
Tumor proliferating_tumorfront_E-Cadherin,3018.0,0.03903495866979985
Tumor proliferating_tumorfront_pCREB,3015.0,0.04021264972079261
CD8 T cells_tumorfront_E-Cadherin,3012.0,0.04141437002988325
Tumor non-proliferating_intratumor_pCREB,2999.0,0.047027435910967565
B cells_stromal_pSTAT1,2998.0,0.04707168840700643
Myeloid Granulocytes_stromal_pERK,2027.0,0.04743185783326324
CD8 T cells_intratumor_pERK,2994.0,0.04764817579234901
Tumor non-proliferating_stromal_Ki67,2033.0,0.04872263180591939
B cells_tumorfront_VEGF,2978.5,0.04877113995641112
Tumor proliferating_intratumor_pp38,2992.0,0.05016001226831378
CD8 T cells_intratumor_pp38,2987.0,0.05097731217451967
Tumor non-proliferating_stromal_pS6,2037.0,0.051679234703320746
Myeloid Granulocytes_tumorfront_Ki67,2046.5,0.056536102829270594
B cells_stromal_CD36,2976.0,0.05801511727277066
CD4 T cells regulatory_stromal_CD36,2973.0,0.0599158166151218
CD4 T cells regulatory_tumorfront_pSTAT3,2964.0,0.06331550929722626
CD4 T cells naive_tumorfront_VEGF,2966.0,0.06377024595759827
B cells_tumorfront_pNFkB,2949.5,0.06462807705793094
Myeloid Granulocytes_tumorfront_GranzymeB,2067.0,0.06865529612868107
Tumor non-proliferating_intratumor_VEGF,2956.0,0.07024427273131242
CD4 T cells regulatory_tumorfront_pCREB,2951.0,0.07211525180036493
Tumor proliferating_intratumor_pSTAT1,2950.0,0.07395981253806813
Myeloid DCs_tumorfront_CD36,2947.0,0.0753373600472781
CD8 T cells_tumorfront_Ki67,2947.0,0.07611118958728148
Myeloid Granulocytes_tumorfront_pMAPKAPK2,2943.0,0.07846524455443737
B cells_tumorfront_pMAPKAPK2,2924.0,0.08244915011992875
CD8 T cells_intratumor_pS6,2934.0,0.08301644066749826
CD4 T cells regulatory_stromal_pMAPKAPK2,2935.0,0.08434893424262094
Tumor non-proliferating_intratumor_E-Cadherin,2934.0,0.08535455224112294
Myeloid Granulocytes_tumorfront_CD44,2930.0,0.08798542265166845
CD4 T cells naive_tumorfront_pSTAT1,2928.5,0.08892189226237221
B cells_stromal_pp38,2927.0,0.09008089374973492
CD8 T cells_tumorfront_VEGF,2925.0,0.09222069456227074
Vessel_stromal_Ki67,2103.0,0.09464460919854581
B cells_stromal_pMAPKAPK2,2917.0,0.09812145432211902
Tumor non-proliferating_intratumor_GranzymeB,2917.0,0.09874722013283484
Tumor non-proliferating_intratumor_CD44,2109.0,0.09958453626679445
Myeloid Monocytes_tumorfront_CD44,2914.5,0.10083862373792987
Fibroblasts_stromal_pERK,2111.0,0.1012761549121681
CD4 T cells naive_stromal_VEGF,2913.0,0.10196702337898725
CD4 T cells regulatory_tumorfront_pNFkB,2909.0,0.10379194200530964
B cells_tumorfront_pSTAT1,2894.5,0.104942424917382
CD4 T cells memory_stromal_CD36,2908.5,0.10604262757291875
Tumor non-proliferating_intratumor_pS6,2907.0,0.1073776916385408
CD8 T cells_intratumor_pMAPKAPK2,2903.0,0.10831675845992009
CD4 T cells naive_tumorfront_pp38,2901.0,0.11233441234637555
B cells_stromal_VEGF,2899.0,0.11403007235749439
Vessel_stromal_pERK,2127.0,0.11564621846289004
B cells_tumorfront_E-Cadherin,2883.5,0.11678166519932537
Tumor non-proliferating_tumorfront_pCREB,2890.0,0.1234089605278072
CD4 T cells regulatory_tumorfront_pp38,2886.5,0.12431909714827175
B cells_stromal_pSTAT3,2887.0,0.12561786174279513
B cells_tumorfront_GranzymeB,2874.0,0.12716489116243995
Tumor non-proliferating_tumorfront_pS6,2884.0,0.12949350954479288
CD4 T cells naive_stromal_CD36,2880.0,0.13349228148246
Myeloid M1 macrophages_tumorfront_CD44,2879.0,0.13473937636627098
B cells_tumorfront_pERK,2861.0,0.13832573184766597
Myeloid M1 macrophages_stromal_CD36,2875.0,0.13905347421636155
Tumor non-proliferating_tumorfront_E-Cadherin,2875.0,0.13905388828905227
B cells_stromal_E-Cadherin,2872.0,0.14161760247649266
B cells_stromal_pNFkB,2871.0,0.14273011857733467
CD4 T cells naive_tumorfront_pSTAT3,2871.0,0.1428271589679657
B cells_tumorfront_pCREB,2857.0,0.14607232565047876
Myeloid Granulocytes_stromal_E-Cadherin,2868.5,0.1461691875934699
CD4 T cells naive_stromal_pp38,2865.0,0.15010960460641032
CD4 T cells regulatory_tumorfront_pERK,2862.0,0.1512227443385343
Tumor proliferating_intratumor_CD44,2862.0,0.15356947242066862
CD4 T cells memory_tumorfront_pp38,2858.5,0.1579654185653322
Vessel_tumorfront_pERK,2167.0,0.15858325272704554
Vessel_tumorfront_pS6,2168.0,0.15979364183881706
CD4 T cells naive_tumorfront_pNFkB,2855.0,0.16164973372128966
Tumor non-proliferating_tumorfront_Ki67,2850.0,0.1684627150095639
CD4 T cells naive_stromal_pSTAT1,2842.0,0.17858989861202668
Tumor non-proliferating_intratumor_CD36,2842.0,0.1787970982650584
Myeloid M2 macrophages_tumorfront_CD44,2840.0,0.1814272704637092
Myeloid DCs_tumorfront_pCREB,2839.0,0.18159745218134637
CD4 T cells naive_stromal_pSTAT3,2838.0,0.18392864284562327
Tumor proliferating_tumorfront_pS6,2838.0,0.18411210422415292
Myeloid Monocytes_tumorfront_CD36,2834.5,0.1888908931553458
CD8 T cells_tumorfront_pp38,2833.0,0.19093967859731398
Fibroblasts_tumorfront_CD44,2828.0,0.19800486742832812
CD4 T cells naive_tumorfront_pMAPKAPK2,2827.0,0.19880556292632723
Tumor proliferating_intratumor_pS6,2825.0,0.20204539537684363
CD8 T cells_tumorfront_pS6,2825.0,0.2022705790979643
Vessel_stromal_pS6,2200.0,0.20231030138216133
CD4 T cells memory_stromal_pSTAT3,2823.5,0.20448368496129377
Tumor proliferating_intratumor_Ki67,2822.0,0.20641708678637172
B cells_tumorfront_pS6,2811.0,0.20796671801755562
Myeloid Granulocytes_stromal_CD36,2821.0,0.20805159611852353
Myeloid Monocytes_stromal_pp38,2821.0,0.2081545502811759
CD8 T cells_tumorfront_pNFkB,2819.0,0.2110848640994103
Tumor non-proliferating_stromal_pSTAT1,2208.0,0.21173387856519332
CD4 T cells naive_stromal_E-Cadherin,2818.0,0.21240265111992318
CD4 T cells naive_stromal_pMAPKAPK2,2818.0,0.21240265111992318
CD8 T cells_tumorfront_pCREB,2816.0,0.2155947460950547
Myeloid Monocytes_tumorfront_pSTAT1,2813.0,0.22018715923359466
Tumor non-proliferating_intratumor_pNFkB,2813.0,0.2202142320821242
Tumor proliferating_tumorfront_GranzymeB,2810.0,0.2248354521757714
Myeloid M2 macrophages_stromal_pS6,2215.0,0.2248607149438241
CD4 T cells regulatory_stromal_pS6,2216.0,0.2260965554856007
Myeloid M1 macrophages_stromal_pERK,2217.0,0.2279998135220327
CD4 T cells regulatory_tumorfront_VEGF,2804.0,0.23192736303938954
Tumor non-proliferating_stromal_pp38,2221.0,0.23215711178738263
CD4 T cells memory_stromal_pMAPKAPK2,2803.5,0.23516882373391934
CD4 T cells regulatory_stromal_E-Cadherin,2800.0,0.24052710005183087
CD4 T cells memory_tumorfront_pSTAT1,2799.0,0.24247783679360513
Myeloid DCs_tumorfront_CD44,2793.0,0.2512336620460828
Fibroblasts_stromal_pS6,2234.0,0.2559335359875301
Tumor proliferating_tumorfront_VEGF,2788.0,0.26107183507637344
Tumor non-proliferating_stromal_pCREB,2239.0,0.2634300413594505
CD4 T cells memory_stromal_E-Cadherin,2784.5,0.26721272789919726
CD8 T cells_stromal_pS6,2245.0,0.2752174112729002
CD4 T cells regulatory_tumorfront_Ki67,2774.5,0.28058342019891114
Myeloid Granulocytes_stromal_pMAPKAPK2,2776.0,0.28237252271110425
Fibroblasts_stromal_CD36,2775.0,0.2843175830269441
B cells_stromal_pCREB,2774.0,0.2852640277016876
CD8 T cells_stromal_CD36,2774.0,0.28614961529326366
Myeloid Monocytes_stromal_pSTAT3,2774.0,0.2861576935197512
Myeloid Granulocytes_stromal_pp38,2773.0,0.2877799504424886
CD4 T cells memory_stromal_pS6,2253.5,0.29079519619027816
CD4 T cells naive_stromal_pNFkB,2771.0,0.2915042454960777
Myeloid M2 macrophages_stromal_CD36,2771.0,0.29173237686858366
Tumor non-proliferating_stromal_CD44,2258.5,0.29874675247351645
Tumor proliferating_tumorfront_CD36,2767.0,0.2992517854271276
Myeloid Granulocytes_tumorfront_pCREB,2766.0,0.3006086734277277
Myeloid M2 macrophages_stromal_E-Cadherin,2766.0,0.30118472115403994
Myeloid Granulocytes_tumorfront_CD36,2760.0,0.3122172619201262
Tumor proliferating_intratumor_GranzymeB,2759.0,0.3144749866586549
CD4 T cells regulatory_stromal_VEGF,2758.0,0.3163852782977924
Tumor proliferating_tumorfront_pSTAT1,2756.0,0.32063617959467694
CD4 T cells memory_tumorfront_VEGF,2753.5,0.3256831213649465
Myeloid M2 macrophages_stromal_pERK,2273.5,0.32973521887717105
Tumor non-proliferating_intratumor_Ki67,2274.0,0.33075519015003463
CD4 T cells naive_tumorfront_Ki67,2749.0,0.33393638927240865
Myeloid Granulocytes_tumorfront_pS6,2746.0,0.3404377797201338
Tumor proliferating_intratumor_pMAPKAPK2,2746.0,0.3407317465959726
Myeloid M1 macrophages_tumorfront_pERK,2280.0,0.34309092261919727
CD4 T cells regulatory_stromal_pSTAT3,2744.0,0.3445024513704905
Myeloid Monocytes_stromal_pSTAT1,2744.0,0.3451655850142794
Myeloid Monocytes_stromal_pS6,2283.0,0.34936637018561056
CD4 T cells memory_stromal_pp38,2741.5,0.35041654693038116
Myeloid Granulocytes_tumorfront_pp38,2741.0,0.3508046167630463
CD8 T cells_stromal_pMAPKAPK2,2738.0,0.35784024120238345
CD4 T cells regulatory_stromal_pCREB,2735.0,0.36395404814663646
CD8 T cells_tumorfront_pSTAT3,2731.0,0.37296044064022493
Myeloid M2 macrophages_tumorfront_CD36,2731.0,0.37297446622665664
Tumor non-proliferating_stromal_pMAPKAPK2,2296.0,0.37593661138686596
CD4 T cells memory_stromal_Ki67,2729.0,0.37739366207907277
Tumor non-proliferating_intratumor_pSTAT1,2728.0,0.3796161853083463
Tumor non-proliferating_stromal_pNFkB,2299.0,0.3826027526444724
Myeloid M1 macrophages_stromal_E-Cadherin,2726.0,0.3840651034320226
Myeloid Granulocytes_tumorfront_VEGF,2725.0,0.38573338863826034
Tumor proliferating_intratumor_pSTAT3,2723.0,0.3905198179259425
Vessel_stromal_CD36,2302.0,0.3907980124017518
Myeloid M1 macrophages_tumorfront_Ki67,2722.0,0.3930561696407866
CD4 T cells memory_stromal_VEGF,2719.5,0.39873811196738074
CD4 T cells memory_tumorfront_GranzymeB,2716.5,0.4056126716050664
Myeloid Monocytes_stromal_GranzymeB,2313.0,0.41609041367326216
Myeloid Monocytes_tumorfront_GranzymeB,2711.5,0.4172475354659444
Myeloid DCs_tumorfront_VEGF,2710.0,0.41952341002041305
CD4 T cells naive_tumorfront_GranzymeB,2710.0,0.42014458764347207
Tumor non-proliferating_intratumor_pp38,2710.0,0.4207930274313477
CD8 T cells_stromal_pSTAT1,2707.0,0.4278924833220905
CD4 T cells memory_stromal_pSTAT1,2706.0,0.430277663457058
CD4 T cells regulatory_stromal_pp38,2705.0,0.4322124052252799
Fibroblasts_tumorfront_pS6,2320.0,0.4326801873496263
Vessel_tumorfront_CD44,2705.0,0.4326801873496263
Myeloid Monocytes_tumorfront_pNFkB,2702.5,0.43867913691636196
CD8 T cells_tumorfront_pMAPKAPK2,2702.0,0.439864561167178
Myeloid M1 macrophages_stromal_pp38,2702.0,0.4399048165944357
Fibroblasts_stromal_Ki67,2324.0,0.4423283219977079
CD4 T cells memory_tumorfront_pSTAT3,2698.0,0.4496178965278085
Myeloid M2 macrophages_tumorfront_pp38,2697.5,0.4508306404058099
Myeloid DCs_tumorfront_pS6,2697.0,0.45086233485488636
Myeloid Monocytes_stromal_VEGF,2697.0,0.45209648568158556
Tumor non-proliferating_tumorfront_VEGF,2696.0,0.4545598189683172
CD8 T cells_stromal_E-Cadherin,2695.0,0.45701935950290795
Myeloid M1 macrophages_tumorfront_CD36,2695.0,0.45702831916409936
CD4 T cells memory_tumorfront_pNFkB,2694.5,0.45824961145198595
Myeloid DCs_stromal_pMAPKAPK2,2693.0,0.46177565333042325
Myeloid M2 macrophages_stromal_pMAPKAPK2,2690.0,0.4694841427037577
Myeloid M1 macrophages_stromal_pS6,2337.0,0.4745209627227658
CD4 T cells naive_stromal_Ki67,2687.0,0.47679079542417
CD8 T cells_stromal_pERK,2338.0,0.4770402864474632
Myeloid M1 macrophages_stromal_pMAPKAPK2,2686.0,0.47958497514668397
Myeloid DCs_tumorfront_pERK,2685.0,0.4809311775801254
Myeloid Monocytes_tumorfront_E-Cadherin,2677.0,0.5027111425882897
B cells_stromal_Ki67,2676.5,0.5030085602619296
Tumor non-proliferating_tumorfront_pSTAT1,2676.0,0.5053444966220214
CD4 T cells regulatory_tumorfront_GranzymeB,2674.0,0.5083703428351871
Myeloid M1 macrophages_tumorfront_pSTAT1,2674.0,0.5105819317820428
Myeloid DCs_tumorfront_pSTAT3,2673.0,0.5114098563709788
CD4 T cells naive_stromal_pS6,2354.0,0.5182925641627696
B cells_stromal_GranzymeB,2669.0,0.5230280150678734
Myeloid DCs_tumorfront_pSTAT1,2668.0,0.525038814917216
Myeloid DCs_stromal_pSTAT3,2667.0,0.5289395111954971
Fibroblasts_tumorfront_pMAPKAPK2,2359.0,0.5318142634260747
CD4 T cells naive_tumorfront_pCREB,2665.0,0.5339288339752244
Tumor non-proliferating_stromal_CD36,2361.0,0.5360785502156391
Myeloid Monocytes_stromal_pMAPKAPK2,2664.0,0.5371895807371057
Myeloid DCs_stromal_E-Cadherin,2663.0,0.5396966520802011
Myeloid M2 macrophages_tumorfront_pSTAT3,2663.0,0.5398199172185913
CD8 T cells_tumorfront_pSTAT1,2663.0,0.539854328881896
B cells_tumorfront_Ki67,2655.0,0.5469850502419431
Myeloid M2 macrophages_tumorfront_GranzymeB,2660.0,0.5480031836668592
Myeloid M2 macrophages_tumorfront_pS6,2366.0,0.5507289101910458
Myeloid Monocytes_tumorfront_VEGF,2658.5,0.5520826051509822
Fibroblasts_tumorfront_CD36,2654.0,0.5644796196873876
CD4 T cells memory_tumorfront_E-Cadherin,2653.5,0.5658471093251289
Myeloid Granulocytes_stromal_VEGF,2653.0,0.5671285279197985
CD8 T cells_stromal_pSTAT3,2652.0,0.5700082035084819
Myeloid Monocytes_tumorfront_pSTAT3,2651.5,0.5713379540631369
Tumor proliferating_tumorfront_pp38,2651.5,0.5713706202519835
CD4 T cells memory_stromal_GranzymeB,2649.5,0.5769693287865616
CD4 T cells regulatory_stromal_pERK,2379.5,0.5876661141748929
CD8 T cells_stromal_Ki67,2645.0,0.5895821874261173
Myeloid M1 macrophages_stromal_pSTAT1,2645.0,0.5895958348704222
CD8 T cells_stromal_VEGF,2643.0,0.5952386989298971
Myeloid M1 macrophages_tumorfront_VEGF,2642.0,0.5980805556089578
Vessel_stromal_pNFkB,2383.0,0.5980809391549968
Myeloid Monocytes_tumorfront_pp38,2638.5,0.6080365361495159
Tumor non-proliferating_tumorfront_CD36,2638.0,0.6094798284339383
CD4 T cells regulatory_stromal_pNFkB,2637.0,0.6120401789792889
Myeloid DCs_tumorfront_GranzymeB,2636.0,0.614248720778998
Myeloid M1 macrophages_tumorfront_pS6,2392.0,0.6238622120458681
CD4 T cells regulatory_stromal_pSTAT1,2632.0,0.626344184298822
CD8 T cells_tumorfront_pERK,2632.0,0.6267263059292372
Vessel_tumorfront_pMAPKAPK2,2394.0,0.6296564850188734
Myeloid Monocytes_tumorfront_pERK,2395.5,0.6339152698954115
Myeloid DCs_stromal_GranzymeB,2629.0,0.6353120113333139
Vessel_stromal_pSTAT3,2396.0,0.6354732739649772
Myeloid DCs_stromal_pERK,2398.0,0.6411168066197679
Myeloid Granulocytes_stromal_pCREB,2627.0,0.6412357452431415
Tumor non-proliferating_tumorfront_pNFkB,2627.0,0.6413126426847384
Fibroblasts_tumorfront_pCREB,2398.5,0.6427756292107958
CD4 T cells naive_tumorfront_pS6,2399.0,0.6437782732897932
Myeloid M1 macrophages_stromal_GranzymeB,2399.0,0.6442406996497324
CD8 T cells_stromal_pp38,2624.0,0.65010652371241
Tumor non-proliferating_stromal_pSTAT3,2401.5,0.6503321679961918
Myeloid Granulocytes_stromal_pS6,2402.0,0.6529831430424178
Vessel_stromal_GranzymeB,2402.0,0.6530578996589023
Fibroblasts_tumorfront_E-Cadherin,2403.0,0.6560078463964377
Myeloid Monocytes_tumorfront_pCREB,2621.5,0.6574730778269702
Tumor non-proliferating_stromal_GranzymeB,2405.0,0.6608301638522889
Tumor proliferating_tumorfront_pNFkB,2620.0,0.6619052175547926
Fibroblasts_tumorfront_GranzymeB,2407.0,0.6678609813952384
Myeloid Monocytes_stromal_pERK,2408.5,0.6723243215966574
Myeloid M1 macrophages_tumorfront_GranzymeB,2616.0,0.6738186744632662
Fibroblasts_tumorfront_Ki67,2409.0,0.6738189965248078
Vessel_tumorfront_pSTAT3,2410.0,0.676805723972109
Myeloid DCs_stromal_VEGF,2612.0,0.685621622609036
Myeloid M1 macrophages_stromal_pSTAT3,2609.5,0.6933223217227262
CD4 T cells memory_tumorfront_pMAPKAPK2,2607.5,0.6993551141921394
Myeloid Granulocytes_stromal_pSTAT3,2607.0,0.7007707033699723
CD4 T cells memory_tumorfront_pCREB,2606.5,0.7023838820339972
Tumor proliferating_intratumor_pERK,2605.0,0.7067820038770796
Myeloid DCs_stromal_pNFkB,2605.0,0.7068128014894257
Myeloid DCs_stromal_pp38,2604.0,0.7097890834892071
Vessel_tumorfront_Ki67,2604.0,0.7099865695104823
Vessel_stromal_pCREB,2422.0,0.713031617117491
Myeloid Monocytes_stromal_CD36,2601.0,0.7191342811182985
Tumor non-proliferating_tumorfront_pp38,2601.0,0.7191354084082076
Myeloid M1 macrophages_stromal_pCREB,2601.0,0.7191354084082076
Fibroblasts_stromal_E-Cadherin,2601.0,0.7191354084082076
Myeloid Granulocytes_tumorfront_E-Cadherin,2600.5,0.7202904641446392
Tumor non-proliferating_tumorfront_pERK,2426.0,0.7252571659493606
CD4 T cells memory_stromal_pERK,2426.5,0.7267876226516671
Myeloid Monocytes_tumorfront_Ki67,2597.0,0.7312448903469135
Myeloid Monocytes_tumorfront_pS6,2596.5,0.7329246630362747
Fibroblasts_tumorfront_pNFkB,2429.0,0.7344727066103716
Myeloid M1 macrophages_tumorfront_pCREB,2594.0,0.7406375475280598
Tumor non-proliferating_intratumor_pSTAT3,2594.0,0.7406378095067281
Myeloid M2 macrophages_stromal_pSTAT3,2593.0,0.7437256105339823
CD4 T cells memory_stromal_pNFkB,2592.5,0.745270040524227
Myeloid M2 macrophages_tumorfront_pMAPKAPK2,2434.0,0.7499024786123298
Myeloid DCs_tumorfront_pp38,2590.0,0.752364234014514
Myeloid DCs_stromal_Ki67,2590.0,0.7526312930856462
Vessel_tumorfront_pCREB,2435.0,0.7530177503317694
Myeloid Granulocytes_stromal_pNFkB,2437.0,0.7591428090003495
Vessel_tumorfront_pSTAT1,2587.0,0.7623447642103577
Myeloid DCs_tumorfront_pNFkB,2585.0,0.7679671941846834
Myeloid M1 macrophages_tumorfront_pp38,2585.0,0.7685818624478126
Myeloid DCs_tumorfront_E-Cadherin,2440.5,0.769456074144407
CD4 T cells regulatory_tumorfront_pS6,2584.0,0.7706537921441288
Myeloid M2 macrophages_tumorfront_VEGF,2584.0,0.7716933952774283
Myeloid M2 macrophages_tumorfront_pNFkB,2441.0,0.7716933952774283
Vessel_tumorfront_CD36,2584.0,0.7717064202181546
Myeloid M2 macrophages_stromal_Ki67,2583.5,0.7732676635956357
Vessel_stromal_pMAPKAPK2,2446.0,0.7873826701434636
CD4 T cells memory_tumorfront_Ki67,2578.5,0.7889476030456208
Myeloid Monocytes_tumorfront_pMAPKAPK2,2577.5,0.792095264730061
Myeloid Monocytes_stromal_pNFkB,2577.0,0.7936769215121982
Tumor non-proliferating_intratumor_pERK,2577.0,0.7936777667165233
Myeloid DCs_stromal_pCREB,2574.0,0.8030535593110808
Myeloid M1 macrophages_stromal_Ki67,2451.0,0.8031455458845858
Myeloid M2 macrophages_tumorfront_pERK,2453.0,0.8094626146677044
Myeloid M2 macrophages_tumorfront_pSTAT1,2455.0,0.8157913492502586
Tumor non-proliferating_tumorfront_CD44,2455.0,0.8158140964054512
Tumor non-proliferating_tumorfront_pMAPKAPK2,2456.0,0.8189889104856449
Fibroblasts_stromal_pp38,2569.0,0.8189889104856449
Myeloid M2 macrophages_tumorfront_E-Cadherin,2567.5,0.8237414261564182
Myeloid DCs_stromal_pS6,2459.0,0.8284504397599245
Myeloid Monocytes_stromal_pCREB,2566.0,0.828530266256792
Fibroblasts_stromal_VEGF,2566.0,0.8285309737539037
Tumor proliferating_tumorfront_CD44,2565.0,0.8317076395348084
Tumor non-proliferating_tumorfront_pSTAT3,2461.0,0.8349065282918153
Myeloid Granulocytes_stromal_pSTAT1,2563.0,0.8380046417583208
Myeloid M2 macrophages_stromal_VEGF,2563.0,0.8380977378099757
Myeloid M1 macrophages_stromal_VEGF,2563.0,0.8380984069844041
Tumor proliferating_tumorfront_pSTAT3,2463.0,0.8412732584194402
Tumor proliferating_tumorfront_pMAPKAPK2,2562.0,0.8412837625532735
Myeloid Monocytes_stromal_E-Cadherin,2561.0,0.8444894685941776
Tumor proliferating_tumorfront_pERK,2465.0,0.8476810074998344
Vessel_tumorfront_pNFkB,2465.0,0.8476898359718075
Myeloid M1 macrophages_tumorfront_E-Cadherin,2559.0,0.8508919178893659
Myeloid M2 macrophages_stromal_pNFkB,2467.0,0.8540961648219736
Myeloid M2 macrophages_stromal_GranzymeB,2468.0,0.8573032841895192
Myeloid M2 macrophages_tumorfront_Ki67,2555.0,0.8636846527696249
Vessel_stromal_E-Cadherin,2471.0,0.866939131655077
B cells_stromal_pS6,2553.0,0.8699158869497273
Vessel_tumorfront_pp38,2553.0,0.8701553557704149
Myeloid M1 macrophages_tumorfront_pMAPKAPK2,2552.0,0.8733735974424709
Vessel_stromal_VEGF,2552.0,0.8733737290019297
Fibroblasts_stromal_pMAPKAPK2,2551.0,0.8765941990043683
Myeloid Granulocytes_tumorfront_pNFkB,2550.0,0.87962379427035
Vessel_tumorfront_GranzymeB,2476.0,0.883041219422788
Myeloid M2 macrophages_stromal_pCREB,2477.0,0.8862671912021225
Myeloid DCs_stromal_pSTAT1,2546.5,0.8910336705423478
CD8 T cells_stromal_pNFkB,2480.0,0.8959559391073131
CD4 T cells memory_tumorfront_pS6,2544.5,0.89757099535747
Vessel_tumorfront_E-Cadherin,2544.0,0.8991917803805517
Vessel_tumorfront_VEGF,2481.0,0.8991917803805517
CD4 T cells regulatory_stromal_GranzymeB,2543.0,0.90234401405123
CD4 T cells naive_stromal_GranzymeB,2542.0,0.9056193010147479
Fibroblasts_stromal_GranzymeB,2483.0,0.9056640972302695
Fibroblasts_tumorfront_pSTAT1,2542.0,0.9056640972302695
CD4 T cells memory_tumorfront_pERK,2541.0,0.908894650253278
Myeloid Granulocytes_tumorfront_pSTAT1,2540.0,0.9119033336271325
Myeloid M1 macrophages_tumorfront_pNFkB,2540.0,0.9121423193248848
Vessel_stromal_pSTAT1,2485.0,0.9121426860623649
Vessel_stromal_pp38,2487.0,0.9186271197897669
Fibroblasts_stromal_pCREB,2489.0,0.9251169701589059
Fibroblasts_tumorfront_pp38,2536.0,0.9251169701589059
B cells_stromal_pERK,2535.0,0.9282117968794532
CD4 T cells regulatory_stromal_Ki67,2534.0,0.9315014601172099
Myeloid M2 macrophages_tumorfront_pCREB,2492.0,0.9348571484935344
Fibroblasts_tumorfront_VEGF,2531.5,0.9397366496338359
Myeloid DCs_tumorfront_pMAPKAPK2,2531.0,0.941202363648765
CD4 T cells naive_stromal_pCREB,2530.0,0.9445883416449911
Myeloid M2 macrophages_stromal_pp38,2530.0,0.9446144911090192
Myeloid DCs_tumorfront_Ki67,2496.0,0.947688278015055
Myeloid Granulocytes_tumorfront_pERK,2496.5,0.9494009550645259
CD4 T cells naive_stromal_pERK,2497.0,0.9510986469168752
Tumor proliferating_tumorfront_Ki67,2500.0,0.9608864433781216
CD4 T cells memory_stromal_pCREB,2501.5,0.9657740722286923
Myeloid M1 macrophages_tumorfront_pSTAT3,2523.0,0.9674031533926121
CD8 T cells_stromal_pCREB,2503.0,0.9706607952395325
Myeloid M1 macrophages_stromal_pNFkB,2522.0,0.9706614098002738
Fibroblasts_stromal_pSTAT3,2520.0,0.9771790643455975
Fibroblasts_stromal_pNFkB,2507.0,0.9836982428624989
Myeloid Granulocytes_tumorfront_pSTAT3,2517.0,0.9869400565720822
Fibroblasts_tumorfront_pSTAT3,2517.0,0.986958267619119
Tumor non-proliferating_intratumor_pMAPKAPK2,2517.0,0.986958267619119
Myeloid DCs_stromal_CD36,2516.0,0.9902127659233393
CD4 T cells naive_tumorfront_pERK,2510.0,0.9934667816448898
Fibroblasts_stromal_pSTAT1,2510.0,0.9934789160175164
CD8 T cells_stromal_GranzymeB,2511.0,0.9967393624535736
Myeloid Monocytes_stromal_Ki67,2511.0,0.9967393966191888
Myeloid M2 macrophages_stromal_pSTAT1,2514.0,0.9967394171180423
