,Fold selected features,Fold nb of features
Fold 0,"['CD4 T cells naive_stromal_CD44', 'CD4 T cells regulatory_stromal_CD44', 'B cells_stromal_CD44', 'Myeloid Granulocytes_stromal_GranzymeB', 'Myeloid Granulocytes_stromal_Ki67', 'Myeloid Granulocytes_stromal_pERK', 'Tumor proliferating_tumorfront_area', 'CD4 T cells naive_stromal_area', 'CD4 T cells regulatory_tumorfront_eccentricity', 'CD8 T cells_stromal_eccentricity', 'Tumor non-proliferating_tumorfront_celldistance', 'CD4 T cells naive_tumorfront_celldistance']",12
Fold 1,"['Tumor non-proliferating_intratumor_cellfrequency', 'Myeloid M1 macrophages_intratumor_cellfrequency', 'Myeloid Granulocytes_stromal_GranzymeB', 'Tumor proliferating_tumorfront_area', 'CD4 T cells naive_stromal_area', 'CD8 T cells_intratumor_area', 'Fibroblasts_tumorfront_eccentricity', 'Tumor non-proliferating_tumorfront_celldistance', 'Myeloid M1 macrophages_tumorfront_celldistance', 'Myeloid Monocytes_tumorfront_celldistance', 'CD4 T cells naive_tumorfront_aggregatedNeighbors.CD8.T.cells', 'Myeloid M1 macrophages_tumorfront_aggregatedNeighbors.CD4.T.cells.memory', 'Myeloid M2 macrophages_stromal_aggregatedNeighbors.CD4.T.cells.memory', 'Myeloid M2 macrophages_tumorfront_aggregatedNeighbors.Myeloid.M2.macrophages']",14
Fold 2,"['Tumor non-proliferating_intratumor_cellfrequency', 'Tumor non-proliferating_stromal_cellfrequency', 'Tumor proliferating_stromal_cellfrequency', 'Tumor proliferating_tumorfront_cellfrequency', 'Vessel_intratumor_cellfrequency', 'Vessel_tumorfront_cellfrequency', 'Fibroblasts_intratumor_cellfrequency', 'CD4 T cells memory_stromal_cellfrequency', 'CD4 T cells memory_tumorfront_cellfrequency', 'CD4 T cells regulatory_tumorfront_cellfrequency', 'B cells_intratumor_cellfrequency', 'Myeloid M1 macrophages_intratumor_cellfrequency', 'Myeloid DCs_tumorfront_cellfrequency', 'Myeloid Monocytes_stromal_cellfrequency', 'Tumor non-proliferating_stromal_pERK', 'Tumor non-proliferating_stromal_pS6', 'CD4 T cells naive_stromal_CD44', 'Myeloid Granulocytes_stromal_GranzymeB', 'CD4 T cells naive_stromal_area', 'CD8 T cells_intratumor_area', 'Fibroblasts_stromal_eccentricity', 'Tumor non-proliferating_tumorfront_celldistance', 'Vessel_tumorfront_celldistance', 'Myeloid Monocytes_tumorfront_celldistance']",24
Fold 3,"['Tumor non-proliferating_intratumor_cellfrequency', 'Tumor proliferating_stromal_cellfrequency', 'Vessel_tumorfront_cellfrequency', 'CD4 T cells memory_tumorfront_cellfrequency', 'B cells_intratumor_cellfrequency', 'Myeloid M1 macrophages_intratumor_cellfrequency', 'CD4 T cells naive_stromal_CD44', 'Myeloid M1 macrophages_stromal_pERK', 'Myeloid Granulocytes_stromal_Ki67', 'Tumor non-proliferating_intratumor_area', 'CD4 T cells naive_stromal_area', 'Tumor non-proliferating_tumorfront_celldistance', 'Myeloid Monocytes_tumorfront_celldistance', 'Myeloid DCs_stromal_aggregatedNeighbors.Vessel']",14
Fold 4,"['Tumor non-proliferating_intratumor_cellfrequency', 'Tumor proliferating_tumorfront_cellfrequency', 'Vessel_stromal_cellfrequency', 'Myeloid M1 macrophages_stromal_cellfrequency', 'Tumor non-proliferating_stromal_pERK', 'Fibroblasts_stromal_pERK', 'CD4 T cells regulatory_stromal_CD44', 'Myeloid Granulocytes_stromal_GranzymeB', 'Myeloid Granulocytes_stromal_CD44', 'Vessel_tumorfront_eccentricity', 'Myeloid M1 macrophages_tumorfront_celldistance', 'Tumor non-proliferating_stromal_aggregatedNeighbors.Myeloid.Granulocytes', 'CD8 T cells_intratumor_aggregatedNeighbors.CD8.T.cells', 'CD8 T cells_stromal_aggregatedNeighbors.Tumor.non.proliferating', 'CD8 T cells_tumorfront_aggregatedNeighbors.Myeloid.M1.macrophages', 'Myeloid M1 macrophages_tumorfront_aggregatedNeighbors.CD4.T.cells.memory', 'Myeloid M2 macrophages_stromal_aggregatedNeighbors.CD4.T.cells.memory', 'Myeloid M2 macrophages_tumorfront_aggregatedNeighbors.CD4.T.cells.regulatory', 'Myeloid M2 macrophages_tumorfront_aggregatedNeighbors.Myeloid.M2.macrophages', 'Myeloid Granulocytes_stromal_aggregatedNeighbors.Fibroblasts', 'Myeloid Granulocytes_stromal_aggregatedNeighbors.Myeloid.M1.macrophages']",21
Fold 5,"['Tumor non-proliferating_intratumor_cellfrequency', 'Vessel_tumorfront_cellfrequency', 'CD4 T cells naive_stromal_CD44', 'Myeloid Granulocytes_stromal_GranzymeB', 'Myeloid Granulocytes_tumorfront_GranzymeB', 'Tumor proliferating_tumorfront_area', 'CD4 T cells naive_stromal_area', 'CD4 T cells memory_stromal_area', 'Tumor non-proliferating_tumorfront_celldistance', 'Myeloid Monocytes_tumorfront_celldistance']",10
Fold 6,"['Tumor non-proliferating_intratumor_cellfrequency', 'Myeloid M1 macrophages_stromal_cellfrequency', 'CD4 T cells regulatory_tumorfront_E-Cadherin', 'Tumor proliferating_intratumor_aggregatedNeighbors.CD8.T.cells', 'CD8 T cells_intratumor_aggregatedNeighbors.CD8.T.cells', 'Myeloid M1 macrophages_tumorfront_aggregatedNeighbors.CD4.T.cells.memory', 'Myeloid M2 macrophages_tumorfront_aggregatedNeighbors.Myeloid.M2.macrophages', 'Myeloid Granulocytes_stromal_aggregatedNeighbors.CD8.T.cells', 'Myeloid Granulocytes_stromal_aggregatedNeighbors.Myeloid.M1.macrophages']",9
Fold 7,"['Tumor non-proliferating_intratumor_cellfrequency', 'Tumor proliferating_stromal_cellfrequency', 'Tumor proliferating_tumorfront_cellfrequency', 'Tumor non-proliferating_stromal_pS6', 'CD4 T cells naive_stromal_CD44', 'Myeloid Granulocytes_stromal_GranzymeB', 'Tumor non-proliferating_intratumor_area', 'Tumor proliferating_tumorfront_area', 'CD4 T cells naive_stromal_area', 'Myeloid M2 macrophages_stromal_eccentricity', 'Tumor non-proliferating_tumorfront_celldistance', 'CD4 T cells naive_tumorfront_celldistance', 'Myeloid M1 macrophages_tumorfront_celldistance']",13
Fold 8,"['Tumor non-proliferating_intratumor_cellfrequency', 'Tumor proliferating_stromal_cellfrequency', 'Vessel_tumorfront_cellfrequency', 'CD4 T cells memory_stromal_cellfrequency', 'Myeloid M1 macrophages_intratumor_cellfrequency', 'CD4 T cells naive_stromal_CD44', 'Myeloid Granulocytes_stromal_pERK', 'CD4 T cells naive_stromal_area', 'CD8 T cells_intratumor_area', 'Myeloid Monocytes_tumorfront_celldistance']",10
Fold 9,"['Tumor non-proliferating_intratumor_cellfrequency', 'CD4 T cells memory_tumorfront_cellfrequency', 'Myeloid M1 macrophages_intratumor_cellfrequency', 'Tumor non-proliferating_intratumor_area', 'Tumor proliferating_tumorfront_area', 'CD4 T cells naive_stromal_area', 'B cells_stromal_area', 'Vessel_tumorfront_eccentricity', 'Tumor non-proliferating_tumorfront_celldistance']",9
Fold 10,"['Tumor non-proliferating_intratumor_cellfrequency', 'Tumor proliferating_tumorfront_cellfrequency', 'Myeloid M1 macrophages_intratumor_cellfrequency', 'Tumor non-proliferating_stromal_pERK', 'CD4 T cells naive_stromal_CD44', 'CD4 T cells naive_stromal_area', 'Vessel_tumorfront_eccentricity', 'Fibroblasts_tumorfront_eccentricity', 'Myeloid Monocytes_tumorfront_celldistance']",9
Fold 11,"['Tumor non-proliferating_intratumor_cellfrequency', 'Tumor proliferating_stromal_cellfrequency', 'Vessel_tumorfront_cellfrequency', 'CD4 T cells memory_stromal_cellfrequency', 'Myeloid M1 macrophages_intratumor_cellfrequency', 'Tumor non-proliferating_stromal_pS6', 'CD4 T cells regulatory_stromal_CD44', 'Myeloid Granulocytes_stromal_GranzymeB', 'Myeloid Granulocytes_stromal_Ki67', 'Tumor non-proliferating_intratumor_area', 'CD4 T cells naive_stromal_area', 'CD4 T cells memory_stromal_area', 'Tumor non-proliferating_tumorfront_celldistance', 'Myeloid M1 macrophages_tumorfront_celldistance', 'Myeloid Monocytes_tumorfront_celldistance']",15
Fold 12,"['Tumor non-proliferating_intratumor_cellfrequency', 'CD4 T cells regulatory_tumorfront_cellfrequency', 'Myeloid Granulocytes_stromal_GranzymeB', 'Tumor non-proliferating_stromal_aggregatedNeighbors.Myeloid.Granulocytes', 'CD4 T cells naive_tumorfront_aggregatedNeighbors.CD8.T.cells', 'Myeloid M1 macrophages_tumorfront_aggregatedNeighbors.CD4.T.cells.memory', 'Myeloid M2 macrophages_stromal_aggregatedNeighbors.CD4.T.cells.memory', 'Myeloid M2 macrophages_tumorfront_aggregatedNeighbors.Tumor.non.proliferating', 'Myeloid M2 macrophages_tumorfront_aggregatedNeighbors.CD4.T.cells.naive', 'Myeloid M2 macrophages_tumorfront_aggregatedNeighbors.CD4.T.cells.regulatory', 'Myeloid M2 macrophages_tumorfront_aggregatedNeighbors.Myeloid.M2.macrophages', 'Myeloid Granulocytes_stromal_aggregatedNeighbors.Myeloid.M1.macrophages', 'Myeloid DCs_stromal_aggregatedNeighbors.Myeloid.Monocytes']",13
Fold 13,"['Tumor non-proliferating_intratumor_cellfrequency', 'Vessel_tumorfront_cellfrequency', 'CD4 T cells memory_tumorfront_cellfrequency', 'Tumor non-proliferating_stromal_pS6', 'CD4 T cells naive_stromal_CD44', 'CD4 T cells regulatory_tumorfront_E-Cadherin', 'Myeloid Granulocytes_stromal_GranzymeB', 'Myeloid Granulocytes_tumorfront_eccentricity', 'CD4 T cells naive_tumorfront_celldistance', 'Myeloid M1 macrophages_tumorfront_aggregatedNeighbors.CD4.T.cells.memory', 'Myeloid DCs_stromal_aggregatedNeighbors.Vessel']",11
Fold 14,"['Tumor non-proliferating_intratumor_cellfrequency', 'Vessel_tumorfront_cellfrequency', 'CD4 T cells naive_stromal_cellfrequency', 'Myeloid M1 macrophages_intratumor_cellfrequency']",4
Fold 15,"['Tumor non-proliferating_intratumor_cellfrequency', 'Tumor non-proliferating_stromal_cellfrequency', 'Tumor proliferating_stromal_cellfrequency', 'Tumor proliferating_tumorfront_cellfrequency', 'Vessel_stromal_cellfrequency', 'Vessel_tumorfront_cellfrequency', 'Fibroblasts_intratumor_cellfrequency', 'CD4 T cells memory_stromal_cellfrequency', 'CD4 T cells regulatory_tumorfront_cellfrequency', 'B cells_intratumor_cellfrequency', 'B cells_tumorfront_cellfrequency', 'Myeloid M1 macrophages_intratumor_cellfrequency', 'Myeloid M1 macrophages_stromal_cellfrequency', 'Myeloid M1 macrophages_tumorfront_cellfrequency', 'CD4 T cells naive_stromal_CD44', 'Myeloid Granulocytes_stromal_GranzymeB', 'Tumor proliferating_tumorfront_area', 'CD4 T cells naive_stromal_area', 'CD8 T cells_intratumor_area', 'Vessel_tumorfront_eccentricity', 'Tumor non-proliferating_tumorfront_celldistance', 'Myeloid Monocytes_tumorfront_celldistance', 'Myeloid M2 macrophages_stromal_aggregatedNeighbors.CD4.T.cells.memory', 'Myeloid DCs_stromal_aggregatedNeighbors.Vessel']",24
Fold 16,"['Tumor non-proliferating_intratumor_cellfrequency', 'Tumor proliferating_stromal_cellfrequency', 'CD4 T cells memory_stromal_cellfrequency', 'CD4 T cells memory_tumorfront_cellfrequency', 'CD4 T cells regulatory_tumorfront_cellfrequency', 'Myeloid M1 macrophages_intratumor_cellfrequency', 'Myeloid Monocytes_stromal_cellfrequency', 'Tumor non-proliferating_stromal_pERK', 'Fibroblasts_stromal_pERK', 'CD4 T cells naive_stromal_CD44', 'Tumor non-proliferating_intratumor_area', 'Tumor proliferating_tumorfront_area', 'CD4 T cells naive_stromal_area', 'CD4 T cells naive_tumorfront_area', 'CD4 T cells regulatory_tumorfront_eccentricity', 'Tumor non-proliferating_tumorfront_celldistance', 'CD4 T cells naive_tumorfront_celldistance', 'Myeloid M1 macrophages_tumorfront_aggregatedNeighbors.CD4.T.cells.memory', 'Myeloid M2 macrophages_stromal_aggregatedNeighbors.CD4.T.cells.memory']",19
Fold 17,['Myeloid M2 macrophages_stromal_aggregatedNeighbors.CD4.T.cells.memory'],1
Fold 18,"['Tumor non-proliferating_intratumor_cellfrequency', 'Tumor proliferating_stromal_cellfrequency', 'Vessel_tumorfront_cellfrequency', 'Myeloid M1 macrophages_intratumor_cellfrequency', 'Tumor non-proliferating_intratumor_area', 'Tumor proliferating_tumorfront_area', 'Fibroblasts_stromal_area', 'CD4 T cells memory_stromal_area', 'Tumor non-proliferating_tumorfront_celldistance', 'Myeloid Monocytes_tumorfront_celldistance', 'Myeloid M2 macrophages_tumorfront_aggregatedNeighbors.CD4.T.cells.regulatory', 'Myeloid DCs_stromal_aggregatedNeighbors.Vessel']",12
Fold 19,"['Tumor non-proliferating_intratumor_cellfrequency', 'Vessel_tumorfront_cellfrequency', 'CD4 T cells naive_stromal_cellfrequency', 'Myeloid M1 macrophages_intratumor_cellfrequency', 'Myeloid M1 macrophages_tumorfront_cellfrequency', 'Tumor proliferating_tumorfront_area', 'CD4 T cells naive_stromal_area', 'CD4 T cells naive_tumorfront_area', 'CD8 T cells_intratumor_area', 'Fibroblasts_stromal_eccentricity', 'Myeloid Monocytes_tumorfront_celldistance', 'Tumor non-proliferating_stromal_aggregatedNeighbors.Myeloid.Granulocytes', 'Tumor proliferating_intratumor_aggregatedNeighbors.CD8.T.cells', 'Vessel_tumorfront_aggregatedNeighbors.Tumor.proliferating', 'Myeloid M1 macrophages_tumorfront_aggregatedNeighbors.CD4.T.cells.memory', 'Myeloid Granulocytes_stromal_aggregatedNeighbors.Myeloid.M1.macrophages', 'Myeloid DCs_stromal_aggregatedNeighbors.Myeloid.Monocytes']",17
Fold 20,"['Tumor non-proliferating_intratumor_cellfrequency', 'Tumor non-proliferating_tumorfront_cellfrequency', 'Tumor proliferating_stromal_cellfrequency', 'Tumor proliferating_tumorfront_cellfrequency', 'Vessel_stromal_cellfrequency', 'Vessel_tumorfront_cellfrequency', 'CD4 T cells memory_tumorfront_cellfrequency', 'CD4 T cells regulatory_tumorfront_cellfrequency', 'B cells_intratumor_cellfrequency', 'Myeloid M1 macrophages_intratumor_cellfrequency', 'Myeloid M1 macrophages_stromal_cellfrequency', 'Myeloid M2 macrophages_stromal_cellfrequency', 'Myeloid DCs_tumorfront_cellfrequency', 'Myeloid Monocytes_stromal_cellfrequency', 'Tumor non-proliferating_stromal_pERK', 'Myeloid Granulocytes_stromal_GranzymeB', 'Tumor non-proliferating_tumorfront_celldistance', 'Myeloid M1 macrophages_tumorfront_celldistance', 'Tumor non-proliferating_stromal_aggregatedNeighbors.Myeloid.Granulocytes', 'Vessel_stromal_aggregatedNeighbors.CD4.T.cells.memory', 'CD4 T cells naive_tumorfront_aggregatedNeighbors.CD8.T.cells', 'CD4 T cells regulatory_stromal_aggregatedNeighbors.B.cells', 'Myeloid M1 macrophages_tumorfront_aggregatedNeighbors.CD4.T.cells.memory', 'Myeloid M2 macrophages_stromal_aggregatedNeighbors.CD4.T.cells.memory', 'Myeloid M2 macrophages_tumorfront_aggregatedNeighbors.Tumor.non.proliferating', 'Myeloid M2 macrophages_tumorfront_aggregatedNeighbors.CD4.T.cells.regulatory', 'Myeloid Granulocytes_stromal_aggregatedNeighbors.Fibroblasts', 'Myeloid Granulocytes_stromal_aggregatedNeighbors.Myeloid.M1.macrophages', 'Myeloid DCs_stromal_aggregatedNeighbors.Vessel', 'Myeloid DCs_tumorfront_aggregatedNeighbors.CD4.T.cells.memory']",30
Fold 21,"['Tumor non-proliferating_intratumor_cellfrequency', 'Tumor non-proliferating_stromal_pERK', 'Fibroblasts_stromal_pERK', 'CD4 T cells naive_stromal_CD44', 'CD4 T cells regulatory_stromal_CD44', 'Myeloid Granulocytes_stromal_GranzymeB', 'Myeloid Granulocytes_stromal_Ki67', 'Myeloid DCs_stromal_CD44', 'Tumor non-proliferating_intratumor_area', 'Tumor proliferating_tumorfront_area', 'CD4 T cells naive_stromal_area', 'CD4 T cells memory_stromal_area', 'CD4 T cells regulatory_tumorfront_area', 'Tumor non-proliferating_tumorfront_eccentricity', 'Vessel_stromal_eccentricity', 'Vessel_tumorfront_eccentricity', 'Fibroblasts_tumorfront_eccentricity', 'Tumor non-proliferating_tumorfront_celldistance', 'Fibroblasts_tumorfront_celldistance', 'CD4 T cells naive_tumorfront_celldistance', 'B cells_tumorfront_celldistance', 'Myeloid Granulocytes_tumorfront_celldistance', 'Myeloid Monocytes_tumorfront_celldistance', 'CD8 T cells_intratumor_aggregatedNeighbors.CD8.T.cells', 'Myeloid M2 macrophages_stromal_aggregatedNeighbors.CD4.T.cells.memory', 'Myeloid M2 macrophages_tumorfront_aggregatedNeighbors.CD4.T.cells.naive', 'Myeloid M2 macrophages_tumorfront_aggregatedNeighbors.Myeloid.M2.macrophages']",27
Fold 22,"['Tumor non-proliferating_intratumor_cellfrequency', 'Vessel_tumorfront_cellfrequency', 'Myeloid M1 macrophages_intratumor_cellfrequency', 'CD4 T cells naive_stromal_CD44', 'Myeloid Granulocytes_stromal_GranzymeB', 'Tumor non-proliferating_intratumor_area', 'CD4 T cells naive_stromal_area', 'CD4 T cells memory_stromal_area', 'CD8 T cells_intratumor_area', 'Vessel_tumorfront_eccentricity', 'Myeloid Monocytes_tumorfront_celldistance', 'Myeloid M1 macrophages_tumorfront_aggregatedNeighbors.CD4.T.cells.memory']",12
Fold 23,"['Tumor non-proliferating_intratumor_cellfrequency', 'CD4 T cells memory_stromal_cellfrequency', 'Myeloid M1 macrophages_intratumor_cellfrequency', 'Tumor non-proliferating_intratumor_area', 'Tumor proliferating_tumorfront_area', 'CD4 T cells naive_stromal_area', 'CD4 T cells memory_stromal_area', 'Tumor non-proliferating_tumorfront_celldistance', 'CD4 T cells naive_tumorfront_celldistance', 'Myeloid Monocytes_tumorfront_celldistance']",10
Fold 24,"['Tumor non-proliferating_intratumor_cellfrequency', 'Tumor proliferating_stromal_cellfrequency', 'Tumor proliferating_tumorfront_cellfrequency', 'Vessel_tumorfront_cellfrequency', 'Myeloid M1 macrophages_stromal_cellfrequency', 'Tumor non-proliferating_stromal_pS6', 'CD4 T cells naive_stromal_CD44', 'Myeloid Granulocytes_stromal_GranzymeB', 'CD4 T cells naive_stromal_area', 'Myeloid M2 macrophages_stromal_eccentricity', 'Tumor non-proliferating_tumorfront_celldistance']",11
Fold 25,"['Tumor non-proliferating_intratumor_cellfrequency', 'Vessel_tumorfront_cellfrequency', 'CD4 T cells naive_stromal_area', 'Myeloid Monocytes_tumorfront_celldistance', 'CD8 T cells_intratumor_aggregatedNeighbors.CD8.T.cells', 'Myeloid M1 macrophages_tumorfront_aggregatedNeighbors.CD4.T.cells.memory']",6
Fold 26,"['Tumor non-proliferating_intratumor_cellfrequency', 'Tumor proliferating_stromal_cellfrequency', 'Vessel_stromal_cellfrequency', 'Vessel_tumorfront_cellfrequency', 'CD4 T cells regulatory_tumorfront_cellfrequency', 'Myeloid M1 macrophages_intratumor_cellfrequency', 'CD4 T cells naive_stromal_area', 'Tumor non-proliferating_tumorfront_celldistance']",8
Fold 27,"['Tumor non-proliferating_intratumor_cellfrequency', 'Tumor proliferating_stromal_cellfrequency', 'Vessel_stromal_cellfrequency', 'Myeloid M1 macrophages_intratumor_cellfrequency', 'Myeloid M1 macrophages_stromal_cellfrequency']",5
Fold 28,"['Tumor non-proliferating_intratumor_cellfrequency', 'Tumor proliferating_stromal_cellfrequency', 'Vessel_tumorfront_cellfrequency', 'Myeloid M1 macrophages_stromal_cellfrequency', 'Tumor non-proliferating_stromal_pERK', 'CD4 T cells naive_stromal_CD44', 'Myeloid Granulocytes_stromal_GranzymeB', 'Myeloid Granulocytes_stromal_Ki67', 'CD4 T cells naive_stromal_area', 'Tumor non-proliferating_tumorfront_celldistance', 'Tumor non-proliferating_stromal_aggregatedNeighbors.Myeloid.Granulocytes', 'Myeloid M1 macrophages_tumorfront_aggregatedNeighbors.CD4.T.cells.memory', 'Myeloid M2 macrophages_tumorfront_aggregatedNeighbors.Tumor.non.proliferating', 'Myeloid M2 macrophages_tumorfront_aggregatedNeighbors.Vessel', 'Myeloid M2 macrophages_tumorfront_aggregatedNeighbors.Myeloid.M2.macrophages', 'Myeloid DCs_stromal_aggregatedNeighbors.Vessel']",16
Fold 29,"['Tumor non-proliferating_intratumor_cellfrequency', 'Tumor proliferating_stromal_cellfrequency', 'Tumor proliferating_tumorfront_cellfrequency', 'Vessel_stromal_cellfrequency', 'Vessel_tumorfront_cellfrequency', 'Fibroblasts_intratumor_cellfrequency', 'CD4 T cells naive_stromal_cellfrequency', 'CD4 T cells regulatory_tumorfront_cellfrequency', 'B cells_intratumor_cellfrequency', 'Myeloid M1 macrophages_intratumor_cellfrequency', 'Myeloid M1 macrophages_tumorfront_cellfrequency', 'Myeloid M2 macrophages_stromal_cellfrequency', 'CD4 T cells naive_stromal_CD44', 'CD4 T cells regulatory_stromal_CD44', 'Myeloid Granulocytes_stromal_GranzymeB', 'Tumor proliferating_tumorfront_area', 'CD4 T cells naive_stromal_area', 'Tumor non-proliferating_tumorfront_celldistance', 'Myeloid Monocytes_tumorfront_celldistance', 'Myeloid M2 macrophages_stromal_aggregatedNeighbors.CD4.T.cells.memory', 'Myeloid M2 macrophages_tumorfront_aggregatedNeighbors.CD4.T.cells.naive', 'Myeloid M2 macrophages_tumorfront_aggregatedNeighbors.CD4.T.cells.regulatory']",22
Fold 30,"['Tumor non-proliferating_intratumor_cellfrequency', 'Tumor proliferating_tumorfront_area', 'CD4 T cells naive_stromal_area', 'CD4 T cells memory_stromal_area', 'Vessel_stromal_eccentricity', 'Tumor non-proliferating_tumorfront_celldistance', 'Myeloid M1 macrophages_tumorfront_celldistance', 'Myeloid Monocytes_tumorfront_celldistance']",8
Fold 31,"['Tumor non-proliferating_intratumor_cellfrequency', 'Vessel_tumorfront_cellfrequency', 'CD4 T cells regulatory_tumorfront_cellfrequency', 'Myeloid M1 macrophages_stromal_cellfrequency', 'Tumor non-proliferating_stromal_pERK', 'CD4 T cells naive_stromal_CD44', 'Myeloid Granulocytes_stromal_GranzymeB', 'CD4 T cells regulatory_tumorfront_eccentricity', 'Tumor non-proliferating_tumorfront_celldistance']",9
Fold 32,"['Tumor non-proliferating_intratumor_cellfrequency', 'CD4 T cells memory_stromal_cellfrequency', 'CD4 T cells memory_tumorfront_cellfrequency', 'Myeloid M1 macrophages_intratumor_cellfrequency', 'CD4 T cells regulatory_tumorfront_eccentricity', 'Tumor non-proliferating_tumorfront_celldistance', 'CD4 T cells naive_tumorfront_celldistance', 'Myeloid M1 macrophages_tumorfront_celldistance', 'CD4 T cells regulatory_stromal_aggregatedNeighbors.B.cells', 'Myeloid M1 macrophages_tumorfront_aggregatedNeighbors.CD4.T.cells.memory', 'Myeloid DCs_tumorfront_aggregatedNeighbors.CD4.T.cells.memory']",11
Fold 33,"['Tumor non-proliferating_intratumor_cellfrequency', 'Tumor proliferating_intratumor_cellfrequency', 'Vessel_tumorfront_cellfrequency', 'CD4 T cells memory_stromal_cellfrequency', 'Myeloid M1 macrophages_intratumor_cellfrequency', 'Tumor non-proliferating_stromal_pERK', 'Tumor non-proliferating_stromal_pS6', 'CD4 T cells naive_stromal_CD44', 'Myeloid Granulocytes_stromal_GranzymeB', 'Myeloid Granulocytes_stromal_pERK', 'CD4 T cells naive_stromal_area', 'Tumor non-proliferating_tumorfront_celldistance', 'Myeloid M2 macrophages_stromal_aggregatedNeighbors.CD4.T.cells.memory', 'Myeloid DCs_stromal_aggregatedNeighbors.Vessel']",14
Fold 34,"['Tumor non-proliferating_intratumor_cellfrequency', 'Myeloid M1 macrophages_intratumor_cellfrequency', 'Myeloid M1 macrophages_tumorfront_aggregatedNeighbors.CD4.T.cells.memory', 'Myeloid M2 macrophages_stromal_aggregatedNeighbors.CD4.T.cells.memory', 'Myeloid DCs_stromal_aggregatedNeighbors.Vessel']",5
Fold 35,"['Tumor non-proliferating_intratumor_cellfrequency', 'Tumor proliferating_stromal_cellfrequency', 'Vessel_tumorfront_cellfrequency', 'CD4 T cells regulatory_tumorfront_cellfrequency', 'B cells_intratumor_cellfrequency', 'Myeloid M1 macrophages_intratumor_cellfrequency', 'CD4 T cells regulatory_tumorfront_eccentricity', 'Myeloid M1 macrophages_tumorfront_aggregatedNeighbors.CD4.T.cells.memory', 'Myeloid M2 macrophages_stromal_aggregatedNeighbors.CD4.T.cells.memory', 'Myeloid M2 macrophages_tumorfront_aggregatedNeighbors.CD4.T.cells.regulatory']",10
Fold 36,"['Tumor non-proliferating_intratumor_cellfrequency', 'Tumor proliferating_stromal_cellfrequency', 'Tumor non-proliferating_stromal_pERK', 'Myeloid Granulocytes_stromal_GranzymeB', 'Tumor non-proliferating_intratumor_area', 'Tumor proliferating_tumorfront_area', 'CD4 T cells naive_stromal_area', 'CD4 T cells memory_stromal_area', 'CD8 T cells_intratumor_area', 'Fibroblasts_stromal_eccentricity', 'Tumor non-proliferating_tumorfront_celldistance', 'Myeloid Monocytes_tumorfront_celldistance']",12
Fold 37,"['Tumor non-proliferating_intratumor_cellfrequency', 'Vessel_tumorfront_cellfrequency', 'Myeloid M1 macrophages_intratumor_cellfrequency', 'CD4 T cells naive_stromal_area', 'Tumor non-proliferating_tumorfront_celldistance', 'Myeloid M1 macrophages_tumorfront_aggregatedNeighbors.CD4.T.cells.memory', 'Myeloid Monocytes_tumorfront_aggregatedNeighbors.CD8.T.cells']",7
Fold 38,"['Tumor non-proliferating_intratumor_cellfrequency', 'Tumor proliferating_stromal_cellfrequency', 'Vessel_stromal_cellfrequency', 'CD4 T cells memory_stromal_cellfrequency', 'Myeloid M1 macrophages_intratumor_cellfrequency', 'Tumor non-proliferating_stromal_E-Cadherin', 'Tumor non-proliferating_stromal_pERK', 'CD4 T cells naive_stromal_CD44', 'CD4 T cells regulatory_stromal_CD44', 'B cells_stromal_CD44', 'Myeloid Granulocytes_stromal_GranzymeB', 'Myeloid Granulocytes_stromal_CD44', 'Myeloid M1 macrophages_tumorfront_celldistance']",13
Fold 39,"['Tumor non-proliferating_intratumor_cellfrequency', 'Vessel_tumorfront_cellfrequency', 'CD4 T cells regulatory_tumorfront_cellfrequency', 'Tumor non-proliferating_stromal_pERK', 'Tumor non-proliferating_stromal_pS6', 'CD4 T cells naive_stromal_CD44', 'CD4 T cells memory_stromal_CD44', 'CD8 T cells_intratumor_CD36', 'Myeloid Granulocytes_stromal_GranzymeB', 'Myeloid Granulocytes_stromal_Ki67', 'Myeloid Granulocytes_stromal_pERK', 'Tumor non-proliferating_intratumor_area', 'Tumor proliferating_tumorfront_area', 'CD4 T cells naive_stromal_area', 'CD8 T cells_intratumor_area', 'CD4 T cells naive_stromal_eccentricity', 'Tumor non-proliferating_tumorfront_celldistance', 'CD4 T cells naive_tumorfront_celldistance', 'Myeloid Monocytes_tumorfront_celldistance', 'Tumor non-proliferating_stromal_aggregatedNeighbors.Myeloid.Granulocytes', 'CD4 T cells naive_tumorfront_aggregatedNeighbors.CD8.T.cells', 'CD4 T cells regulatory_tumorfront_aggregatedNeighbors.Tumor.proliferating', 'CD8 T cells_intratumor_aggregatedNeighbors.CD8.T.cells', 'CD8 T cells_tumorfront_aggregatedNeighbors.Vessel', 'Myeloid M2 macrophages_stromal_aggregatedNeighbors.CD4.T.cells.memory', 'Myeloid M2 macrophages_tumorfront_aggregatedNeighbors.CD4.T.cells.regulatory', 'Myeloid M2 macrophages_tumorfront_aggregatedNeighbors.Myeloid.M2.macrophages', 'Myeloid Granulocytes_tumorfront_aggregatedNeighbors.Vessel']",28
Fold 40,"['Tumor non-proliferating_intratumor_cellfrequency', 'CD4 T cells naive_stromal_CD44', 'Myeloid DCs_stromal_CD44', 'Tumor proliferating_tumorfront_area', 'CD4 T cells naive_stromal_area', 'Tumor non-proliferating_tumorfront_celldistance']",6
Fold 41,"['Tumor non-proliferating_intratumor_cellfrequency', 'Tumor proliferating_stromal_cellfrequency', 'Vessel_stromal_cellfrequency', 'Vessel_tumorfront_cellfrequency', 'CD4 T cells memory_tumorfront_cellfrequency', 'CD4 T cells regulatory_tumorfront_cellfrequency', 'B cells_intratumor_cellfrequency', 'Myeloid M1 macrophages_intratumor_cellfrequency', 'CD4 T cells naive_tumorfront_aggregatedNeighbors.CD8.T.cells', 'Myeloid M1 macrophages_tumorfront_aggregatedNeighbors.CD4.T.cells.memory', 'Myeloid M2 macrophages_stromal_aggregatedNeighbors.CD4.T.cells.memory']",11
Fold 42,"['Tumor non-proliferating_intratumor_cellfrequency', 'Tumor proliferating_stromal_cellfrequency', 'Tumor proliferating_tumorfront_area', 'Fibroblasts_tumorfront_area', 'CD4 T cells memory_stromal_area', 'CD8 T cells_intratumor_area', 'Fibroblasts_tumorfront_eccentricity', 'Tumor non-proliferating_tumorfront_celldistance', 'Myeloid Monocytes_tumorfront_celldistance', 'Myeloid M1 macrophages_tumorfront_aggregatedNeighbors.CD4.T.cells.memory']",10
Fold 43,"['Tumor non-proliferating_intratumor_cellfrequency', 'Vessel_stromal_cellfrequency', 'Vessel_tumorfront_cellfrequency', 'CD4 T cells memory_stromal_cellfrequency', 'Myeloid DCs_tumorfront_cellfrequency', 'Myeloid Granulocytes_stromal_GranzymeB']",6
Fold 44,"['Tumor non-proliferating_intratumor_cellfrequency', 'Tumor proliferating_tumorfront_cellfrequency', 'Vessel_tumorfront_cellfrequency', 'Tumor non-proliferating_stromal_pERK', 'CD4 T cells naive_stromal_CD44', 'CD4 T cells regulatory_stromal_CD44', 'CD4 T cells regulatory_tumorfront_CD44', 'Myeloid Granulocytes_stromal_GranzymeB', 'CD4 T cells naive_stromal_area', 'CD4 T cells regulatory_tumorfront_eccentricity', 'Tumor non-proliferating_tumorfront_celldistance', 'Tumor non-proliferating_tumorfront_aggregatedNeighbors.Tumor.proliferating', 'CD4 T cells memory_tumorfront_aggregatedNeighbors.CD4.T.cells.naive', 'CD8 T cells_tumorfront_aggregatedNeighbors.Tumor.proliferating', 'Myeloid M1 macrophages_tumorfront_aggregatedNeighbors.CD4.T.cells.memory', 'Myeloid M2 macrophages_stromal_aggregatedNeighbors.CD4.T.cells.memory', 'Myeloid Granulocytes_tumorfront_aggregatedNeighbors.Vessel', 'Myeloid Monocytes_tumorfront_aggregatedNeighbors.CD8.T.cells']",18
Fold 45,"['Tumor non-proliferating_intratumor_cellfrequency', 'CD4 T cells memory_stromal_cellfrequency', 'CD4 T cells memory_tumorfront_cellfrequency', 'Myeloid M1 macrophages_intratumor_cellfrequency', 'Tumor non-proliferating_intratumor_area', 'Tumor non-proliferating_tumorfront_area', 'Tumor proliferating_tumorfront_area', 'CD4 T cells naive_stromal_area', 'CD4 T cells memory_stromal_area', 'CD8 T cells_intratumor_area', 'Vessel_tumorfront_eccentricity', 'Fibroblasts_stromal_eccentricity', 'Fibroblasts_tumorfront_eccentricity', 'CD4 T cells naive_stromal_eccentricity', 'Tumor non-proliferating_tumorfront_celldistance', 'CD4 T cells naive_tumorfront_celldistance', 'Myeloid M1 macrophages_tumorfront_celldistance', 'Myeloid Monocytes_tumorfront_celldistance', 'Myeloid M1 macrophages_tumorfront_aggregatedNeighbors.CD4.T.cells.memory', 'Myeloid M2 macrophages_stromal_aggregatedNeighbors.CD4.T.cells.memory', 'Myeloid M2 macrophages_tumorfront_aggregatedNeighbors.CD4.T.cells.regulatory']",21
Fold 46,"['Tumor non-proliferating_intratumor_cellfrequency', 'Tumor proliferating_tumorfront_cellfrequency', 'Vessel_tumorfront_cellfrequency', 'CD4 T cells memory_stromal_cellfrequency', 'CD4 T cells memory_tumorfront_cellfrequency', 'CD4 T cells regulatory_tumorfront_cellfrequency', 'Myeloid M1 macrophages_intratumor_cellfrequency', 'Myeloid M1 macrophages_tumorfront_cellfrequency', 'Myeloid Monocytes_stromal_cellfrequency', 'Tumor non-proliferating_tumorfront_celldistance', 'Myeloid Monocytes_tumorfront_celldistance']",11
Fold 47,"['Tumor non-proliferating_intratumor_cellfrequency', 'Vessel_stromal_cellfrequency', 'Myeloid M1 macrophages_intratumor_cellfrequency', 'CD4 T cells naive_stromal_CD44']",4
Fold 48,"['Tumor non-proliferating_intratumor_cellfrequency', 'Tumor proliferating_stromal_cellfrequency', 'Vessel_tumorfront_cellfrequency', 'B cells_intratumor_cellfrequency', 'CD4 T cells regulatory_stromal_CD44', 'Myeloid Granulocytes_stromal_GranzymeB', 'CD4 T cells regulatory_stromal_aggregatedNeighbors.Fibroblasts', 'Myeloid M2 macrophages_stromal_aggregatedNeighbors.CD4.T.cells.memory']",8
Fold 49,"['Tumor non-proliferating_intratumor_cellfrequency', 'Tumor proliferating_stromal_cellfrequency', 'Tumor proliferating_tumorfront_cellfrequency', 'Vessel_tumorfront_cellfrequency', 'Fibroblasts_intratumor_cellfrequency', 'CD4 T cells regulatory_tumorfront_cellfrequency', 'Myeloid M1 macrophages_stromal_cellfrequency', 'Tumor non-proliferating_stromal_pERK', 'Tumor non-proliferating_stromal_pS6', 'CD4 T cells naive_stromal_CD44', 'Myeloid Granulocytes_stromal_GranzymeB', 'Myeloid Granulocytes_stromal_Ki67', 'Myeloid DCs_stromal_CD44', 'CD4 T cells naive_stromal_area', 'CD4 T cells memory_stromal_area', 'CD8 T cells_intratumor_area', 'Vessel_tumorfront_eccentricity', 'CD4 T cells naive_tumorfront_aggregatedNeighbors.CD8.T.cells', 'Myeloid M1 macrophages_tumorfront_aggregatedNeighbors.CD4.T.cells.memory', 'Myeloid M2 macrophages_stromal_aggregatedNeighbors.CD4.T.cells.memory', 'Myeloid DCs_stromal_aggregatedNeighbors.Vessel']",21
Fold 50,"['Tumor non-proliferating_intratumor_cellfrequency', 'Tumor proliferating_stromal_cellfrequency', 'Vessel_stromal_cellfrequency', 'CD4 T cells memory_tumorfront_cellfrequency', 'Myeloid M1 macrophages_intratumor_cellfrequency', 'Tumor proliferating_tumorfront_area', 'CD4 T cells naive_stromal_area', 'Tumor non-proliferating_tumorfront_celldistance', 'Myeloid M1 macrophages_tumorfront_celldistance', 'Myeloid Monocytes_tumorfront_celldistance', 'Myeloid M2 macrophages_stromal_aggregatedNeighbors.CD4.T.cells.memory', 'Myeloid DCs_tumorfront_aggregatedNeighbors.Myeloid.M1.macrophages']",12
Fold 51,"['Tumor non-proliferating_intratumor_cellfrequency', 'Tumor proliferating_stromal_cellfrequency', 'CD4 T cells memory_stromal_cellfrequency', 'Myeloid M1 macrophages_intratumor_cellfrequency', 'CD4 T cells naive_stromal_CD44', 'Myeloid Granulocytes_stromal_GranzymeB', 'Myeloid M2 macrophages_stromal_aggregatedNeighbors.CD4.T.cells.memory']",7
Fold 52,"['Tumor non-proliferating_stromal_pERK', 'CD4 T cells naive_stromal_CD44', 'Myeloid Granulocytes_stromal_GranzymeB', 'CD4 T cells naive_stromal_area', 'CD4 T cells memory_stromal_area', 'CD8 T cells_intratumor_area', 'Vessel_tumorfront_eccentricity', 'Tumor non-proliferating_tumorfront_celldistance', 'Tumor non-proliferating_stromal_aggregatedNeighbors.Myeloid.Granulocytes', 'Myeloid M1 macrophages_tumorfront_aggregatedNeighbors.CD4.T.cells.memory', 'Myeloid M2 macrophages_tumorfront_aggregatedNeighbors.Myeloid.M2.macrophages', 'Myeloid DCs_stromal_aggregatedNeighbors.Vessel']",12
Fold 53,"['Tumor non-proliferating_intratumor_cellfrequency', 'Myeloid M1 macrophages_tumorfront_aggregatedNeighbors.CD4.T.cells.memory', 'Myeloid M2 macrophages_tumorfront_aggregatedNeighbors.CD4.T.cells.regulatory']",3
Fold 54,"['Tumor non-proliferating_intratumor_cellfrequency', 'Vessel_tumorfront_cellfrequency', 'Tumor non-proliferating_stromal_pERK', 'CD4 T cells naive_stromal_CD44', 'CD4 T cells regulatory_stromal_CD44', 'Myeloid Granulocytes_stromal_GranzymeB', 'Myeloid Granulocytes_stromal_Ki67', 'CD4 T cells naive_stromal_area', 'Vessel_tumorfront_eccentricity', 'Myeloid M2 macrophages_stromal_eccentricity', 'Tumor non-proliferating_tumorfront_celldistance', 'Tumor non-proliferating_tumorfront_aggregatedNeighbors.Tumor.proliferating', 'CD4 T cells memory_tumorfront_aggregatedNeighbors.CD4.T.cells.naive', 'Myeloid DCs_stromal_aggregatedNeighbors.Vessel']",14
Fold 55,"['Tumor non-proliferating_intratumor_cellfrequency', 'CD4 T cells memory_stromal_cellfrequency', 'Tumor non-proliferating_stromal_pERK', 'Tumor non-proliferating_stromal_pS6', 'CD4 T cells naive_stromal_CD44', 'Myeloid Granulocytes_stromal_Ki67', 'Tumor non-proliferating_intratumor_area', 'CD4 T cells naive_stromal_area', 'CD4 T cells regulatory_tumorfront_eccentricity', 'CD4 T cells naive_tumorfront_celldistance', 'Tumor non-proliferating_stromal_aggregatedNeighbors.Myeloid.Granulocytes', 'Myeloid M2 macrophages_stromal_aggregatedNeighbors.CD4.T.cells.memory', 'Myeloid DCs_stromal_aggregatedNeighbors.Vessel']",13
Fold 56,"['Tumor non-proliferating_intratumor_cellfrequency', 'Vessel_stromal_cellfrequency', 'Vessel_tumorfront_cellfrequency', 'CD4 T cells regulatory_tumorfront_cellfrequency', 'Myeloid M1 macrophages_tumorfront_cellfrequency', 'Tumor proliferating_tumorfront_area', 'Fibroblasts_stromal_area', 'CD4 T cells naive_stromal_area', 'CD8 T cells_intratumor_area', 'Vessel_tumorfront_eccentricity', 'Fibroblasts_tumorfront_eccentricity', 'CD4 T cells regulatory_tumorfront_eccentricity', 'Tumor non-proliferating_tumorfront_celldistance', 'CD4 T cells naive_tumorfront_celldistance', 'Myeloid M1 macrophages_tumorfront_celldistance', 'Myeloid Monocytes_tumorfront_celldistance', 'Tumor non-proliferating_stromal_aggregatedNeighbors.Myeloid.Granulocytes', 'Vessel_stromal_aggregatedNeighbors.Vessel', 'CD4 T cells regulatory_stromal_aggregatedNeighbors.Myeloid.Monocytes', 'CD8 T cells_stromal_aggregatedNeighbors.Tumor.non.proliferating', 'Myeloid M1 macrophages_tumorfront_aggregatedNeighbors.CD4.T.cells.memory', 'Myeloid M2 macrophages_stromal_aggregatedNeighbors.CD4.T.cells.memory', 'Myeloid M2 macrophages_tumorfront_aggregatedNeighbors.CD4.T.cells.regulatory', 'Myeloid Granulocytes_stromal_aggregatedNeighbors.Fibroblasts', 'Myeloid Granulocytes_stromal_aggregatedNeighbors.Myeloid.M1.macrophages', 'Myeloid Granulocytes_tumorfront_aggregatedNeighbors.CD4.T.cells.regulatory', 'Myeloid DCs_stromal_aggregatedNeighbors.Vessel', 'Myeloid DCs_tumorfront_aggregatedNeighbors.Tumor.non.proliferating', 'Myeloid Monocytes_tumorfront_aggregatedNeighbors.CD8.T.cells']",29
Fold 57,"['Tumor non-proliferating_intratumor_cellfrequency', 'Tumor proliferating_tumorfront_cellfrequency', 'CD4 T cells naive_stromal_area', 'Tumor non-proliferating_tumorfront_celldistance', 'Tumor non-proliferating_tumorfront_aggregatedNeighbors.Tumor.proliferating', 'Myeloid M1 macrophages_tumorfront_aggregatedNeighbors.CD4.T.cells.memory', 'Myeloid DCs_stromal_aggregatedNeighbors.Vessel', 'Myeloid Monocytes_tumorfront_aggregatedNeighbors.Tumor.proliferating', 'Myeloid Monocytes_tumorfront_aggregatedNeighbors.CD8.T.cells']",9
Fold 58,"['CD4 T cells memory_stromal_CD44', 'Myeloid Granulocytes_stromal_GranzymeB', 'CD4 T cells naive_stromal_area', 'Vessel_tumorfront_eccentricity', 'Tumor non-proliferating_tumorfront_celldistance']",5
Fold 59,"['Tumor non-proliferating_intratumor_cellfrequency', 'Tumor proliferating_stromal_cellfrequency', 'Vessel_tumorfront_cellfrequency', 'Tumor non-proliferating_stromal_pS6', 'Myeloid Granulocytes_stromal_GranzymeB', 'Tumor non-proliferating_intratumor_area', 'Tumor proliferating_tumorfront_area', 'CD4 T cells naive_stromal_area', 'CD8 T cells_intratumor_area', 'Vessel_tumorfront_eccentricity', 'Fibroblasts_stromal_eccentricity', 'Tumor non-proliferating_tumorfront_celldistance', 'CD4 T cells naive_tumorfront_celldistance']",13
Fold 60,"['Tumor non-proliferating_intratumor_cellfrequency', 'Tumor proliferating_stromal_cellfrequency', 'Vessel_tumorfront_cellfrequency', 'Tumor non-proliferating_stromal_pERK', 'CD4 T cells naive_stromal_CD44', 'Myeloid Granulocytes_stromal_GranzymeB', 'CD4 T cells naive_stromal_area', 'Tumor non-proliferating_tumorfront_celldistance', 'Tumor non-proliferating_stromal_aggregatedNeighbors.B.cells', 'Tumor non-proliferating_stromal_aggregatedNeighbors.Myeloid.Granulocytes', 'CD8 T cells_intratumor_aggregatedNeighbors.CD8.T.cells', 'Myeloid M1 macrophages_stromal_aggregatedNeighbors.CD4.T.cells.naive', 'Myeloid M1 macrophages_tumorfront_aggregatedNeighbors.CD4.T.cells.memory', 'Myeloid M1 macrophages_tumorfront_aggregatedNeighbors.CD4.T.cells.regulatory', 'Myeloid M2 macrophages_stromal_aggregatedNeighbors.CD4.T.cells.memory', 'Myeloid M2 macrophages_tumorfront_aggregatedNeighbors.Myeloid.M2.macrophages', 'Myeloid Granulocytes_stromal_aggregatedNeighbors.CD4.T.cells.regulatory', 'Myeloid DCs_stromal_aggregatedNeighbors.Vessel', 'Myeloid Monocytes_tumorfront_aggregatedNeighbors.CD8.T.cells']",19
Fold 61,"['Tumor non-proliferating_intratumor_cellfrequency', 'Tumor proliferating_stromal_cellfrequency', 'Vessel_stromal_cellfrequency', 'Vessel_tumorfront_cellfrequency', 'CD4 T cells memory_stromal_cellfrequency', 'CD4 T cells regulatory_tumorfront_cellfrequency', 'Myeloid M1 macrophages_intratumor_cellfrequency', 'Myeloid M1 macrophages_tumorfront_cellfrequency', 'Myeloid M1 macrophages_tumorfront_aggregatedNeighbors.CD4.T.cells.memory']",9
Fold 62,"['Tumor non-proliferating_intratumor_cellfrequency', 'Vessel_stromal_cellfrequency', 'Myeloid M1 macrophages_intratumor_cellfrequency', 'CD4 T cells naive_stromal_CD44', 'Myeloid Granulocytes_stromal_GranzymeB', 'Tumor proliferating_tumorfront_area', 'CD4 T cells naive_stromal_area', 'Tumor non-proliferating_tumorfront_celldistance', 'Myeloid Monocytes_tumorfront_celldistance']",9
Fold 63,"['Tumor non-proliferating_intratumor_cellfrequency', 'Vessel_tumorfront_cellfrequency', 'CD4 T cells regulatory_stromal_CD44', 'Myeloid Granulocytes_stromal_GranzymeB', 'Tumor proliferating_tumorfront_area', 'CD4 T cells naive_stromal_area', 'CD4 T cells memory_stromal_area', 'CD8 T cells_intratumor_area', 'Tumor non-proliferating_tumorfront_celldistance', 'Myeloid Monocytes_tumorfront_celldistance', 'Tumor non-proliferating_stromal_aggregatedNeighbors.Vessel', 'Tumor non-proliferating_stromal_aggregatedNeighbors.Myeloid.Granulocytes', 'Myeloid M1 macrophages_tumorfront_aggregatedNeighbors.CD4.T.cells.memory', 'Myeloid M2 macrophages_stromal_aggregatedNeighbors.CD4.T.cells.memory', 'Myeloid M2 macrophages_tumorfront_aggregatedNeighbors.Tumor.non.proliferating', 'Myeloid M2 macrophages_tumorfront_aggregatedNeighbors.CD4.T.cells.naive', 'Myeloid M2 macrophages_tumorfront_aggregatedNeighbors.Myeloid.M2.macrophages', 'Myeloid Granulocytes_stromal_aggregatedNeighbors.Myeloid.M1.macrophages', 'Myeloid DCs_stromal_aggregatedNeighbors.Vessel', 'Myeloid Monocytes_tumorfront_aggregatedNeighbors.CD4.T.cells.memory']",20
Fold 64,"['Tumor non-proliferating_intratumor_cellfrequency', 'Tumor proliferating_stromal_cellfrequency', 'Myeloid M1 macrophages_stromal_cellfrequency', 'Tumor non-proliferating_intratumor_area', 'CD4 T cells naive_tumorfront_celldistance', 'Tumor non-proliferating_stromal_aggregatedNeighbors.Myeloid.Granulocytes', 'Tumor non-proliferating_tumorfront_aggregatedNeighbors.Tumor.proliferating', 'Tumor proliferating_intratumor_aggregatedNeighbors.CD8.T.cells', 'Vessel_stromal_aggregatedNeighbors.CD4.T.cells.memory', 'CD4 T cells regulatory_stromal_aggregatedNeighbors.B.cells', 'CD8 T cells_tumorfront_aggregatedNeighbors.Vessel', 'Myeloid M1 macrophages_tumorfront_aggregatedNeighbors.CD4.T.cells.memory', 'Myeloid M2 macrophages_stromal_aggregatedNeighbors.CD4.T.cells.memory', 'Myeloid M2 macrophages_tumorfront_aggregatedNeighbors.CD4.T.cells.naive', 'Myeloid Granulocytes_stromal_aggregatedNeighbors.Myeloid.M2.macrophages']",15
Fold 65,"['Tumor non-proliferating_intratumor_cellfrequency', 'CD4 T cells memory_tumorfront_cellfrequency', 'Myeloid M1 macrophages_intratumor_cellfrequency', 'Tumor non-proliferating_intratumor_area', 'CD4 T cells memory_stromal_area', 'CD4 T cells regulatory_tumorfront_eccentricity', 'Tumor non-proliferating_tumorfront_celldistance', 'CD4 T cells naive_tumorfront_celldistance', 'Myeloid M1 macrophages_tumorfront_aggregatedNeighbors.CD4.T.cells.memory', 'Myeloid M2 macrophages_stromal_aggregatedNeighbors.CD4.T.cells.memory', 'Myeloid DCs_stromal_aggregatedNeighbors.Vessel']",11
Fold 66,"['Tumor non-proliferating_intratumor_cellfrequency', 'Tumor proliferating_stromal_cellfrequency', 'Myeloid M1 macrophages_intratumor_cellfrequency', 'Tumor non-proliferating_intratumor_area', 'Tumor proliferating_tumorfront_area', 'CD4 T cells naive_stromal_area', 'B cells_stromal_area', 'CD8 T cells_intratumor_area', 'Vessel_tumorfront_eccentricity', 'Fibroblasts_tumorfront_eccentricity', 'CD4 T cells regulatory_tumorfront_eccentricity', 'Tumor non-proliferating_tumorfront_celldistance', 'CD4 T cells naive_tumorfront_celldistance', 'Myeloid M1 macrophages_tumorfront_celldistance', 'Myeloid Monocytes_tumorfront_celldistance']",15
Fold 67,"['Tumor non-proliferating_intratumor_cellfrequency', 'Tumor proliferating_stromal_cellfrequency', 'Vessel_tumorfront_cellfrequency', 'Tumor non-proliferating_stromal_pSTAT1', 'Tumor non-proliferating_stromal_pERK', 'Tumor non-proliferating_stromal_pS6', 'Tumor proliferating_intratumor_CD36', 'Fibroblasts_stromal_pERK', 'CD4 T cells naive_stromal_CD44', 'CD4 T cells regulatory_stromal_CD44', 'Myeloid Granulocytes_stromal_GranzymeB', 'Myeloid Granulocytes_stromal_Ki67', 'Myeloid Granulocytes_stromal_pERK', 'Tumor non-proliferating_intratumor_area', 'CD4 T cells naive_stromal_area', 'Tumor non-proliferating_tumorfront_celldistance', 'Myeloid Monocytes_tumorfront_celldistance']",17
Fold 68,"['Tumor non-proliferating_intratumor_cellfrequency', 'CD4 T cells memory_stromal_cellfrequency', 'CD4 T cells naive_stromal_CD44', 'Myeloid Granulocytes_stromal_GranzymeB', 'CD4 T cells naive_stromal_area', 'CD4 T cells memory_stromal_area', 'Tumor non-proliferating_tumorfront_celldistance', 'Myeloid M1 macrophages_tumorfront_celldistance', 'Myeloid M2 macrophages_stromal_aggregatedNeighbors.CD4.T.cells.memory']",9
Fold 69,"['Tumor non-proliferating_intratumor_cellfrequency', 'Vessel_tumorfront_cellfrequency', 'Myeloid M1 macrophages_stromal_cellfrequency', 'Tumor non-proliferating_stromal_pS6', 'CD4 T cells naive_stromal_CD44', 'CD8 T cells_intratumor_CD36', 'Myeloid Granulocytes_stromal_Ki67', 'Tumor proliferating_tumorfront_area', 'CD4 T cells naive_stromal_area', 'CD4 T cells memory_stromal_area', 'Vessel_tumorfront_eccentricity', 'Tumor non-proliferating_tumorfront_celldistance', 'CD4 T cells naive_tumorfront_aggregatedNeighbors.CD8.T.cells', 'Myeloid M1 macrophages_tumorfront_aggregatedNeighbors.CD4.T.cells.memory', 'Myeloid DCs_stromal_aggregatedNeighbors.Vessel']",15
Fold 70,"['Tumor non-proliferating_intratumor_cellfrequency', 'Tumor proliferating_stromal_cellfrequency', 'Vessel_tumorfront_cellfrequency', 'CD4 T cells regulatory_tumorfront_cellfrequency', 'CD4 T cells naive_stromal_area', 'Vessel_tumorfront_eccentricity', 'Fibroblasts_tumorfront_eccentricity', 'Tumor non-proliferating_tumorfront_celldistance', 'CD4 T cells naive_tumorfront_celldistance', 'Myeloid M1 macrophages_tumorfront_aggregatedNeighbors.CD4.T.cells.memory', 'Myeloid M2 macrophages_stromal_aggregatedNeighbors.CD4.T.cells.memory', 'Myeloid M2 macrophages_tumorfront_aggregatedNeighbors.CD4.T.cells.naive', 'Myeloid M2 macrophages_tumorfront_aggregatedNeighbors.CD4.T.cells.regulatory', 'Myeloid Monocytes_tumorfront_aggregatedNeighbors.CD8.T.cells']",14
Fold 71,"['Tumor non-proliferating_intratumor_cellfrequency', 'Tumor proliferating_tumorfront_area', 'CD8 T cells_intratumor_area', 'Fibroblasts_stromal_eccentricity', 'Tumor non-proliferating_tumorfront_celldistance']",5
Fold 72,"['Tumor non-proliferating_intratumor_cellfrequency', 'Vessel_tumorfront_cellfrequency', 'CD4 T cells naive_stromal_CD44', 'CD4 T cells naive_stromal_area', 'Myeloid M2 macrophages_stromal_eccentricity', 'Tumor non-proliferating_tumorfront_celldistance', 'Myeloid M1 macrophages_tumorfront_celldistance', 'Tumor non-proliferating_tumorfront_aggregatedNeighbors.Tumor.proliferating', 'CD4 T cells regulatory_stromal_aggregatedNeighbors.B.cells', 'Myeloid M1 macrophages_tumorfront_aggregatedNeighbors.CD4.T.cells.memory', 'Myeloid M2 macrophages_stromal_aggregatedNeighbors.CD4.T.cells.memory', 'Myeloid DCs_stromal_aggregatedNeighbors.Vessel']",12
Fold 73,"['Tumor non-proliferating_intratumor_cellfrequency', 'Tumor proliferating_stromal_cellfrequency', 'CD4 T cells memory_stromal_cellfrequency', 'CD4 T cells memory_tumorfront_cellfrequency', 'B cells_intratumor_cellfrequency', 'Myeloid M1 macrophages_intratumor_cellfrequency', 'Myeloid M1 macrophages_stromal_cellfrequency', 'CD4 T cells naive_stromal_area', 'Tumor proliferating_tumorfront_aggregatedNeighbors.Vessel', 'CD4 T cells memory_tumorfront_aggregatedNeighbors.Myeloid.Granulocytes', 'Myeloid M1 macrophages_tumorfront_aggregatedNeighbors.CD4.T.cells.memory', 'Myeloid M2 macrophages_stromal_aggregatedNeighbors.CD4.T.cells.memory', 'Myeloid M2 macrophages_tumorfront_aggregatedNeighbors.CD4.T.cells.naive', 'Myeloid M2 macrophages_tumorfront_aggregatedNeighbors.Myeloid.M2.macrophages']",14
Fold 74,"['Tumor non-proliferating_intratumor_cellfrequency', 'Vessel_tumorfront_cellfrequency', 'Myeloid M1 macrophages_intratumor_cellfrequency', 'Tumor non-proliferating_stromal_pERK', 'Tumor non-proliferating_stromal_pS6', 'CD4 T cells naive_stromal_CD44', 'Myeloid Granulocytes_stromal_GranzymeB', 'Myeloid Granulocytes_stromal_Ki67', 'Myeloid Granulocytes_stromal_pERK']",9
Fold 75,"['Tumor non-proliferating_intratumor_cellfrequency', 'CD4 T cells memory_stromal_cellfrequency', 'CD4 T cells regulatory_tumorfront_cellfrequency', 'B cells_intratumor_cellfrequency', 'Myeloid M1 macrophages_intratumor_cellfrequency', 'Myeloid M1 macrophages_stromal_cellfrequency', 'Myeloid M1 macrophages_tumorfront_cellfrequency', 'CD4 T cells naive_stromal_area', 'CD4 T cells regulatory_tumorfront_eccentricity', 'Tumor non-proliferating_tumorfront_celldistance', 'Myeloid Monocytes_tumorfront_celldistance', 'Myeloid M1 macrophages_tumorfront_aggregatedNeighbors.CD4.T.cells.memory', 'Myeloid M2 macrophages_stromal_aggregatedNeighbors.CD4.T.cells.memory', 'Myeloid DCs_stromal_aggregatedNeighbors.Vessel']",14
Fold 76,"['Tumor non-proliferating_intratumor_cellfrequency', 'Tumor proliferating_tumorfront_cellfrequency', 'Vessel_tumorfront_cellfrequency', 'Myeloid M1 macrophages_intratumor_cellfrequency', 'Myeloid M1 macrophages_tumorfront_cellfrequency', 'Tumor non-proliferating_stromal_pERK', 'CD4 T cells naive_stromal_CD44', 'Myeloid Granulocytes_stromal_GranzymeB', 'Tumor non-proliferating_intratumor_area', 'CD4 T cells naive_stromal_area', 'CD8 T cells_intratumor_area', 'Tumor non-proliferating_tumorfront_celldistance']",12
Fold 77,"['Tumor non-proliferating_intratumor_cellfrequency', 'Tumor proliferating_stromal_cellfrequency', 'Vessel_stromal_cellfrequency', 'Myeloid M1 macrophages_intratumor_cellfrequency', 'CD4 T cells regulatory_stromal_CD44', 'Myeloid Granulocytes_stromal_GranzymeB', 'Myeloid Granulocytes_stromal_Ki67', 'Myeloid Monocytes_tumorfront_celldistance', 'Tumor non-proliferating_stromal_aggregatedNeighbors.Myeloid.Granulocytes', 'CD4 T cells memory_tumorfront_aggregatedNeighbors.Myeloid.Monocytes', 'Myeloid M1 macrophages_tumorfront_aggregatedNeighbors.CD4.T.cells.memory', 'Myeloid M2 macrophages_stromal_aggregatedNeighbors.CD4.T.cells.memory', 'Myeloid M2 macrophages_tumorfront_aggregatedNeighbors.CD4.T.cells.regulatory', 'Myeloid M2 macrophages_tumorfront_aggregatedNeighbors.Myeloid.M2.macrophages', 'Myeloid Granulocytes_stromal_aggregatedNeighbors.Fibroblasts', 'Myeloid Granulocytes_stromal_aggregatedNeighbors.Myeloid.M1.macrophages', 'Myeloid Granulocytes_stromal_aggregatedNeighbors.Myeloid.M2.macrophages', 'Myeloid Granulocytes_tumorfront_aggregatedNeighbors.CD4.T.cells.memory']",18
Fold 78,"['Tumor non-proliferating_intratumor_cellfrequency', 'Tumor proliferating_stromal_cellfrequency', 'Vessel_tumorfront_cellfrequency', 'CD4 T cells naive_stromal_cellfrequency', 'Tumor non-proliferating_stromal_pERK', 'CD4 T cells naive_stromal_CD44', 'Myeloid Granulocytes_stromal_GranzymeB', 'Myeloid DCs_stromal_CD44', 'CD4 T cells naive_stromal_area', 'Tumor non-proliferating_tumorfront_celldistance', 'Myeloid M1 macrophages_tumorfront_aggregatedNeighbors.CD4.T.cells.memory', 'Myeloid Monocytes_tumorfront_aggregatedNeighbors.CD8.T.cells']",12
Fold 79,"['Tumor non-proliferating_intratumor_cellfrequency', 'Tumor proliferating_stromal_cellfrequency', 'Vessel_stromal_cellfrequency', 'Vessel_tumorfront_cellfrequency', 'Fibroblasts_intratumor_cellfrequency', 'Fibroblasts_stromal_cellfrequency', 'CD4 T cells naive_stromal_cellfrequency', 'CD4 T cells memory_stromal_cellfrequency', 'CD4 T cells regulatory_tumorfront_cellfrequency', 'Myeloid M1 macrophages_intratumor_cellfrequency', 'Myeloid M1 macrophages_stromal_cellfrequency', 'Myeloid M2 macrophages_intratumor_cellfrequency', 'Myeloid DCs_tumorfront_cellfrequency', 'Myeloid Monocytes_stromal_cellfrequency', 'Tumor non-proliferating_intratumor_area', 'Tumor proliferating_tumorfront_area', 'CD4 T cells naive_stromal_area', 'B cells_stromal_area', 'Tumor non-proliferating_stromal_eccentricity', 'Tumor non-proliferating_tumorfront_eccentricity', 'Tumor non-proliferating_tumorfront_celldistance']",21
Fold 80,"['Tumor non-proliferating_intratumor_cellfrequency', 'Vessel_tumorfront_cellfrequency', 'Tumor non-proliferating_stromal_pERK', 'CD4 T cells naive_stromal_CD44', 'CD4 T cells memory_stromal_CD44', 'CD4 T cells regulatory_stromal_CD44', 'Myeloid Granulocytes_stromal_GranzymeB', 'Myeloid Granulocytes_stromal_Ki67', 'Tumor non-proliferating_intratumor_area', 'CD4 T cells naive_stromal_area', 'CD8 T cells_intratumor_area', 'Vessel_tumorfront_eccentricity', 'Tumor non-proliferating_tumorfront_celldistance', 'Myeloid Monocytes_tumorfront_celldistance']",14
Fold 81,"['Tumor non-proliferating_intratumor_cellfrequency', 'Tumor proliferating_tumorfront_cellfrequency', 'Vessel_tumorfront_cellfrequency', 'CD4 T cells regulatory_tumorfront_cellfrequency', 'Myeloid M1 macrophages_intratumor_cellfrequency', 'Myeloid M1 macrophages_stromal_cellfrequency', 'Myeloid Granulocytes_stromal_GranzymeB', 'Myeloid Granulocytes_stromal_pERK', 'Myeloid DCs_stromal_CD44', 'Vessel_tumorfront_aggregatedNeighbors.Tumor.proliferating', 'CD4 T cells regulatory_stromal_aggregatedNeighbors.B.cells', 'Myeloid M1 macrophages_tumorfront_aggregatedNeighbors.CD4.T.cells.memory', 'Myeloid DCs_stromal_aggregatedNeighbors.Vessel', 'Myeloid Monocytes_tumorfront_aggregatedNeighbors.Tumor.proliferating', 'Myeloid Monocytes_tumorfront_aggregatedNeighbors.CD4.T.cells.memory', 'Myeloid Monocytes_tumorfront_aggregatedNeighbors.CD8.T.cells']",16
Fold 82,"['Tumor non-proliferating_intratumor_cellfrequency', 'Vessel_tumorfront_cellfrequency', 'Myeloid Granulocytes_stromal_GranzymeB', 'Tumor non-proliferating_intratumor_area', 'Tumor proliferating_tumorfront_area', 'CD4 T cells naive_stromal_area', 'Tumor non-proliferating_intratumor_eccentricity', 'Tumor non-proliferating_tumorfront_celldistance', 'Myeloid Monocytes_tumorfront_celldistance']",9
Fold 83,"['Tumor non-proliferating_intratumor_cellfrequency', 'Tumor proliferating_stromal_cellfrequency', 'Vessel_stromal_cellfrequency', 'Vessel_tumorfront_cellfrequency', 'CD4 T cells memory_stromal_cellfrequency', 'B cells_intratumor_cellfrequency', 'Myeloid M1 macrophages_intratumor_cellfrequency', 'CD4 T cells naive_stromal_CD44', 'CD4 T cells regulatory_stromal_CD44', 'Myeloid Granulocytes_stromal_GranzymeB', 'Tumor proliferating_tumorfront_area', 'CD4 T cells naive_stromal_area', 'Tumor non-proliferating_tumorfront_celldistance', 'Myeloid M2 macrophages_stromal_aggregatedNeighbors.CD4.T.cells.memory', 'Myeloid DCs_stromal_aggregatedNeighbors.Vessel', 'Myeloid Monocytes_tumorfront_aggregatedNeighbors.Tumor.non.proliferating']",16
Fold 84,"['Tumor non-proliferating_intratumor_cellfrequency', 'Tumor proliferating_stromal_cellfrequency', 'CD4 T cells memory_tumorfront_cellfrequency', 'CD4 T cells naive_stromal_area', 'CD4 T cells regulatory_tumorfront_eccentricity', 'Tumor non-proliferating_stromal_aggregatedNeighbors.Myeloid.Granulocytes', 'CD8 T cells_intratumor_aggregatedNeighbors.CD8.T.cells', 'Myeloid M1 macrophages_tumorfront_aggregatedNeighbors.CD4.T.cells.memory', 'Myeloid M2 macrophages_tumorfront_aggregatedNeighbors.CD4.T.cells.regulatory', 'Myeloid DCs_tumorfront_aggregatedNeighbors.Myeloid.M1.macrophages']",10
Fold 85,"['Tumor non-proliferating_intratumor_cellfrequency', 'Tumor non-proliferating_stromal_pERK', 'CD4 T cells regulatory_stromal_CD44', 'B cells_stromal_CD44', 'Myeloid Granulocytes_stromal_GranzymeB', 'CD4 T cells naive_stromal_area', 'B cells_stromal_area', 'CD4 T cells regulatory_tumorfront_eccentricity', 'Tumor non-proliferating_tumorfront_celldistance', 'Myeloid Monocytes_tumorfront_celldistance', 'Tumor proliferating_intratumor_aggregatedNeighbors.CD8.T.cells', 'CD4 T cells memory_tumorfront_aggregatedNeighbors.CD4.T.cells.naive', 'Myeloid M1 macrophages_tumorfront_aggregatedNeighbors.CD4.T.cells.memory', 'Myeloid M2 macrophages_stromal_aggregatedNeighbors.CD4.T.cells.memory']",14
Fold 86,"['Tumor non-proliferating_intratumor_cellfrequency', 'Tumor proliferating_stromal_cellfrequency', 'Tumor proliferating_tumorfront_cellfrequency', 'Vessel_tumorfront_cellfrequency', 'CD4 T cells regulatory_tumorfront_cellfrequency', 'B cells_intratumor_cellfrequency', 'Tumor non-proliferating_stromal_pERK', 'Myeloid Granulocytes_stromal_GranzymeB', 'Tumor non-proliferating_intratumor_area', 'CD4 T cells naive_stromal_area', 'CD4 T cells naive_tumorfront_area', 'CD4 T cells memory_stromal_area', 'CD8 T cells_intratumor_area', 'Tumor non-proliferating_tumorfront_celldistance', 'Myeloid M1 macrophages_tumorfront_aggregatedNeighbors.CD4.T.cells.memory', 'Myeloid M2 macrophages_tumorfront_aggregatedNeighbors.CD4.T.cells.naive', 'Myeloid M2 macrophages_tumorfront_aggregatedNeighbors.CD4.T.cells.regulatory', 'Myeloid DCs_stromal_aggregatedNeighbors.Myeloid.Monocytes']",18
Fold 87,"['Tumor non-proliferating_intratumor_cellfrequency', 'Tumor proliferating_stromal_cellfrequency', 'Myeloid Granulocytes_stromal_GranzymeB', 'Tumor non-proliferating_intratumor_area', 'Tumor proliferating_tumorfront_area', 'CD4 T cells naive_stromal_area', 'CD8 T cells_intratumor_area', 'CD4 T cells regulatory_tumorfront_eccentricity', 'Tumor non-proliferating_tumorfront_celldistance', 'CD4 T cells naive_tumorfront_celldistance', 'Myeloid M1 macrophages_tumorfront_celldistance', 'Myeloid Monocytes_tumorfront_celldistance', 'Tumor non-proliferating_stromal_aggregatedNeighbors.Myeloid.Granulocytes', 'CD4 T cells naive_stromal_aggregatedNeighbors.CD4.T.cells.naive', 'CD4 T cells naive_tumorfront_aggregatedNeighbors.CD8.T.cells', 'CD4 T cells memory_tumorfront_aggregatedNeighbors.Vessel', 'CD4 T cells regulatory_stromal_aggregatedNeighbors.Fibroblasts', 'CD4 T cells regulatory_stromal_aggregatedNeighbors.Myeloid.Monocytes', 'CD4 T cells regulatory_tumorfront_aggregatedNeighbors.Tumor.proliferating', 'CD8 T cells_stromal_aggregatedNeighbors.Tumor.non.proliferating', 'Myeloid M1 macrophages_tumorfront_aggregatedNeighbors.CD4.T.cells.memory', 'Myeloid M2 macrophages_stromal_aggregatedNeighbors.CD4.T.cells.memory', 'Myeloid M2 macrophages_tumorfront_aggregatedNeighbors.Tumor.non.proliferating', 'Myeloid M2 macrophages_tumorfront_aggregatedNeighbors.CD4.T.cells.regulatory', 'Myeloid Granulocytes_stromal_aggregatedNeighbors.CD8.T.cells', 'Myeloid Granulocytes_stromal_aggregatedNeighbors.Myeloid.M1.macrophages', 'Myeloid Granulocytes_tumorfront_aggregatedNeighbors.CD4.T.cells.regulatory', 'Myeloid DCs_stromal_aggregatedNeighbors.Vessel', 'Myeloid DCs_tumorfront_aggregatedNeighbors.CD4.T.cells.memory', 'Myeloid Monocytes_tumorfront_aggregatedNeighbors.Tumor.non.proliferating']",30
Fold 88,"['Tumor non-proliferating_intratumor_cellfrequency', 'Tumor proliferating_stromal_cellfrequency', 'Tumor proliferating_tumorfront_cellfrequency', 'Myeloid M1 macrophages_intratumor_cellfrequency', 'CD4 T cells naive_stromal_area', 'Fibroblasts_tumorfront_eccentricity', 'Tumor non-proliferating_tumorfront_celldistance', 'Myeloid Monocytes_tumorfront_celldistance', 'Myeloid M1 macrophages_tumorfront_aggregatedNeighbors.CD4.T.cells.memory']",9
Fold 89,"['Tumor non-proliferating_intratumor_cellfrequency', 'Myeloid M1 macrophages_stromal_cellfrequency', 'CD4 T cells naive_stromal_area', 'Tumor non-proliferating_stromal_aggregatedNeighbors.Myeloid.Granulocytes', 'Myeloid M2 macrophages_stromal_aggregatedNeighbors.CD4.T.cells.memory', 'Myeloid M2 macrophages_tumorfront_aggregatedNeighbors.Tumor.non.proliferating', 'Myeloid DCs_stromal_aggregatedNeighbors.Vessel']",7
Fold 90,"['Tumor non-proliferating_intratumor_cellfrequency', 'Tumor proliferating_stromal_cellfrequency', 'Vessel_tumorfront_cellfrequency', 'CD4 T cells memory_stromal_cellfrequency', 'Myeloid M1 macrophages_intratumor_cellfrequency', 'Myeloid M1 macrophages_stromal_cellfrequency', 'Myeloid Monocytes_stromal_cellfrequency', 'CD4 T cells naive_stromal_CD44', 'Myeloid Granulocytes_stromal_Ki67', 'Myeloid M1 macrophages_tumorfront_aggregatedNeighbors.CD4.T.cells.memory', 'Myeloid M2 macrophages_stromal_aggregatedNeighbors.CD4.T.cells.memory', 'Myeloid DCs_stromal_aggregatedNeighbors.Vessel']",12
Fold 91,"['Tumor non-proliferating_intratumor_cellfrequency', 'Tumor proliferating_stromal_cellfrequency', 'Tumor proliferating_tumorfront_cellfrequency', 'Vessel_tumorfront_cellfrequency', 'Myeloid M1 macrophages_intratumor_cellfrequency', 'Tumor non-proliferating_intratumor_area', 'Fibroblasts_stromal_area', 'Fibroblasts_tumorfront_area', 'CD4 T cells naive_stromal_area', 'CD4 T cells naive_tumorfront_area', 'CD4 T cells memory_stromal_area', 'CD8 T cells_intratumor_area', 'Tumor non-proliferating_intratumor_eccentricity', 'Vessel_stromal_eccentricity', 'Vessel_tumorfront_eccentricity', 'Fibroblasts_stromal_eccentricity', 'CD4 T cells regulatory_tumorfront_eccentricity', 'Myeloid M2 macrophages_stromal_eccentricity', 'Tumor non-proliferating_tumorfront_celldistance', 'Myeloid M1 macrophages_tumorfront_celldistance', 'Myeloid Monocytes_tumorfront_celldistance']",21
Fold 92,"['Tumor non-proliferating_intratumor_cellfrequency', 'Tumor non-proliferating_intratumor_CD44', 'CD4 T cells naive_stromal_CD44', 'Myeloid Granulocytes_stromal_GranzymeB', 'CD4 T cells naive_stromal_area', 'Tumor non-proliferating_tumorfront_celldistance']",6
Fold 93,"['Tumor non-proliferating_intratumor_cellfrequency', 'Vessel_tumorfront_cellfrequency', 'Tumor proliferating_tumorfront_area', 'CD4 T cells naive_stromal_area', 'Tumor non-proliferating_tumorfront_celldistance', 'Tumor non-proliferating_stromal_aggregatedNeighbors.Myeloid.Granulocytes', 'Myeloid M1 macrophages_tumorfront_aggregatedNeighbors.CD4.T.cells.memory', 'Myeloid M2 macrophages_tumorfront_aggregatedNeighbors.Myeloid.M2.macrophages', 'Myeloid DCs_stromal_aggregatedNeighbors.Vessel']",9
Fold 94,"['Tumor non-proliferating_intratumor_cellfrequency', 'CD4 T cells regulatory_stromal_CD44', 'Myeloid Granulocytes_stromal_GranzymeB', 'CD4 T cells naive_stromal_area', 'CD8 T cells_intratumor_area', 'Tumor non-proliferating_tumorfront_celldistance', 'B cells_tumorfront_celldistance']",7
Fold 95,"['Tumor non-proliferating_intratumor_cellfrequency', 'CD4 T cells naive_stromal_CD44', 'Myeloid Granulocytes_stromal_CD44', 'Myeloid DCs_stromal_CD44', 'Tumor non-proliferating_intratumor_area', 'Tumor proliferating_tumorfront_area', 'CD4 T cells naive_stromal_area', 'CD8 T cells_intratumor_area', 'Vessel_tumorfront_eccentricity', 'CD4 T cells naive_stromal_eccentricity', 'CD4 T cells regulatory_tumorfront_eccentricity', 'Tumor non-proliferating_tumorfront_celldistance', 'CD4 T cells naive_tumorfront_celldistance', 'Myeloid M1 macrophages_tumorfront_celldistance', 'Myeloid Monocytes_tumorfront_celldistance', 'CD4 T cells naive_tumorfront_aggregatedNeighbors.CD8.T.cells', 'Myeloid M1 macrophages_tumorfront_aggregatedNeighbors.CD4.T.cells.memory', 'Myeloid M2 macrophages_stromal_aggregatedNeighbors.CD4.T.cells.memory']",18
Fold 96,"['Tumor non-proliferating_intratumor_cellfrequency', 'Tumor proliferating_stromal_cellfrequency', 'Tumor proliferating_tumorfront_cellfrequency', 'Vessel_tumorfront_cellfrequency', 'Myeloid M1 macrophages_tumorfront_cellfrequency', 'Tumor non-proliferating_intratumor_area', 'CD4 T cells naive_stromal_area', 'Vessel_stromal_eccentricity', 'Tumor non-proliferating_tumorfront_celldistance', 'Myeloid M1 macrophages_tumorfront_celldistance', 'Tumor non-proliferating_stromal_aggregatedNeighbors.Myeloid.Granulocytes', 'Tumor non-proliferating_tumorfront_aggregatedNeighbors.Tumor.proliferating', 'Myeloid M1 macrophages_tumorfront_aggregatedNeighbors.CD4.T.cells.memory', 'Myeloid M2 macrophages_stromal_aggregatedNeighbors.CD4.T.cells.memory', 'Myeloid Granulocytes_stromal_aggregatedNeighbors.Myeloid.M1.macrophages', 'Myeloid DCs_stromal_aggregatedNeighbors.Vessel', 'Myeloid DCs_stromal_aggregatedNeighbors.Myeloid.Monocytes']",17
Fold 97,"['Tumor non-proliferating_intratumor_cellfrequency', 'CD4 T cells regulatory_stromal_CD44', 'Myeloid Granulocytes_stromal_GranzymeB']",3
Fold 98,"['Tumor non-proliferating_intratumor_cellfrequency', 'Myeloid M1 macrophages_stromal_cellfrequency', 'Tumor non-proliferating_stromal_E-Cadherin', 'Tumor non-proliferating_stromal_Ki67', 'Tumor non-proliferating_stromal_pERK', 'Tumor non-proliferating_stromal_pS6', 'Fibroblasts_stromal_pERK', 'CD4 T cells naive_stromal_CD44', 'CD4 T cells memory_stromal_CD44', 'CD4 T cells regulatory_stromal_CD44', 'CD4 T cells regulatory_tumorfront_CD44', 'CD8 T cells_stromal_CD44', 'Myeloid Granulocytes_stromal_GranzymeB', 'Myeloid Granulocytes_stromal_Ki67', 'Myeloid Granulocytes_stromal_pERK', 'CD8 T cells_intratumor_aggregatedNeighbors.CD8.T.cells']",16
Fold 99,"['Tumor non-proliferating_intratumor_cellfrequency', 'Tumor proliferating_stromal_cellfrequency', 'Vessel_stromal_cellfrequency', 'CD4 T cells memory_tumorfront_cellfrequency', 'CD4 T cells regulatory_tumorfront_cellfrequency', 'B cells_intratumor_cellfrequency', 'Myeloid M1 macrophages_intratumor_cellfrequency', 'Myeloid M1 macrophages_stromal_cellfrequency', 'Myeloid Monocytes_stromal_cellfrequency', 'Tumor non-proliferating_stromal_pS6', 'CD4 T cells naive_stromal_CD44', 'CD4 T cells naive_stromal_area', 'CD4 T cells memory_stromal_area', 'Tumor non-proliferating_tumorfront_celldistance']",14
