,Mann-Whitney U-test,p-value
CD4 T cells naive_stromal_area,3564.5,1.7153977705578454e-05
Tumor non-proliferating_intratumor_cellfrequency,1494.0,3.1812724266127574e-05
CD4 T cells naive_tumorfront_aggregatedNeighbors.CD8.T.cells,3460.5,8.311826839302116e-05
Myeloid Monocytes_tumorfront_aggregatedNeighbors.Tumor.non.proliferating,1586.0,0.00015210954096154153
CD4 T cells regulatory_stromal_CD44,3437.0,0.00015734232429174863
CD4 T cells memory_stromal_CD44,3436.5,0.00016068365284546267
CD8 T cells_intratumor_aggregatedNeighbors.CD8.T.cells,3399.5,0.0001647718633396431
CD4 T cells naive_stromal_CD44,3430.0,0.00017744569823613108
Myeloid M2 macrophages_tumorfront_aggregatedNeighbors.CD8.T.cells,3372.5,0.00038606260042356656
CD4 T cells memory_stromal_area,3364.5,0.0005019391228800416
Myeloid M1 macrophages_tumorfront_aggregatedNeighbors.Tumor.non.proliferating,1665.5,0.0005414552897228798
Myeloid DCs_stromal_CD44,3358.0,0.0005499972451238442
CD8 T cells_intratumor_CD36,3350.0,0.0005683093722332486
Myeloid M2 macrophages_tumorfront_aggregatedNeighbors.Tumor.non.proliferating,1671.5,0.0005895578269928363
B cells_stromal_CD44,3333.0,0.0007873920210682246
Myeloid Granulocytes_stromal_Ki67,1693.0,0.0008135462076645495
Tumor proliferating_intratumor_aggregatedNeighbors.CD8.T.cells,3268.5,0.0008273452256577443
Myeloid Monocytes_tumorfront_aggregatedNeighbors.CD8.T.cells,3312.0,0.0008410024644155648
Myeloid Granulocytes_stromal_GranzymeB,1699.0,0.000890184988907387
Vessel_tumorfront_aggregatedNeighbors.Tumor.non.proliferating,1703.0,0.0009463395142556097
B cells_stromal_area,3298.0,0.001309431198489922
Vessel_tumorfront_aggregatedNeighbors.CD4.T.cells.memory,3298.0,0.0013350106159928025
CD4 T cells memory_tumorfront_aggregatedNeighbors.Tumor.non.proliferating,1729.5,0.0013715411722485219
Tumor non-proliferating_intratumor_area,3295.0,0.0013950871073935868
Myeloid Monocytes_tumorfront_celldistance,1736.5,0.0015284898594222056
Myeloid Monocytes_stromal_aggregatedNeighbors.CD4.T.cells.memory,3273.5,0.0018237226080209993
CD4 T cells memory_tumorfront_aggregatedNeighbors.CD8.T.cells,3267.5,0.0018785616999011754
CD4 T cells naive_tumorfront_CD44,3270.0,0.0019494821691522788
Myeloid Granulocytes_stromal_CD44,3268.5,0.00201306381365504
CD8 T cells_stromal_area,3264.0,0.0021474244804714783
Myeloid Monocytes_stromal_CD44,3259.0,0.002299384548932684
CD8 T cells_stromal_CD44,3258.0,0.0023304588423044685
Tumor proliferating_intratumor_E-Cadherin,3247.0,0.0026885274303289435
Myeloid DCs_tumorfront_aggregatedNeighbors.CD8.T.cells,3220.5,0.002841756843482187
CD4 T cells regulatory_tumorfront_aggregatedNeighbors.CD8.T.cells,3187.0,0.0030400875646160366
CD8 T cells_tumorfront_aggregatedNeighbors.CD8.T.cells,3231.0,0.00327794206511705
Tumor non-proliferating_tumorfront_aggregatedNeighbors.Tumor.non.proliferating,1795.0,0.003389170663045538
Tumor non-proliferating_stromal_pERK,1799.5,0.0034394415843533497
CD4 T cells regulatory_tumorfront_E-Cadherin,3225.0,0.0034462347379988624
CD4 T cells naive_stromal_aggregatedNeighbors.CD8.T.cells,3224.5,0.0035000555180545005
CD4 T cells regulatory_tumorfront_CD44,3219.0,0.003729230427246503
CD8 T cells_intratumor_area,3213.5,0.003923033795166672
Myeloid Granulocytes_stromal_aggregatedNeighbors.Tumor.non.proliferating,1969.5,0.0044390482818546274
CD8 T cells_tumorfront_cellfrequency,3207.0,0.004563945567000516
Vessel_stromal_aggregatedNeighbors.CD4.T.cells.memory,3203.0,0.004805897879440083
CD8 T cells_tumorfront_CD44,3194.0,0.005383040465499598
CD4 T cells naive_tumorfront_area,3191.5,0.005493182041816549
CD4 T cells memory_tumorfront_aggregatedNeighbors.CD4.T.cells.memory,3180.0,0.005956056039382217
CD4 T cells memory_stromal_aggregatedNeighbors.CD8.T.cells,3185.0,0.005978730163374172
Myeloid M2 macrophages_tumorfront_aggregatedNeighbors.CD4.T.cells.memory,3174.5,0.006452999944891746
Myeloid M2 macrophages_stromal_aggregatedNeighbors.CD4.T.cells.memory,3176.5,0.006550952370190505
CD4 T cells regulatory_stromal_aggregatedNeighbors.Vessel,1853.0,0.0068107889763300835
Fibroblasts_tumorfront_aggregatedNeighbors.Tumor.non.proliferating,1850.0,0.006823242653395461
Fibroblasts_stromal_aggregatedNeighbors.CD8.T.cells,3173.0,0.006991112227448327
Myeloid M2 macrophages_stromal_aggregatedNeighbors.CD8.T.cells,3166.5,0.007367288187060583
Myeloid DCs_stromal_aggregatedNeighbors.Vessel,1862.5,0.007756020601345504
Myeloid M1 macrophages_tumorfront_aggregatedNeighbors.CD8.T.cells,3161.5,0.007778824534669339
Vessel_tumorfront_aggregatedNeighbors.CD8.T.cells,3158.0,0.008378417197932243
CD4 T cells naive_tumorfront_CD36,3151.0,0.009031846065320781
CD8 T cells_stromal_aggregatedNeighbors.Vessel,1874.5,0.009180371907004653
CD4 T cells memory_tumorfront_CD44,3146.5,0.00962799797675692
CD4 T cells naive_tumorfront_celldistance,1880.0,0.009701443849741156
CD4 T cells memory_intratumor_cellfrequency,2806.0,0.009791778513752868
CD8 T cells_intratumor_VEGF,3133.0,0.01068552458552809
Tumor proliferating_tumorfront_aggregatedNeighbors.CD8.T.cells,3128.0,0.01080827517908451
CD8 T cells_tumorfront_CD36,3132.0,0.011413275256443835
Fibroblasts_tumorfront_aggregatedNeighbors.CD4.T.cells.memory,3128.0,0.011876703502537077
CD4 T cells memory_tumorfront_cellfrequency,3128.5,0.011891400872365189
CD8 T cells_stromal_aggregatedNeighbors.CD8.T.cells,3125.5,0.012210492790313799
Myeloid M1 macrophages_tumorfront_aggregatedNeighbors.CD4.T.cells.memory,3123.5,0.012262586031957332
Fibroblasts_tumorfront_aggregatedNeighbors.CD8.T.cells,3125.0,0.012263251636410564
Tumor proliferating_intratumor_pCREB,3125.0,0.012334595200474384
CD4 T cells memory_stromal_cellfrequency,3123.5,0.01260096701623774
Fibroblasts_stromal_CD44,3120.0,0.013118979130406144
CD8 T cells_tumorfront_aggregatedNeighbors.CD4.T.cells.memory,3113.0,0.013607818575625399
Tumor non-proliferating_tumorfront_aggregatedNeighbors.CD8.T.cells,3116.5,0.013632973006331697
CD8 T cells_intratumor_pSTAT1,3109.0,0.013995086172870461
CD4 T cells regulatory_stromal_aggregatedNeighbors.CD8.T.cells,3104.5,0.014121711082281217
B cells_tumorfront_CD44,3092.5,0.014159958964244513
CD8 T cells_stromal_cellfrequency,3112.0,0.014369867233737059
Tumor non-proliferating_tumorfront_GranzymeB,3111.0,0.014535726102574026
Tumor proliferating_stromal_cellfrequency,2075.0,0.014641113697491583
Vessel_tumorfront_area,3109.0,0.01486829793732925
Myeloid M2 macrophages_stromal_CD44,3107.0,0.015207129752549753
CD8 T cells_intratumor_pSTAT3,3102.0,0.015300911323942892
Tumor proliferating_tumorfront_aggregatedNeighbors.Tumor.non.proliferating,1919.0,0.01537252524364006
CD4 T cells regulatory_tumorfront_pSTAT1,3100.5,0.015563081168250656
Fibroblasts_stromal_aggregatedNeighbors.CD4.T.cells.naive,3103.0,0.01576032475556867
B cells_tumorfront_area,3082.0,0.016203550958396887
Tumor proliferating_intratumor_VEGF,3100.0,0.016386061642167875
Myeloid Monocytes_stromal_eccentricity,3100.0,0.016448783900826717
B cells_tumorfront_aggregatedNeighbors.Tumor.proliferating,2908.5,0.016556768355403713
Fibroblasts_tumorfront_area,3094.5,0.017486336782718184
CD8 T cells_intratumor_pNFkB,3088.0,0.017907121320056077
Myeloid M1 macrophages_tumorfront_celldistance,1933.0,0.0179764572728654
B cells_tumorfront_pSTAT3,3065.0,0.018216049320594854
Fibroblasts_stromal_aggregatedNeighbors.CD4.T.cells.memory,3089.0,0.018573672551229305
Tumor non-proliferating_stromal_aggregatedNeighbors.Myeloid.Granulocytes,2060.5,0.018959661627399853
Vessel_stromal_CD44,3086.0,0.01920225658778133
CD8 T cells_tumorfront_GranzymeB,3083.0,0.019831190944000796
CD4 T cells regulatory_tumorfront_pMAPKAPK2,3080.0,0.0199093107851856
CD8 T cells_intratumor_E-Cadherin,3075.0,0.020667382003798564
CD8 T cells_intratumor_pCREB,3075.0,0.020667382003798564
B cells_tumorfront_pp38,3059.5,0.020696165098110196
CD8 T cells_stromal_aggregatedNeighbors.CD4.T.cells.naive,3076.0,0.020735195488223425
CD4 T cells regulatory_tumorfront_CD36,3075.0,0.02096251945601659
Vessel_stromal_aggregatedNeighbors.CD4.T.cells.naive,3077.0,0.02108571204291167
Tumor non-proliferating_tumorfront_aggregatedNeighbors.Vessel,1948.0,0.021177513950157913
CD4 T cells naive_stromal_aggregatedNeighbors.CD4.T.cells.memory,3074.0,0.021688578883978214
Tumor non-proliferating_tumorfront_cellfrequency,1952.0,0.022110969990635155
Tumor proliferating_tumorfront_aggregatedNeighbors.B.cells,2878.5,0.022141670985953862
CD4 T cells naive_stromal_aggregatedNeighbors.CD4.T.cells.naive,3069.5,0.022179976543509682
Vessel_tumorfront_cellfrequency,1953.0,0.022349816425007888
CD4 T cells memory_stromal_aggregatedNeighbors.CD4.T.cells.memory,3068.0,0.023186424301428005
Myeloid M1 macrophages_stromal_aggregatedNeighbors.Tumor.non.proliferating,1992.5,0.02323620587773429
Tumor non-proliferating_stromal_E-Cadherin,1960.0,0.023546427315170045
Myeloid Monocytes_stromal_aggregatedNeighbors.CD4.T.cells.naive,3063.0,0.024051658860405428
Tumor proliferating_intratumor_CD36,3063.0,0.024518168437647574
CD4 T cells naive_stromal_cellfrequency,3063.0,0.02453393346150322
Myeloid Granulocytes_tumorfront_aggregatedNeighbors.CD4.T.cells.memory,3035.0,0.02586022722982993
B cells_intratumor_cellfrequency,2775.5,0.026167826770597168
Tumor proliferating_tumorfront_aggregatedNeighbors.CD4.T.cells.memory,3034.5,0.02666757804104209
Myeloid M1 macrophages_stromal_aggregatedNeighbors.CD4.T.cells.naive,3053.0,0.02700577048751467
CD8 T cells_intratumor_GranzymeB,3049.0,0.027317375699721338
Tumor proliferating_intratumor_pNFkB,3052.0,0.027529082021189595
CD4 T cells memory_stromal_aggregatedNeighbors.Myeloid.M1.macrophages,1974.0,0.02769147397680166
Fibroblasts_tumorfront_aggregatedNeighbors.Vessel,1975.5,0.028346841949194058
Myeloid Monocytes_stromal_area,3049.5,0.028348001973031507
Myeloid M1 macrophages_stromal_CD44,3048.0,0.02879417999630701
CD8 T cells_stromal_aggregatedNeighbors.Myeloid.M1.macrophages,1980.0,0.029438538466325014
Fibroblasts_tumorfront_pERK,1982.0,0.030321863783979493
Myeloid Granulocytes_stromal_aggregatedNeighbors.CD4.T.cells.memory,3039.5,0.030370341257030694
CD8 T cells_stromal_eccentricity,3042.0,0.03063212460223448
CD8 T cells_tumorfront_aggregatedNeighbors.CD4.T.cells.naive,3033.5,0.031310673401264616
CD4 T cells naive_tumorfront_E-Cadherin,3039.0,0.03135673934365647
CD4 T cells naive_tumorfront_aggregatedNeighbors.CD4.T.cells.memory,3028.0,0.0316137323003288
CD8 T cells_tumorfront_area,3037.0,0.03223099075193307
Fibroblasts_stromal_aggregatedNeighbors.B.cells,3032.5,0.033003294635934606
CD4 T cells memory_tumorfront_CD36,3032.5,0.033751371009954866
CD8 T cells_intratumor_CD44,3027.0,0.03431346532359494
Myeloid M1 macrophages_stromal_aggregatedNeighbors.CD8.T.cells,3030.0,0.03433162248202942
CD4 T cells naive_tumorfront_aggregatedNeighbors.Myeloid.M2.macrophages,3016.5,0.0348488178532667
B cells_tumorfront_CD36,3010.0,0.03503148154085203
B cells_tumorfront_aggregatedNeighbors.CD8.T.cells,2984.0,0.03507406070424139
Tumor non-proliferating_stromal_VEGF,1998.5,0.035300571794652146
Vessel_stromal_aggregatedNeighbors.CD8.T.cells,3025.0,0.03640751942738661
Myeloid M2 macrophages_tumorfront_aggregatedNeighbors.CD4.T.cells.naive,3013.5,0.03648356559666779
Myeloid Monocytes_stromal_aggregatedNeighbors.CD8.T.cells,3023.0,0.03656179655184401
Tumor non-proliferating_tumorfront_celldistance,3021.0,0.03789795911608021
B cells_stromal_aggregatedNeighbors.Myeloid.Granulocytes,2040.0,0.03799375639679711
CD8 T cells_intratumor_Ki67,3016.0,0.038222000832536386
Tumor proliferating_tumorfront_cellfrequency,3019.0,0.03864896197721517
CD8 T cells_tumorfront_aggregatedNeighbors.CD4.T.cells.regulatory,2984.0,0.03902082941644114
Tumor proliferating_tumorfront_E-Cadherin,3018.0,0.03903495866979985
CD4 T cells regulatory_tumorfront_cellfrequency,3015.0,0.0392869901537549
CD4 T cells regulatory_stromal_area,3016.5,0.03948800019269078
CD4 T cells memory_stromal_eccentricity,3015.5,0.040023889513694094
Tumor proliferating_tumorfront_pCREB,3015.0,0.04021264972079261
Myeloid Monocytes_tumorfront_aggregatedNeighbors.CD4.T.cells.memory,3005.5,0.040802932207274704
CD4 T cells regulatory_tumorfront_area,3010.5,0.04107847693423398
Myeloid Monocytes_stromal_aggregatedNeighbors.Tumor.non.proliferating,2103.0,0.04135360386168877
CD8 T cells_tumorfront_E-Cadherin,3012.0,0.04141437002988325
Myeloid Granulocytes_tumorfront_aggregatedNeighbors.CD8.T.cells,2978.0,0.04157462484533695
CD8 T cells_intratumor_aggregatedNeighbors.Tumor.proliferating,2979.0,0.04297027003887927
Tumor non-proliferating_intratumor_eccentricity,2019.0,0.04394041900953307
Myeloid DCs_tumorfront_aggregatedNeighbors.Tumor.non.proliferating,2024.0,0.044866722711873835
Tumor non-proliferating_intratumor_aggregatedNeighbors.CD8.T.cells,3000.0,0.045824502550087326
Tumor non-proliferating_intratumor_pCREB,2999.0,0.047027435910967565
B cells_stromal_pSTAT1,2998.0,0.04707168840700643
Myeloid Granulocytes_stromal_pERK,2027.0,0.04743185783326324
CD8 T cells_intratumor_pERK,2994.0,0.04764817579234901
Myeloid M2 macrophages_stromal_aggregatedNeighbors.Myeloid.M1.macrophages,2029.5,0.04847560561480743
Tumor non-proliferating_stromal_Ki67,2033.0,0.04872263180591939
B cells_tumorfront_VEGF,2978.5,0.04877113995641112
CD8 T cells_intratumor_cellfrequency,2991.0,0.04905187342844374
Myeloid Monocytes_stromal_aggregatedNeighbors.Vessel,2030.5,0.04908277683954461
Tumor proliferating_intratumor_pp38,2992.0,0.05016001226831378
CD8 T cells_intratumor_pp38,2987.0,0.05097731217451967
B cells_stromal_aggregatedNeighbors.Fibroblasts,2987.5,0.05114196302463624
Tumor non-proliferating_stromal_pS6,2037.0,0.051679234703320746
Tumor non-proliferating_stromal_aggregatedNeighbors.Tumor.non.proliferating,2072.0,0.05228137241414414
Myeloid M2 macrophages_tumorfront_aggregatedNeighbors.Vessel,2038.0,0.05259448198066516
Myeloid DCs_stromal_eccentricity,2986.0,0.05313153203562278
Tumor non-proliferating_stromal_aggregatedNeighbors.Myeloid.Monocytes,2120.5,0.05427709699965233
Myeloid Granulocytes_tumorfront_Ki67,2046.5,0.056536102829270594
Fibroblasts_stromal_eccentricity,2978.0,0.057402165904965954
Myeloid DCs_stromal_aggregatedNeighbors.CD4.T.cells.naive,2964.0,0.05795490794444816
B cells_stromal_CD36,2976.0,0.05801511727277066
CD4 T cells memory_tumorfront_aggregatedNeighbors.CD4.T.cells.regulatory,2958.5,0.05881279514657198
CD4 T cells regulatory_stromal_CD36,2973.0,0.0599158166151218
Vessel_stromal_aggregatedNeighbors.Vessel,2052.0,0.0601348933583408
Myeloid DCs_stromal_aggregatedNeighbors.CD8.T.cells,2966.0,0.06044171469861947
CD4 T cells memory_tumorfront_aggregatedNeighbors.Myeloid.Granulocytes,2953.5,0.06065319544416095
Myeloid DCs_tumorfront_aggregatedNeighbors.CD4.T.cells.memory,2957.0,0.06108342463915491
Myeloid M2 macrophages_stromal_area,2970.0,0.0618246092360632
B cells_tumorfront_celldistance,2072.0,0.06300074372843842
CD4 T cells regulatory_tumorfront_pSTAT3,2964.0,0.06331550929722626
CD4 T cells naive_tumorfront_VEGF,2966.0,0.06377024595759827
CD4 T cells naive_stromal_eccentricity,2965.0,0.06460345880441487
B cells_tumorfront_pNFkB,2949.5,0.06462807705793094
CD8 T cells_stromal_aggregatedNeighbors.CD4.T.cells.regulatory,2958.0,0.06514081650508956
CD4 T cells regulatory_tumorfront_eccentricity,2961.0,0.06584917734394535
Vessel_stromal_area,2962.0,0.06652770115062757
Myeloid Granulocytes_tumorfront_GranzymeB,2067.0,0.06865529612868107
Fibroblasts_stromal_area,2958.0,0.06898693030629394
Myeloid M1 macrophages_stromal_area,2957.5,0.06929893597395834
Tumor non-proliferating_intratumor_VEGF,2956.0,0.07024427273131242
Myeloid Granulocytes_tumorfront_aggregatedNeighbors.Myeloid.Monocytes,2930.0,0.07160003114538678
CD4 T cells regulatory_tumorfront_pCREB,2951.0,0.07211525180036493
Myeloid DCs_stromal_aggregatedNeighbors.Tumor.non.proliferating,2195.5,0.0735269135808646
Tumor proliferating_intratumor_pSTAT1,2950.0,0.07395981253806813
CD4 T cells memory_stromal_aggregatedNeighbors.CD4.T.cells.naive,2949.5,0.07405520677278214
Tumor non-proliferating_stromal_aggregatedNeighbors.Vessel,2081.5,0.0740686391590852
Tumor non-proliferating_tumorfront_aggregatedNeighbors.Tumor.proliferating,2950.0,0.07412346102924383
CD8 T cells_stromal_aggregatedNeighbors.CD4.T.cells.memory,2948.0,0.07516608950461735
Myeloid DCs_tumorfront_CD36,2947.0,0.0753373600472781
Myeloid Granulocytes_stromal_aggregatedNeighbors.Myeloid.M1.macrophages,2081.5,0.0758924250324767
CD8 T cells_tumorfront_Ki67,2947.0,0.07611118958728148
Myeloid Monocytes_tumorfront_area,2946.5,0.07646015951431556
B cells_tumorfront_eccentricity,2931.0,0.07735778419204187
Myeloid Granulocytes_tumorfront_pMAPKAPK2,2943.0,0.07846524455443737
Myeloid Granulocytes_stromal_area,2940.5,0.08056807548539596
Myeloid M1 macrophages_stromal_aggregatedNeighbors.Myeloid.Granulocytes,2089.0,0.08135899205611222
Myeloid Granulocytes_tumorfront_aggregatedNeighbors.Myeloid.DCs,2897.5,0.08164947061311864
Fibroblasts_stromal_aggregatedNeighbors.Vessel,2086.0,0.0817075742840813
B cells_tumorfront_pMAPKAPK2,2924.0,0.08244915011992875
CD8 T cells_intratumor_pS6,2934.0,0.08301644066749826
Vessel_stromal_cellfrequency,2088.0,0.08315109581841036
CD8 T cells_tumorfront_aggregatedNeighbors.B.cells,2904.5,0.08422036253636415
Fibroblasts_stromal_aggregatedNeighbors.Myeloid.M1.macrophages,2089.5,0.0842356138460432
CD4 T cells regulatory_stromal_pMAPKAPK2,2935.0,0.08434893424262094
Tumor non-proliferating_intratumor_E-Cadherin,2934.0,0.08535455224112294
B cells_stromal_aggregatedNeighbors.CD4.T.cells.naive,2928.0,0.08681978027798513
Myeloid Granulocytes_tumorfront_CD44,2930.0,0.08798542265166845
CD4 T cells memory_tumorfront_area,2930.0,0.08835199362710716
Fibroblasts_stromal_aggregatedNeighbors.Tumor.non.proliferating,2105.5,0.088471540854255
CD4 T cells naive_tumorfront_pSTAT1,2928.5,0.08892189226237221
B cells_stromal_pp38,2927.0,0.09008089374973492
Tumor proliferating_tumorfront_aggregatedNeighbors.Vessel,2099.0,0.09067378610616715
CD8 T cells_tumorfront_VEGF,2925.0,0.09222069456227074
CD4 T cells naive_stromal_aggregatedNeighbors.B.cells,2919.5,0.09321821570405661
Vessel_stromal_Ki67,2103.0,0.09464460919854581
Myeloid Granulocytes_tumorfront_aggregatedNeighbors.Vessel,2107.0,0.09557829561119473
Myeloid Granulocytes_stromal_aggregatedNeighbors.B.cells,2132.0,0.09689556971415751
CD4 T cells naive_tumorfront_cellfrequency,2918.0,0.09744763326811087
CD4 T cells memory_tumorfront_aggregatedNeighbors.B.cells,2870.5,0.0976309623974048
B cells_stromal_pMAPKAPK2,2917.0,0.09812145432211902
Tumor non-proliferating_intratumor_GranzymeB,2917.0,0.09874722013283484
B cells_stromal_aggregatedNeighbors.CD8.T.cells,2913.0,0.09883930381821053
Tumor non-proliferating_intratumor_CD44,2109.0,0.09958453626679445
Vessel_tumorfront_aggregatedNeighbors.CD4.T.cells.regulatory,2907.5,0.10013689441406755
Myeloid Monocytes_tumorfront_CD44,2914.5,0.10083862373792987
Fibroblasts_stromal_pERK,2111.0,0.1012761549121681
CD4 T cells naive_stromal_VEGF,2913.0,0.10196702337898725
CD4 T cells regulatory_tumorfront_aggregatedNeighbors.Tumor.proliferating,2832.0,0.10323288469181045
CD4 T cells regulatory_tumorfront_pNFkB,2909.0,0.10379194200530964
CD4 T cells naive_stromal_aggregatedNeighbors.Myeloid.M1.macrophages,2115.0,0.1041643634864883
B cells_tumorfront_pSTAT1,2894.5,0.104942424917382
Myeloid M1 macrophages_tumorfront_aggregatedNeighbors.CD4.T.cells.regulatory,2876.5,0.10518509367040647
CD4 T cells memory_stromal_CD36,2908.5,0.10604262757291875
Tumor non-proliferating_intratumor_pS6,2907.0,0.1073776916385408
CD8 T cells_intratumor_pMAPKAPK2,2903.0,0.10831675845992009
CD8 T cells_tumorfront_aggregatedNeighbors.Tumor.proliferating,2897.5,0.11103765908396043
B cells_stromal_cellfrequency,2902.0,0.11124595342092591
Tumor non-proliferating_tumorfront_aggregatedNeighbors.CD4.T.cells.regulatory,2890.0,0.11180112618642302
Vessel_tumorfront_eccentricity,2902.0,0.11191152555385266
Myeloid Granulocytes_stromal_aggregatedNeighbors.Fibroblasts,2901.0,0.1123178074323663
CD4 T cells naive_tumorfront_pp38,2901.0,0.11233441234637555
B cells_stromal_VEGF,2899.0,0.11403007235749439
Vessel_stromal_pERK,2127.0,0.11564621846289004
B cells_tumorfront_E-Cadherin,2883.5,0.11678166519932537
Tumor non-proliferating_tumorfront_aggregatedNeighbors.Myeloid.M1.macrophages,2129.5,0.11801623132720815
Tumor proliferating_intratumor_area,2894.5,0.11877651431496578
B cells_stromal_aggregatedNeighbors.B.cells,2887.0,0.11950734461278575
Myeloid M2 macrophages_stromal_aggregatedNeighbors.Vessel,2132.0,0.12042746828039592
CD4 T cells memory_stromal_aggregatedNeighbors.Vessel,2132.5,0.12092616988232761
Tumor proliferating_intratumor_eccentricity,2892.0,0.12121257199810416
Myeloid M2 macrophages_stromal_aggregatedNeighbors.CD4.T.cells.regulatory,2879.0,0.12198183602515718
CD4 T cells regulatory_stromal_aggregatedNeighbors.Myeloid.M1.macrophages,2145.0,0.12286173784037765
Tumor non-proliferating_tumorfront_pCREB,2890.0,0.1234089605278072
Myeloid M1 macrophages_stromal_aggregatedNeighbors.Vessel,2135.5,0.12389984107658739
CD4 T cells regulatory_tumorfront_pp38,2886.5,0.12431909714827175
Fibroblasts_tumorfront_aggregatedNeighbors.CD4.T.cells.naive,2885.0,0.12479326668754327
Myeloid DCs_stromal_aggregatedNeighbors.Myeloid.M1.macrophages,2140.5,0.1255445617499285
B cells_stromal_pSTAT3,2887.0,0.12561786174279513
B cells_tumorfront_cellfrequency,2874.0,0.12716489116243995
B cells_tumorfront_GranzymeB,2874.0,0.12716489116243995
Tumor non-proliferating_tumorfront_pS6,2884.0,0.12949350954479288
Myeloid Monocytes_tumorfront_aggregatedNeighbors.Myeloid.Granulocytes,2862.0,0.12956616183397018
Vessel_stromal_aggregatedNeighbors.Myeloid.M1.macrophages,2143.0,0.13156780738122864
Myeloid Granulocytes_tumorfront_aggregatedNeighbors.CD4.T.cells.regulatory,2800.0,0.13227342936542175
CD4 T cells naive_stromal_CD36,2880.0,0.13349228148246
Fibroblasts_tumorfront_aggregatedNeighbors.Tumor.proliferating,2875.0,0.1339143913307971
Myeloid M1 macrophages_tumorfront_CD44,2879.0,0.13473937636627098
CD4 T cells regulatory_intratumor_cellfrequency,2437.5,0.1358171209231712
Vessel_tumorfront_aggregatedNeighbors.CD4.T.cells.naive,2875.0,0.13633545474905567
CD4 T cells memory_tumorfront_aggregatedNeighbors.Vessel,2148.0,0.13675866092560188
CD4 T cells regulatory_stromal_aggregatedNeighbors.Myeloid.Granulocytes,2187.5,0.13825128127220984
B cells_tumorfront_pERK,2861.0,0.13832573184766597
Myeloid DCs_tumorfront_aggregatedNeighbors.Myeloid.Granulocytes,2840.0,0.1386603087042851
Myeloid M1 macrophages_stromal_CD36,2875.0,0.13905347421636155
Tumor non-proliferating_tumorfront_E-Cadherin,2875.0,0.13905388828905227
Myeloid M2 macrophages_stromal_aggregatedNeighbors.Myeloid.Monocytes,2152.0,0.1395536525502566
Myeloid M1 macrophages_intratumor_cellfrequency,2174.5,0.14154903125070278
B cells_stromal_E-Cadherin,2872.0,0.14161760247649266
B cells_stromal_pNFkB,2871.0,0.14273011857733467
Myeloid M1 macrophages_stromal_aggregatedNeighbors.CD4.T.cells.memory,2871.0,0.1428204382031491
CD4 T cells naive_tumorfront_pSTAT3,2871.0,0.1428271589679657
CD4 T cells regulatory_stromal_aggregatedNeighbors.Tumor.non.proliferating,2282.0,0.14285250122836213
Tumor non-proliferating_stromal_aggregatedNeighbors.CD8.T.cells,2831.0,0.14447387649963572
Fibroblasts_stromal_aggregatedNeighbors.Myeloid.Monocytes,2869.0,0.1455680857191827
B cells_tumorfront_pCREB,2857.0,0.14607232565047876
Myeloid Granulocytes_stromal_E-Cadherin,2868.5,0.1461691875934699
Myeloid Monocytes_tumorfront_aggregatedNeighbors.Tumor.proliferating,2855.0,0.14842535911768695
Vessel_tumorfront_aggregatedNeighbors.Tumor.proliferating,2864.5,0.1498987689099143
CD4 T cells naive_stromal_pp38,2865.0,0.15010960460641032
CD4 T cells regulatory_tumorfront_pERK,2862.0,0.1512227443385343
CD4 T cells naive_tumorfront_aggregatedNeighbors.CD4.T.cells.naive,2846.5,0.1517567175767941
Myeloid DCs_stromal_aggregatedNeighbors.CD4.T.cells.memory,2860.0,0.15215262321027703
Tumor proliferating_intratumor_CD44,2862.0,0.15356947242066862
Fibroblasts_tumorfront_eccentricity,2862.0,0.15381103084436223
Fibroblasts_tumorfront_celldistance,2163.0,0.15381103084436223
CD4 T cells memory_tumorfront_aggregatedNeighbors.CD4.T.cells.naive,2853.0,0.15746202037709545
CD4 T cells memory_tumorfront_pp38,2858.5,0.1579654185653322
Vessel_tumorfront_pERK,2167.0,0.15858325272704554
Myeloid Monocytes_tumorfront_aggregatedNeighbors.Vessel,2168.5,0.1595909398718296
Vessel_tumorfront_aggregatedNeighbors.Vessel,2168.0,0.15979364183881706
Vessel_tumorfront_pS6,2168.0,0.15979364183881706
Myeloid Monocytes_tumorfront_aggregatedNeighbors.CD4.T.cells.regulatory,2809.0,0.1611998171043969
Tumor non-proliferating_stromal_eccentricity,2170.0,0.16122208515933978
CD4 T cells naive_tumorfront_pNFkB,2855.0,0.16164973372128966
Myeloid M2 macrophages_tumorfront_aggregatedNeighbors.CD4.T.cells.regulatory,2827.5,0.16249329164917248
Tumor proliferating_intratumor_aggregatedNeighbors.Tumor.non.proliferating,2171.5,0.16369693091795923
CD4 T cells regulatory_tumorfront_aggregatedNeighbors.CD4.T.cells.memory,2833.0,0.16779262359069969
CD4 T cells naive_tumorfront_aggregatedNeighbors.Tumor.proliferating,2810.5,0.16806356084243124
Tumor non-proliferating_tumorfront_Ki67,2850.0,0.1684627150095639
B cells_tumorfront_aggregatedNeighbors.CD4.T.cells.memory,2804.0,0.170701064592106
Myeloid M2 macrophages_stromal_aggregatedNeighbors.CD4.T.cells.naive,2844.5,0.17418924978799533
CD4 T cells memory_tumorfront_eccentricity,2845.5,0.1742034180548333
CD4 T cells naive_stromal_aggregatedNeighbors.Fibroblasts,2842.0,0.17818882667909552
CD4 T cells naive_stromal_pSTAT1,2842.0,0.17858989861202668
Tumor non-proliferating_intratumor_CD36,2842.0,0.1787970982650584
Vessel_stromal_aggregatedNeighbors.Myeloid.Granulocytes,2184.0,0.1799127372519238
Myeloid M2 macrophages_tumorfront_CD44,2840.0,0.1814272704637092
Myeloid DCs_tumorfront_pCREB,2839.0,0.18159745218134637
CD4 T cells memory_stromal_aggregatedNeighbors.Myeloid.Monocytes,2838.0,0.18293935693680985
CD8 T cells_stromal_aggregatedNeighbors.Tumor.non.proliferating,2797.0,0.18367980840158082
CD4 T cells naive_stromal_pSTAT3,2838.0,0.18392864284562327
Tumor proliferating_tumorfront_pS6,2838.0,0.18411210422415292
Myeloid Granulocytes_stromal_aggregatedNeighbors.Myeloid.Granulocytes,2197.0,0.18472003428026407
Myeloid Monocytes_tumorfront_CD36,2834.5,0.1888908931553458
CD8 T cells_tumorfront_pp38,2833.0,0.19093967859731398
B cells_stromal_eccentricity,2830.0,0.19434224271647593
Myeloid Granulocytes_tumorfront_aggregatedNeighbors.Myeloid.M2.macrophages,2815.0,0.19535998698973156
Myeloid M1 macrophages_tumorfront_aggregatedNeighbors.Myeloid.DCs,2823.0,0.1969004189300737
Myeloid DCs_tumorfront_aggregatedNeighbors.Myeloid.Monocytes,2209.5,0.19759737670841737
Myeloid M2 macrophages_tumorfront_aggregatedNeighbors.Myeloid.Granulocytes,2811.0,0.19800144200141
Fibroblasts_tumorfront_CD44,2828.0,0.19800486742832812
CD4 T cells naive_tumorfront_pMAPKAPK2,2827.0,0.19880556292632723
Tumor non-proliferating_stromal_cellfrequency,2199.0,0.19978048055971964
Fibroblasts_stromal_aggregatedNeighbors.CD4.T.cells.regulatory,2824.0,0.20005827400902598
CD4 T cells naive_tumorfront_eccentricity,2825.0,0.20168080070876904
Tumor proliferating_intratumor_pS6,2825.0,0.20204539537684363
CD8 T cells_tumorfront_pS6,2825.0,0.2022705790979643
Vessel_stromal_pS6,2200.0,0.20231030138216133
Vessel_stromal_aggregatedNeighbors.B.cells,2823.5,0.2027508432856887
Tumor non-proliferating_tumorfront_aggregatedNeighbors.CD4.T.cells.memory,2823.5,0.20427256524329118
CD4 T cells memory_stromal_pSTAT3,2823.5,0.20448368496129377
Myeloid Granulocytes_stromal_cellfrequency,2202.0,0.20511378921430978
Myeloid DCs_tumorfront_aggregatedNeighbors.Myeloid.M1.macrophages,2817.0,0.2061918253618139
Tumor proliferating_intratumor_Ki67,2822.0,0.20641708678637172
Tumor non-proliferating_tumorfront_aggregatedNeighbors.B.cells,2795.0,0.2070661016347064
B cells_tumorfront_pS6,2811.0,0.20796671801755562
Myeloid Granulocytes_stromal_CD36,2821.0,0.20805159611852353
Myeloid Monocytes_stromal_pp38,2821.0,0.2081545502811759
Vessel_stromal_aggregatedNeighbors.Tumor.non.proliferating,2208.5,0.20931315549623075
B cells_tumorfront_aggregatedNeighbors.Fibroblasts,2774.5,0.21033678052937765
CD8 T cells_tumorfront_pNFkB,2819.0,0.2110848640994103
Tumor non-proliferating_stromal_pSTAT1,2208.0,0.21173387856519332
CD4 T cells naive_stromal_pMAPKAPK2,2818.0,0.21240265111992318
CD4 T cells naive_stromal_E-Cadherin,2818.0,0.21240265111992318
CD8 T cells_tumorfront_aggregatedNeighbors.Vessel,2207.0,0.21244197191043734
CD8 T cells_tumorfront_pCREB,2816.0,0.2155947460950547
Myeloid DCs_tumorfront_celldistance,2211.0,0.21742286282883394
Myeloid Granulocytes_tumorfront_aggregatedNeighbors.Myeloid.M1.macrophages,2806.0,0.21800845257470258
Tumor non-proliferating_intratumor_aggregatedNeighbors.Tumor.non.proliferating,2211.0,0.21867970060741249
CD4 T cells regulatory_tumorfront_aggregatedNeighbors.Myeloid.M2.macrophages,2786.5,0.2191189970883457
Myeloid Monocytes_tumorfront_pSTAT1,2813.0,0.22018715923359466
Tumor non-proliferating_intratumor_pNFkB,2813.0,0.2202142320821242
CD8 T cells_stromal_aggregatedNeighbors.Myeloid.Granulocytes,2218.5,0.221804757784011
B cells_tumorfront_aggregatedNeighbors.B.cells,2768.0,0.22197726016385477
Tumor proliferating_tumorfront_GranzymeB,2810.0,0.2248354521757714
Myeloid M2 macrophages_stromal_pS6,2215.0,0.2248607149438241
CD4 T cells regulatory_stromal_pS6,2216.0,0.2260965554856007
Myeloid Granulocytes_tumorfront_aggregatedNeighbors.CD4.T.cells.naive,2772.0,0.2277343380882496
Myeloid M1 macrophages_stromal_pERK,2217.0,0.2279998135220327
Vessel_tumorfront_celldistance,2217.0,0.22800030084423806
Myeloid Monocytes_tumorfront_aggregatedNeighbors.Myeloid.Monocytes,2796.5,0.23094780423243966
CD4 T cells regulatory_tumorfront_VEGF,2804.0,0.23192736303938954
Tumor non-proliferating_stromal_pp38,2221.0,0.23215711178738263
Myeloid M2 macrophages_tumorfront_celldistance,2220.0,0.23273763163953953
Fibroblasts_stromal_aggregatedNeighbors.Myeloid.DCs,2222.5,0.23434154749484226
CD4 T cells memory_stromal_pMAPKAPK2,2803.5,0.23516882373391934
Vessel_intratumor_cellfrequency,2260.5,0.23905039409889983
CD4 T cells regulatory_stromal_E-Cadherin,2800.0,0.24052710005183087
CD4 T cells memory_tumorfront_pSTAT1,2799.0,0.24247783679360513
Tumor proliferating_tumorfront_aggregatedNeighbors.Tumor.proliferating,2797.5,0.2442187719994956
CD8 T cells_tumorfront_eccentricity,2795.0,0.24911460896327464
Myeloid DCs_tumorfront_CD44,2793.0,0.2512336620460828
Fibroblasts_tumorfront_aggregatedNeighbors.Myeloid.M2.macrophages,2792.5,0.2524840244175214
Fibroblasts_stromal_pS6,2234.0,0.2559335359875301
CD4 T cells memory_tumorfront_aggregatedNeighbors.Tumor.proliferating,2778.5,0.25608537841785495
Tumor proliferating_tumorfront_VEGF,2788.0,0.26107183507637344
CD4 T cells naive_tumorfront_aggregatedNeighbors.B.cells,2741.0,0.2623557817110713
Tumor proliferating_tumorfront_aggregatedNeighbors.Myeloid.Monocytes,2777.5,0.26283903357474114
Tumor non-proliferating_stromal_pCREB,2239.0,0.2634300413594505
CD8 T cells_tumorfront_aggregatedNeighbors.Myeloid.M2.macrophages,2783.5,0.2639793182699287
CD4 T cells memory_tumorfront_celldistance,2239.5,0.26544226103355884
CD4 T cells memory_stromal_E-Cadherin,2784.5,0.26721272789919726
Tumor proliferating_intratumor_aggregatedNeighbors.Tumor.proliferating,2782.5,0.26821982144841694
B cells_stromal_aggregatedNeighbors.Myeloid.M1.macrophages,2245.0,0.2693833803149802
Myeloid M1 macrophages_stromal_aggregatedNeighbors.B.cells,2780.0,0.2698092533724623
Fibroblasts_tumorfront_aggregatedNeighbors.Myeloid.M1.macrophages,2243.5,0.27204921647864944
CD8 T cells_stromal_pS6,2245.0,0.2752174112729002
Tumor non-proliferating_stromal_aggregatedNeighbors.CD4.T.cells.regulatory,2345.0,0.2784503189605695
CD4 T cells regulatory_tumorfront_Ki67,2774.5,0.28058342019891114
Myeloid M2 macrophages_stromal_aggregatedNeighbors.Myeloid.M2.macrophages,2776.0,0.28100267484119557
CD8 T cells_tumorfront_aggregatedNeighbors.Tumor.non.proliferating,2249.0,0.2823387171306069
Myeloid Granulocytes_stromal_pMAPKAPK2,2776.0,0.28237252271110425
Tumor proliferating_tumorfront_aggregatedNeighbors.CD4.T.cells.naive,2740.5,0.2842614962563884
Fibroblasts_stromal_CD36,2775.0,0.2843175830269441
B cells_stromal_pCREB,2774.0,0.2852640277016876
Tumor proliferating_tumorfront_aggregatedNeighbors.CD4.T.cells.regulatory,2718.5,0.28555715824133987
Myeloid M2 macrophages_stromal_aggregatedNeighbors.Myeloid.DCs,2256.5,0.2856680110203552
CD8 T cells_stromal_CD36,2774.0,0.28614961529326366
Myeloid Monocytes_stromal_pSTAT3,2774.0,0.2861576935197512
Myeloid Granulocytes_stromal_pp38,2773.0,0.2877799504424886
CD4 T cells naive_tumorfront_aggregatedNeighbors.Myeloid.DCs,2741.5,0.2897032320475499
CD4 T cells memory_stromal_pS6,2253.5,0.29079519619027816
CD4 T cells naive_stromal_pNFkB,2771.0,0.2915042454960777
Myeloid M2 macrophages_stromal_CD36,2771.0,0.29173237686858366
Tumor proliferating_tumorfront_aggregatedNeighbors.Myeloid.M1.macrophages,2261.0,0.2942406918643835
Tumor non-proliferating_stromal_CD44,2258.5,0.29874675247351645
Tumor proliferating_tumorfront_CD36,2767.0,0.2992517854271276
Myeloid Granulocytes_tumorfront_pCREB,2766.0,0.3006086734277277
Myeloid M2 macrophages_stromal_E-Cadherin,2766.0,0.30118472115403994
Fibroblasts_tumorfront_aggregatedNeighbors.CD4.T.cells.regulatory,2747.0,0.30363582805016753
Myeloid Granulocytes_tumorfront_CD36,2760.0,0.3122172619201262
CD4 T cells regulatory_stromal_aggregatedNeighbors.CD4.T.cells.naive,2752.5,0.3123945353538178
CD4 T cells regulatory_stromal_cellfrequency,2760.0,0.3124509363448055
Myeloid M1 macrophages_stromal_cellfrequency,2265.0,0.31279595937873295
Tumor proliferating_intratumor_GranzymeB,2759.0,0.3144749866586549
CD4 T cells regulatory_stromal_VEGF,2758.0,0.3163852782977924
Myeloid M1 macrophages_tumorfront_area,2757.0,0.31870862815253176
Tumor proliferating_tumorfront_pSTAT1,2756.0,0.32063617959467694
Myeloid M1 macrophages_tumorfront_aggregatedNeighbors.CD4.T.cells.naive,2752.5,0.32090012513407173
Myeloid Granulocytes_tumorfront_aggregatedNeighbors.Tumor.non.proliferating,2272.0,0.3223060153932388
CD4 T cells memory_tumorfront_VEGF,2753.5,0.3256831213649465
Myeloid Granulocytes_intratumor_cellfrequency,2702.5,0.32900488091881996
Myeloid M2 macrophages_stromal_pERK,2273.5,0.32973521887717105
Tumor non-proliferating_intratumor_Ki67,2274.0,0.33075519015003463
CD4 T cells regulatory_stromal_aggregatedNeighbors.CD4.T.cells.regulatory,2716.0,0.33093440721981604
CD4 T cells regulatory_tumorfront_aggregatedNeighbors.Myeloid.Monocytes,2720.5,0.3313127784799359
Vessel_tumorfront_aggregatedNeighbors.Myeloid.M2.macrophages,2750.5,0.3316885041357054
CD4 T cells naive_tumorfront_Ki67,2749.0,0.33393638927240865
Myeloid M1 macrophages_tumorfront_aggregatedNeighbors.Vessel,2278.0,0.33891266159018385
Myeloid Granulocytes_tumorfront_pS6,2746.0,0.3404377797201338
Tumor proliferating_intratumor_pMAPKAPK2,2746.0,0.3407317465959726
Myeloid M2 macrophages_stromal_aggregatedNeighbors.Myeloid.Granulocytes,2283.5,0.3409238221293671
Myeloid M1 macrophages_tumorfront_pERK,2280.0,0.34309092261919727
CD4 T cells regulatory_stromal_pSTAT3,2744.0,0.3445024513704905
Myeloid Monocytes_stromal_pSTAT1,2744.0,0.3451655850142794
Myeloid DCs_stromal_cellfrequency,2282.0,0.34703803110526654
CD4 T cells regulatory_tumorfront_aggregatedNeighbors.CD4.T.cells.naive,2710.5,0.3470543470006442
Myeloid Monocytes_stromal_pS6,2283.0,0.34936637018561056
CD4 T cells memory_stromal_pp38,2741.5,0.35041654693038116
Myeloid Granulocytes_tumorfront_pp38,2741.0,0.3508046167630463
Fibroblasts_stromal_aggregatedNeighbors.Myeloid.M2.macrophages,2740.5,0.35250527972169365
B cells_tumorfront_aggregatedNeighbors.CD4.T.cells.naive,2695.5,0.355218337988204
Myeloid Monocytes_stromal_aggregatedNeighbors.CD4.T.cells.regulatory,2723.5,0.3577782543745065
CD8 T cells_stromal_pMAPKAPK2,2738.0,0.35784024120238345
CD4 T cells regulatory_tumorfront_aggregatedNeighbors.Myeloid.M1.macrophages,2718.5,0.3596358387720543
Myeloid M1 macrophages_tumorfront_aggregatedNeighbors.Myeloid.M2.macrophages,2734.0,0.3636985257012316
CD4 T cells regulatory_stromal_pCREB,2735.0,0.36395404814663646
Tumor non-proliferating_tumorfront_aggregatedNeighbors.CD4.T.cells.naive,2733.0,0.3650212200317322
CD8 T cells_tumorfront_pSTAT3,2731.0,0.37296044064022493
Myeloid M2 macrophages_tumorfront_CD36,2731.0,0.37297446622665664
B cells_tumorfront_aggregatedNeighbors.Myeloid.M1.macrophages,2328.5,0.3734510158483574
Myeloid Monocytes_tumorfront_aggregatedNeighbors.CD4.T.cells.naive,2719.0,0.3735452595742048
Tumor non-proliferating_stromal_pMAPKAPK2,2296.0,0.37593661138686596
Fibroblasts_stromal_aggregatedNeighbors.Myeloid.Granulocytes,2296.0,0.3769187602266906
CD4 T cells memory_stromal_Ki67,2729.0,0.37739366207907277
Myeloid Granulocytes_tumorfront_area,2728.0,0.3790381830430378
Myeloid DCs_stromal_aggregatedNeighbors.Fibroblasts,2298.5,0.3792427938197722
Tumor non-proliferating_intratumor_pSTAT1,2728.0,0.3796161853083463
CD4 T cells regulatory_stromal_aggregatedNeighbors.CD4.T.cells.memory,2726.0,0.3797436799100786
Myeloid DCs_tumorfront_aggregatedNeighbors.Tumor.proliferating,2710.0,0.38162763802366106
Tumor non-proliferating_stromal_pNFkB,2299.0,0.3826027526444724
Myeloid M1 macrophages_stromal_E-Cadherin,2726.0,0.3840651034320226
CD4 T cells naive_tumorfront_aggregatedNeighbors.Vessel,2300.5,0.3840996316103018
Myeloid Granulocytes_tumorfront_VEGF,2725.0,0.38573338863826034
CD4 T cells regulatory_tumorfront_aggregatedNeighbors.CD4.T.cells.regulatory,2653.0,0.38876203561371137
Tumor proliferating_intratumor_pSTAT3,2723.0,0.3905198179259425
Vessel_stromal_CD36,2302.0,0.3907980124017518
Myeloid M1 macrophages_tumorfront_Ki67,2722.0,0.3930561696407866
Vessel_stromal_aggregatedNeighbors.Myeloid.DCs,2304.0,0.39369767656418464
CD4 T cells memory_stromal_VEGF,2719.5,0.39873811196738074
B cells_tumorfront_aggregatedNeighbors.Tumor.non.proliferating,2700.5,0.4030793566206895
CD4 T cells memory_tumorfront_GranzymeB,2716.5,0.4056126716050664
Fibroblasts_stromal_cellfrequency,2716.0,0.40678456847755595
Fibroblasts_tumorfront_aggregatedNeighbors.B.cells,2696.0,0.4072896037959012
Tumor non-proliferating_stromal_aggregatedNeighbors.Myeloid.M2.macrophages,2694.5,0.4090942609645424
Fibroblasts_intratumor_cellfrequency,2402.0,0.41288768336981296
CD4 T cells naive_stromal_aggregatedNeighbors.Myeloid.M2.macrophages,2712.5,0.4133116356271477
Myeloid Monocytes_stromal_GranzymeB,2313.0,0.41609041367326216
Tumor non-proliferating_stromal_aggregatedNeighbors.Myeloid.M1.macrophages,2324.0,0.41662401880714883
Myeloid Monocytes_tumorfront_GranzymeB,2711.5,0.4172475354659444
Myeloid Granulocytes_stromal_aggregatedNeighbors.Myeloid.M2.macrophages,2707.0,0.4193396958386417
Myeloid DCs_tumorfront_VEGF,2710.0,0.41952341002041305
CD4 T cells naive_tumorfront_GranzymeB,2710.0,0.42014458764347207
Myeloid M2 macrophages_tumorfront_aggregatedNeighbors.Myeloid.M2.macrophages,2707.5,0.42063447109291563
Tumor non-proliferating_intratumor_pp38,2710.0,0.4207930274313477
Tumor non-proliferating_tumorfront_eccentricity,2710.0,0.4207930274313477
CD8 T cells_stromal_pSTAT1,2707.0,0.4278924833220905
CD4 T cells memory_stromal_pSTAT1,2706.0,0.430277663457058
Myeloid Granulocytes_tumorfront_cellfrequency,2705.0,0.4321297376898092
CD4 T cells regulatory_stromal_pp38,2705.0,0.4322124052252799
Myeloid M2 macrophages_tumorfront_aggregatedNeighbors.Tumor.proliferating,2701.5,0.4326461768051928
Fibroblasts_tumorfront_pS6,2320.0,0.4326801873496263
Vessel_tumorfront_CD44,2705.0,0.4326801873496263
Myeloid DCs_stromal_aggregatedNeighbors.Myeloid.Granulocytes,2331.0,0.4330649237012457
Myeloid Monocytes_tumorfront_pNFkB,2702.5,0.43867913691636196
CD8 T cells_tumorfront_pMAPKAPK2,2702.0,0.439864561167178
Myeloid M1 macrophages_stromal_pp38,2702.0,0.4399048165944357
Fibroblasts_stromal_Ki67,2324.0,0.4423283219977079
Myeloid M2 macrophages_stromal_aggregatedNeighbors.Tumor.non.proliferating,2342.5,0.4446506525060471
Myeloid Granulocytes_stromal_aggregatedNeighbors.CD4.T.cells.naive,2695.5,0.4450437917923079
CD4 T cells naive_stromal_aggregatedNeighbors.Myeloid.DCs,2693.5,0.44723948485418596
CD4 T cells memory_tumorfront_pSTAT3,2698.0,0.4496178965278085
Myeloid Monocytes_tumorfront_aggregatedNeighbors.Myeloid.DCs,2335.0,0.44997327027013123
Myeloid M2 macrophages_tumorfront_pp38,2697.5,0.4508306404058099
Myeloid DCs_tumorfront_pS6,2697.0,0.45086233485488636
CD4 T cells regulatory_stromal_eccentricity,2697.0,0.45171133664468777
B cells_stromal_aggregatedNeighbors.CD4.T.cells.memory,2695.5,0.4517568569851369
Tumor proliferating_tumorfront_celldistance,2697.0,0.4520718448783181
Myeloid Monocytes_stromal_VEGF,2697.0,0.45209648568158556
Myeloid M1 macrophages_tumorfront_cellfrequency,2328.0,0.45209790716666154
Tumor non-proliferating_tumorfront_VEGF,2696.0,0.4545598189683172
CD4 T cells regulatory_stromal_aggregatedNeighbors.B.cells,2681.0,0.4556000922263572
CD4 T cells naive_tumorfront_aggregatedNeighbors.CD4.T.cells.regulatory,2663.5,0.45618897920503976
CD8 T cells_stromal_E-Cadherin,2695.0,0.45701935950290795
Myeloid M1 macrophages_tumorfront_CD36,2695.0,0.45702831916409936
Myeloid Monocytes_stromal_aggregatedNeighbors.Myeloid.DCs,2688.0,0.4579293773662291
CD4 T cells memory_tumorfront_pNFkB,2694.5,0.45824961145198595
Myeloid DCs_stromal_pMAPKAPK2,2693.0,0.46177565333042325
Myeloid DCs_tumorfront_aggregatedNeighbors.CD4.T.cells.naive,2671.0,0.4618389592282707
CD8 T cells_stromal_aggregatedNeighbors.B.cells,2691.0,0.4626627688380882
B cells_tumorfront_aggregatedNeighbors.Vessel,2676.0,0.46737871183757873
Myeloid Granulocytes_tumorfront_aggregatedNeighbors.B.cells,2624.5,0.4693050924481633
Myeloid M2 macrophages_stromal_pMAPKAPK2,2690.0,0.4694841427037577
Myeloid Monocytes_stromal_aggregatedNeighbors.Myeloid.Granulocytes,2339.5,0.46973995851895023
Vessel_tumorfront_aggregatedNeighbors.Myeloid.M1.macrophages,2335.5,0.47072523148805456
CD4 T cells regulatory_stromal_aggregatedNeighbors.Myeloid.M2.macrophages,2685.0,0.4710068522058257
CD4 T cells naive_tumorfront_aggregatedNeighbors.Tumor.non.proliferating,2337.0,0.4712790438730894
Myeloid Granulocytes_stromal_aggregatedNeighbors.Vessel,2336.0,0.47140780682126404
CD8 T cells_tumorfront_celldistance,2336.0,0.47196078243341777
Myeloid M2 macrophages_tumorfront_aggregatedNeighbors.Fibroblasts,2687.5,0.4738916736242469
Myeloid M1 macrophages_stromal_pS6,2337.0,0.4745209627227658
CD4 T cells naive_stromal_Ki67,2687.0,0.47679079542417
CD8 T cells_stromal_pERK,2338.0,0.4770402864474632
Myeloid M1 macrophages_stromal_pMAPKAPK2,2686.0,0.47958497514668397
CD4 T cells naive_tumorfront_aggregatedNeighbors.Fibroblasts,2683.5,0.4797772780344195
Myeloid DCs_tumorfront_pERK,2685.0,0.4809311775801254
Myeloid M1 macrophages_tumorfront_aggregatedNeighbors.Fibroblasts,2341.0,0.48415216247671256
Tumor proliferating_tumorfront_eccentricity,2684.0,0.48465362565579706
Myeloid Granulocytes_stromal_aggregatedNeighbors.Myeloid.Monocytes,2346.5,0.4891900760996586
Tumor proliferating_tumorfront_aggregatedNeighbors.Fibroblasts,2346.0,0.4905574376875603
Myeloid M1 macrophages_tumorfront_aggregatedNeighbors.Myeloid.M1.macrophages,2344.0,0.4908808129970875
Tumor non-proliferating_stromal_aggregatedNeighbors.Myeloid.DCs,2392.5,0.49924175171412666
CD8 T cells_intratumor_eccentricity,2677.0,0.4995095787016861
Vessel_stromal_eccentricity,2678.0,0.5001350564011049
CD8 T cells_tumorfront_aggregatedNeighbors.Myeloid.Granulocytes,2666.5,0.502481403906452
Myeloid Monocytes_tumorfront_E-Cadherin,2677.0,0.5027111425882897
B cells_stromal_Ki67,2676.5,0.5030085602619296
Tumor non-proliferating_tumorfront_pSTAT1,2676.0,0.5053444966220214
CD4 T cells regulatory_tumorfront_GranzymeB,2674.0,0.5083703428351871
Myeloid M1 macrophages_tumorfront_pSTAT1,2674.0,0.5105819317820428
Myeloid DCs_tumorfront_pSTAT3,2673.0,0.5114098563709788
CD4 T cells memory_stromal_aggregatedNeighbors.Myeloid.Granulocytes,2354.0,0.5155968705213709
Myeloid M1 macrophages_tumorfront_aggregatedNeighbors.Myeloid.Granulocytes,2668.5,0.5158140858243222
Myeloid M2 macrophages_tumorfront_cellfrequency,2672.0,0.5158238615244612
CD4 T cells naive_stromal_pS6,2354.0,0.5182925641627696
Myeloid M2 macrophages_tumorfront_eccentricity,2670.0,0.5211182022379597
B cells_stromal_GranzymeB,2669.0,0.5230280150678734
Tumor proliferating_tumorfront_area,2356.0,0.5237758249335361
Myeloid DCs_tumorfront_pSTAT1,2668.0,0.525038814917216
Myeloid M1 macrophages_stromal_aggregatedNeighbors.CD4.T.cells.regulatory,2663.5,0.5276093379914024
Myeloid DCs_stromal_pSTAT3,2667.0,0.5289395111954971
Fibroblasts_tumorfront_pMAPKAPK2,2359.0,0.5318142634260747
Myeloid Granulocytes_stromal_aggregatedNeighbors.Myeloid.DCs,2369.0,0.5321541669723691
CD4 T cells regulatory_tumorfront_celldistance,2360.0,0.5325627301887788
Myeloid M1 macrophages_tumorfront_aggregatedNeighbors.Tumor.proliferating,2663.5,0.5331935794043713
CD4 T cells naive_tumorfront_pCREB,2665.0,0.5339288339752244
Tumor non-proliferating_stromal_CD36,2361.0,0.5360785502156391
Myeloid Monocytes_stromal_pMAPKAPK2,2664.0,0.5371895807371057
Fibroblasts_tumorfront_aggregatedNeighbors.Myeloid.DCs,2659.0,0.5380124022731241
Myeloid DCs_stromal_E-Cadherin,2663.0,0.5396966520802011
Myeloid M2 macrophages_tumorfront_pSTAT3,2663.0,0.5398199172185913
CD8 T cells_tumorfront_pSTAT1,2663.0,0.539854328881896
Myeloid DCs_tumorfront_aggregatedNeighbors.Vessel,2364.0,0.5406720689089299
Myeloid M1 macrophages_tumorfront_aggregatedNeighbors.B.cells,2380.0,0.540796218200029
Myeloid DCs_intratumor_cellfrequency,2634.5,0.5445171570185321
B cells_tumorfront_Ki67,2655.0,0.5469850502419431
Myeloid M2 macrophages_tumorfront_GranzymeB,2660.0,0.5480031836668592
B cells_stromal_aggregatedNeighbors.Myeloid.Monocytes,2370.0,0.548491884632536
Myeloid M2 macrophages_tumorfront_pS6,2366.0,0.5507289101910458
Myeloid Monocytes_stromal_cellfrequency,2659.0,0.5507506205261405
CD8 T cells_tumorfront_aggregatedNeighbors.Myeloid.M1.macrophages,2367.0,0.5516012500053868
Myeloid Monocytes_tumorfront_VEGF,2658.5,0.5520826051509822
Fibroblasts_tumorfront_cellfrequency,2367.0,0.5534845679354752
Tumor non-proliferating_stromal_aggregatedNeighbors.CD4.T.cells.memory,2379.0,0.5546586722597121
Fibroblasts_tumorfront_CD36,2654.0,0.5644796196873876
CD4 T cells memory_tumorfront_E-Cadherin,2653.5,0.5658471093251289
Myeloid DCs_stromal_aggregatedNeighbors.Myeloid.DCs,2640.0,0.566840301001801
Myeloid Granulocytes_stromal_VEGF,2653.0,0.5671285279197985
Tumor non-proliferating_stromal_aggregatedNeighbors.Fibroblasts,2377.0,0.5683382622247233
Myeloid M1 macrophages_stromal_aggregatedNeighbors.Myeloid.DCs,2374.0,0.5684412153065213
CD8 T cells_stromal_pSTAT3,2652.0,0.5700082035084819
CD8 T cells_tumorfront_aggregatedNeighbors.Myeloid.DCs,2648.0,0.5709804838932384
Myeloid Monocytes_tumorfront_pSTAT3,2651.5,0.5713379540631369
Tumor proliferating_tumorfront_pp38,2651.5,0.5713706202519835
Myeloid M1 macrophages_tumorfront_eccentricity,2651.0,0.5727938946923137
CD4 T cells memory_stromal_GranzymeB,2649.5,0.5769693287865616
CD8 T cells_tumorfront_aggregatedNeighbors.Myeloid.Monocytes,2645.0,0.5795690315895967
CD4 T cells naive_stromal_aggregatedNeighbors.Myeloid.Monocytes,2647.0,0.5821850722522762
Myeloid M1 macrophages_stromal_aggregatedNeighbors.Myeloid.M1.macrophages,2379.0,0.5859825968590091
B cells_stromal_aggregatedNeighbors.Vessel,2379.5,0.5867447573643003
CD4 T cells regulatory_stromal_pERK,2379.5,0.5876661141748929
CD4 T cells memory_stromal_aggregatedNeighbors.Tumor.non.proliferating,2637.0,0.5880145165882968
CD8 T cells_stromal_Ki67,2645.0,0.5895821874261173
Myeloid M1 macrophages_stromal_pSTAT1,2645.0,0.5895958348704222
Myeloid M2 macrophages_stromal_aggregatedNeighbors.B.cells,2642.0,0.5925221698215828
Myeloid DCs_tumorfront_aggregatedNeighbors.CD4.T.cells.regulatory,2618.5,0.5930350942651497
CD8 T cells_stromal_VEGF,2643.0,0.5952386989298971
Myeloid M1 macrophages_stromal_aggregatedNeighbors.Fibroblasts,2382.5,0.5966525246888026
Myeloid Granulocytes_tumorfront_celldistance,2383.0,0.5976429851621485
Myeloid M1 macrophages_tumorfront_VEGF,2642.0,0.5980805556089578
Vessel_stromal_pNFkB,2383.0,0.5980809391549968
CD4 T cells naive_stromal_aggregatedNeighbors.CD4.T.cells.regulatory,2635.5,0.6071534422334826
Myeloid Monocytes_tumorfront_pp38,2638.5,0.6080365361495159
Tumor non-proliferating_tumorfront_CD36,2638.0,0.6094798284339383
B cells_stromal_aggregatedNeighbors.Tumor.non.proliferating,2601.0,0.6096479939531763
CD4 T cells regulatory_stromal_pNFkB,2637.0,0.6120401789792889
Myeloid DCs_tumorfront_GranzymeB,2636.0,0.614248720778998
Myeloid Monocytes_stromal_aggregatedNeighbors.Myeloid.M1.macrophages,2391.0,0.6201157447136307
Myeloid M1 macrophages_tumorfront_pS6,2392.0,0.6238622120458681
CD4 T cells regulatory_stromal_pSTAT1,2632.0,0.626344184298822
CD8 T cells_tumorfront_pERK,2632.0,0.6267263059292372
Tumor proliferating_intratumor_cellfrequency,2394.0,0.6294553430721523
Vessel_tumorfront_pMAPKAPK2,2394.0,0.6296564850188734
Myeloid Monocytes_tumorfront_aggregatedNeighbors.Myeloid.M1.macrophages,2629.5,0.6309712269909348
Vessel_stromal_aggregatedNeighbors.Myeloid.Monocytes,2395.0,0.6325406434517864
B cells_tumorfront_aggregatedNeighbors.CD4.T.cells.regulatory,2577.0,0.6337817449651295
Myeloid Monocytes_tumorfront_pERK,2395.5,0.6339152698954115
Myeloid DCs_stromal_GranzymeB,2629.0,0.6353120113333139
Vessel_stromal_pSTAT3,2396.0,0.6354732739649772
CD4 T cells memory_stromal_aggregatedNeighbors.B.cells,2626.5,0.6395498118509373
Myeloid DCs_stromal_pERK,2398.0,0.6411168066197679
Myeloid Granulocytes_stromal_pCREB,2627.0,0.6412357452431415
Tumor non-proliferating_tumorfront_aggregatedNeighbors.Fibroblasts,2398.0,0.6413004123009323
Tumor non-proliferating_tumorfront_pNFkB,2627.0,0.6413126426847384
Fibroblasts_tumorfront_pCREB,2398.5,0.6427756292107958
CD4 T cells naive_tumorfront_pS6,2399.0,0.6437782732897932
Myeloid M1 macrophages_stromal_GranzymeB,2399.0,0.6442406996497324
CD8 T cells_stromal_pp38,2624.0,0.65010652371241
Tumor non-proliferating_stromal_pSTAT3,2401.5,0.6503321679961918
Myeloid DCs_tumorfront_aggregatedNeighbors.B.cells,2594.0,0.6509202716521054
Vessel_tumorfront_aggregatedNeighbors.B.cells,2614.5,0.6521560644058362
Myeloid Granulocytes_stromal_pS6,2402.0,0.6529831430424178
Vessel_stromal_GranzymeB,2402.0,0.6530578996589023
CD4 T cells memory_tumorfront_aggregatedNeighbors.Myeloid.Monocytes,2621.5,0.6535535274195151
Myeloid DCs_tumorfront_cellfrequency,2622.0,0.6551277111909721
CD4 T cells regulatory_tumorfront_aggregatedNeighbors.B.cells,2577.5,0.6559797585238913
Fibroblasts_tumorfront_E-Cadherin,2403.0,0.6560078463964377
Vessel_stromal_aggregatedNeighbors.CD4.T.cells.regulatory,2621.0,0.6567506959091431
Myeloid Monocytes_tumorfront_pCREB,2621.5,0.6574730778269702
CD4 T cells memory_stromal_aggregatedNeighbors.CD4.T.cells.regulatory,2619.5,0.660339043423558
Tumor non-proliferating_stromal_GranzymeB,2405.0,0.6608301638522889
Myeloid M2 macrophages_tumorfront_aggregatedNeighbors.Myeloid.DCs,2409.0,0.6609060178390945
Tumor proliferating_tumorfront_pNFkB,2620.0,0.6619052175547926
Myeloid DCs_tumorfront_aggregatedNeighbors.Fibroblasts,2615.5,0.6649304443986745
Fibroblasts_tumorfront_GranzymeB,2407.0,0.6678609813952384
Myeloid Monocytes_stromal_aggregatedNeighbors.Fibroblasts,2617.5,0.6692585564972905
B cells_tumorfront_aggregatedNeighbors.Myeloid.Granulocytes,2577.5,0.669481221805176
Myeloid Monocytes_stromal_pERK,2408.5,0.6723243215966574
Myeloid M1 macrophages_tumorfront_GranzymeB,2616.0,0.6738186744632662
Fibroblasts_tumorfront_Ki67,2409.0,0.6738189965248078
Vessel_tumorfront_aggregatedNeighbors.Fibroblasts,2409.5,0.6753046639629083
Vessel_tumorfront_pSTAT3,2410.0,0.676805723972109
B cells_tumorfront_aggregatedNeighbors.Myeloid.DCs,2585.5,0.6818578396507893
Myeloid DCs_stromal_VEGF,2612.0,0.685621622609036
Tumor non-proliferating_tumorfront_area,2611.0,0.688803137244138
CD4 T cells memory_tumorfront_aggregatedNeighbors.Myeloid.DCs,2418.0,0.6895218777210559
Myeloid Monocytes_tumorfront_cellfrequency,2610.5,0.6902976400608586
Myeloid M1 macrophages_stromal_pSTAT3,2609.5,0.6933223217227262
Myeloid M2 macrophages_tumorfront_area,2609.0,0.6948127307979974
Tumor non-proliferating_stromal_aggregatedNeighbors.CD4.T.cells.naive,2593.0,0.6960881767281599
CD4 T cells memory_tumorfront_pMAPKAPK2,2607.5,0.6993551141921394
Myeloid Granulocytes_stromal_pSTAT3,2607.0,0.7007707033699723
B cells_stromal_aggregatedNeighbors.Myeloid.M2.macrophages,2419.5,0.701723223960758
CD4 T cells memory_tumorfront_pCREB,2606.5,0.7023838820339972
Myeloid DCs_tumorfront_area,2605.0,0.7061796532688579
Tumor proliferating_intratumor_pERK,2605.0,0.7067820038770796
Myeloid DCs_stromal_pNFkB,2605.0,0.7068128014894257
Myeloid DCs_stromal_pp38,2604.0,0.7097890834892071
Vessel_tumorfront_Ki67,2604.0,0.7099865695104823
Vessel_stromal_pCREB,2422.0,0.713031617117491
Myeloid Granulocytes_stromal_aggregatedNeighbors.CD4.T.cells.regulatory,2431.0,0.7149087354780597
Tumor non-proliferating_stromal_aggregatedNeighbors.B.cells,2450.5,0.7175138943650103
Fibroblasts_tumorfront_aggregatedNeighbors.Fibroblasts,2601.5,0.7175590370904927
Myeloid Monocytes_stromal_CD36,2601.0,0.7191342811182985
Myeloid M1 macrophages_stromal_pCREB,2601.0,0.7191354084082076
Tumor non-proliferating_tumorfront_pp38,2601.0,0.7191354084082076
Fibroblasts_stromal_E-Cadherin,2601.0,0.7191354084082076
Myeloid Granulocytes_tumorfront_E-Cadherin,2600.5,0.7202904641446392
CD4 T cells naive_stromal_aggregatedNeighbors.Myeloid.Granulocytes,2598.0,0.7220719827791455
Vessel_stromal_aggregatedNeighbors.Myeloid.M2.macrophages,2599.0,0.7252560610738301
Tumor non-proliferating_tumorfront_pERK,2426.0,0.7252571659493606
CD4 T cells memory_stromal_pERK,2426.5,0.7267876226516671
Myeloid Monocytes_tumorfront_Ki67,2597.0,0.7312448903469135
Myeloid Monocytes_tumorfront_pS6,2596.5,0.7329246630362747
Tumor non-proliferating_stromal_area,2429.0,0.7338507748351706
Fibroblasts_tumorfront_pNFkB,2429.0,0.7344727066103716
Myeloid M1 macrophages_tumorfront_pCREB,2594.0,0.7406375475280598
Tumor non-proliferating_intratumor_pSTAT3,2594.0,0.7406378095067281
Myeloid M2 macrophages_stromal_pSTAT3,2593.0,0.7437256105339823
CD4 T cells memory_stromal_pNFkB,2592.5,0.745270040524227
CD4 T cells regulatory_tumorfront_aggregatedNeighbors.Fibroblasts,2439.5,0.7465550522108656
Myeloid M2 macrophages_tumorfront_pMAPKAPK2,2434.0,0.7499024786123298
Myeloid DCs_tumorfront_pp38,2590.0,0.752364234014514
Fibroblasts_tumorfront_aggregatedNeighbors.Myeloid.Monocytes,2590.0,0.7525082005511337
Myeloid DCs_stromal_Ki67,2590.0,0.7526312930856462
Vessel_tumorfront_pCREB,2435.0,0.7530177503317694
CD4 T cells memory_stromal_aggregatedNeighbors.Myeloid.M2.macrophages,2589.5,0.7539945784621257
Myeloid M2 macrophages_stromal_aggregatedNeighbors.Fibroblasts,2588.5,0.7576613509766723
CD4 T cells naive_stromal_aggregatedNeighbors.Tumor.non.proliferating,2576.0,0.7583977274474237
Tumor proliferating_tumorfront_aggregatedNeighbors.Myeloid.M2.macrophages,2439.0,0.758554926011236
Myeloid Granulocytes_stromal_pNFkB,2437.0,0.7591428090003495
Vessel_tumorfront_pSTAT1,2587.0,0.7623447642103577
Myeloid DCs_tumorfront_pNFkB,2585.0,0.7679671941846834
Tumor non-proliferating_tumorfront_aggregatedNeighbors.Myeloid.Monocytes,2440.0,0.768389639267848
Myeloid M1 macrophages_tumorfront_pp38,2585.0,0.7685818624478126
CD4 T cells regulatory_tumorfront_aggregatedNeighbors.Myeloid.DCs,2454.5,0.7689888807118075
Myeloid DCs_tumorfront_E-Cadherin,2440.5,0.769456074144407
CD4 T cells regulatory_tumorfront_pS6,2584.0,0.7706537921441288
CD8 T cells_stromal_aggregatedNeighbors.Myeloid.DCs,2583.0,0.771016952577231
Myeloid M2 macrophages_tumorfront_VEGF,2584.0,0.7716933952774283
Myeloid M2 macrophages_tumorfront_pNFkB,2441.0,0.7716933952774283
Vessel_tumorfront_CD36,2584.0,0.7717064202181546
Myeloid Granulocytes_stromal_aggregatedNeighbors.CD8.T.cells,2583.0,0.7723428953881647
Myeloid M2 macrophages_stromal_Ki67,2583.5,0.7732676635956357
Fibroblasts_tumorfront_aggregatedNeighbors.Myeloid.Granulocytes,2580.0,0.7762742972213844
Myeloid M2 macrophages_stromal_eccentricity,2443.0,0.77796523045634
Myeloid DCs_stromal_aggregatedNeighbors.B.cells,2575.5,0.7789262518369606
Myeloid M1 macrophages_tumorfront_aggregatedNeighbors.Myeloid.Monocytes,2580.0,0.7827794692513994
CD4 T cells naive_tumorfront_aggregatedNeighbors.Myeloid.Monocytes,2576.5,0.7838488557503777
Tumor proliferating_tumorfront_aggregatedNeighbors.Myeloid.Granulocytes,2573.5,0.7858279772691545
Vessel_stromal_pMAPKAPK2,2446.0,0.7873826701434636
CD4 T cells regulatory_stromal_aggregatedNeighbors.Myeloid.Monocytes,2574.5,0.7881730925702849
CD4 T cells memory_tumorfront_Ki67,2578.5,0.7889476030456208
CD4 T cells regulatory_stromal_aggregatedNeighbors.Fibroblasts,2577.5,0.7899591068839675
Myeloid Monocytes_tumorfront_pMAPKAPK2,2577.5,0.792095264730061
Myeloid DCs_stromal_aggregatedNeighbors.Myeloid.Monocytes,2450.0,0.7925634062195799
Myeloid Monocytes_stromal_pNFkB,2577.0,0.7936769215121982
Tumor non-proliferating_intratumor_pERK,2577.0,0.7936777667165233
Vessel_tumorfront_aggregatedNeighbors.Myeloid.DCs,2576.0,0.7943970173470396
B cells_stromal_aggregatedNeighbors.CD4.T.cells.regulatory,2571.0,0.7944741050872572
CD4 T cells regulatory_tumorfront_aggregatedNeighbors.Tumor.non.proliferating,2575.0,0.7948398885869563
Myeloid DCs_stromal_pCREB,2574.0,0.8030535593110808
Myeloid M1 macrophages_stromal_Ki67,2451.0,0.8031455458845858
B cells_tumorfront_aggregatedNeighbors.Myeloid.Monocytes,2464.0,0.8047094399006791
Myeloid Granulocytes_stromal_eccentricity,2573.0,0.8062642015829068
Myeloid M2 macrophages_tumorfront_pERK,2453.0,0.8094626146677044
Myeloid M2 macrophages_tumorfront_pSTAT1,2455.0,0.8157913492502586
Tumor non-proliferating_tumorfront_CD44,2455.0,0.8158140964054512
Myeloid Monocytes_stromal_aggregatedNeighbors.Myeloid.M2.macrophages,2569.0,0.8184961799586805
Fibroblasts_stromal_pp38,2569.0,0.8189889104856449
Tumor non-proliferating_tumorfront_pMAPKAPK2,2456.0,0.8189889104856449
Myeloid M2 macrophages_tumorfront_E-Cadherin,2567.5,0.8237414261564182
CD4 T cells naive_intratumor_cellfrequency,2490.5,0.8259696054405498
Myeloid DCs_stromal_pS6,2459.0,0.8284504397599245
Myeloid Monocytes_stromal_pCREB,2566.0,0.828530266256792
Fibroblasts_stromal_VEGF,2566.0,0.8285309737539037
Tumor proliferating_tumorfront_CD44,2565.0,0.8317076395348084
Vessel_tumorfront_aggregatedNeighbors.Myeloid.Monocytes,2564.5,0.8331703095229137
Myeloid Monocytes_tumorfront_aggregatedNeighbors.Myeloid.M2.macrophages,2461.5,0.8334950680760732
Tumor non-proliferating_tumorfront_pSTAT3,2461.0,0.8349065282918153
CD8 T cells_intratumor_aggregatedNeighbors.Tumor.non.proliferating,2563.5,0.8352307092194524
Myeloid Granulocytes_stromal_pSTAT1,2563.0,0.8380046417583208
Myeloid M2 macrophages_stromal_VEGF,2563.0,0.8380977378099757
Myeloid M1 macrophages_stromal_VEGF,2563.0,0.8380984069844041
Vessel_tumorfront_aggregatedNeighbors.Myeloid.Granulocytes,2462.5,0.838498737164024
Myeloid Monocytes_stromal_aggregatedNeighbors.B.cells,2560.5,0.8412032308445063
Tumor proliferating_tumorfront_pSTAT3,2463.0,0.8412732584194402
Tumor proliferating_tumorfront_pMAPKAPK2,2562.0,0.8412837625532735
Myeloid Monocytes_stromal_E-Cadherin,2561.0,0.8444894685941776
Tumor proliferating_tumorfront_pERK,2465.0,0.8476810074998344
Vessel_tumorfront_pNFkB,2465.0,0.8476898359718075
Myeloid M1 macrophages_tumorfront_E-Cadherin,2559.0,0.8508919178893659
Myeloid DCs_stromal_aggregatedNeighbors.CD4.T.cells.regulatory,2553.0,0.8536735079589791
Myeloid M2 macrophages_stromal_pNFkB,2467.0,0.8540961648219736
Myeloid M2 macrophages_stromal_GranzymeB,2468.0,0.8573032841895192
CD4 T cells memory_tumorfront_aggregatedNeighbors.Myeloid.M1.macrophages,2469.5,0.8613303082525032
B cells_stromal_aggregatedNeighbors.Myeloid.DCs,2474.0,0.8621919440110462
Myeloid M2 macrophages_tumorfront_Ki67,2555.0,0.8636846527696249
CD8 T cells_stromal_aggregatedNeighbors.Fibroblasts,2554.5,0.8653191221111667
Myeloid M2 macrophages_tumorfront_aggregatedNeighbors.B.cells,2547.5,0.8662369830961612
Vessel_stromal_E-Cadherin,2471.0,0.866939131655077
Myeloid DCs_stromal_aggregatedNeighbors.Myeloid.M2.macrophages,2552.5,0.8688926932724834
B cells_stromal_pS6,2553.0,0.8699158869497273
CD8 T cells_stromal_aggregatedNeighbors.Myeloid.M2.macrophages,2553.0,0.8699470616717694
Vessel_tumorfront_pp38,2553.0,0.8701553557704149
Myeloid M1 macrophages_tumorfront_pMAPKAPK2,2552.0,0.8733735974424709
Vessel_stromal_VEGF,2552.0,0.8733737290019297
Fibroblasts_stromal_pMAPKAPK2,2551.0,0.8765941990043683
CD8 T cells_tumorfront_aggregatedNeighbors.Fibroblasts,2550.0,0.8794484876222978
Myeloid Granulocytes_tumorfront_pNFkB,2550.0,0.87962379427035
CD4 T cells memory_stromal_aggregatedNeighbors.Myeloid.DCs,2476.0,0.8816188199622962
Vessel_tumorfront_GranzymeB,2476.0,0.883041219422788
Myeloid M2 macrophages_stromal_pCREB,2477.0,0.8862671912021225
CD4 T cells regulatory_tumorfront_aggregatedNeighbors.Myeloid.Granulocytes,2540.5,0.8891876333970876
Myeloid DCs_stromal_pSTAT1,2546.5,0.8910336705423478
Tumor proliferating_tumorfront_aggregatedNeighbors.Myeloid.DCs,2481.5,0.8926295055715016
Myeloid Monocytes_tumorfront_aggregatedNeighbors.B.cells,2485.0,0.8944055637984107
CD8 T cells_stromal_pNFkB,2480.0,0.8959559391073131
Myeloid Monocytes_stromal_aggregatedNeighbors.Myeloid.Monocytes,2480.5,0.8960240121352893
CD4 T cells memory_tumorfront_pS6,2544.5,0.89757099535747
CD4 T cells memory_tumorfront_aggregatedNeighbors.Fibroblasts,2481.0,0.8990497509908468
Vessel_tumorfront_VEGF,2481.0,0.8991917803805517
Vessel_tumorfront_E-Cadherin,2544.0,0.8991917803805517
Myeloid M2 macrophages_intratumor_cellfrequency,2485.0,0.9018419815734937
CD4 T cells regulatory_stromal_GranzymeB,2543.0,0.90234401405123
CD4 T cells naive_stromal_GranzymeB,2542.0,0.9056193010147479
Fibroblasts_stromal_GranzymeB,2483.0,0.9056640972302695
Fibroblasts_tumorfront_pSTAT1,2542.0,0.9056640972302695
CD4 T cells regulatory_tumorfront_aggregatedNeighbors.Vessel,2541.5,0.9058083139361316
CD4 T cells naive_tumorfront_aggregatedNeighbors.Myeloid.M1.macrophages,2541.0,0.9075165118743609
Myeloid DCs_stromal_area,2484.0,0.9088586959881437
CD4 T cells memory_tumorfront_pERK,2541.0,0.908894650253278
Myeloid Granulocytes_tumorfront_pSTAT1,2540.0,0.9119033336271325
Myeloid M1 macrophages_tumorfront_pNFkB,2540.0,0.9121423193248848
Vessel_stromal_pSTAT1,2485.0,0.9121426860623649
Vessel_stromal_pp38,2487.0,0.9186271197897669
Myeloid Monocytes_intratumor_cellfrequency,2490.0,0.9209721950301738
CD4 T cells regulatory_stromal_aggregatedNeighbors.Myeloid.DCs,2491.0,0.9216852427032949
Myeloid M1 macrophages_stromal_eccentricity,2489.0,0.9251169701589059
Fibroblasts_stromal_pCREB,2489.0,0.9251169701589059
Fibroblasts_tumorfront_pp38,2536.0,0.9251169701589059
B cells_stromal_pERK,2535.0,0.9282117968794532
Myeloid M2 macrophages_tumorfront_aggregatedNeighbors.Myeloid.Monocytes,2491.0,0.930709239341293
CD4 T cells regulatory_stromal_Ki67,2534.0,0.9315014601172099
CD4 T cells naive_tumorfront_aggregatedNeighbors.Myeloid.Granulocytes,2530.5,0.9347050695978767
Myeloid M2 macrophages_tumorfront_pCREB,2492.0,0.9348571484935344
Tumor non-proliferating_tumorfront_aggregatedNeighbors.Myeloid.DCs,2493.0,0.9377550569428543
CD4 T cells naive_stromal_aggregatedNeighbors.Vessel,2493.0,0.938066888658406
Myeloid M1 macrophages_stromal_aggregatedNeighbors.Myeloid.M2.macrophages,2531.5,0.9397131911008048
CD4 T cells memory_stromal_aggregatedNeighbors.Fibroblasts,2531.5,0.9397343176189632
Fibroblasts_tumorfront_VEGF,2531.5,0.9397366496338359
Myeloid DCs_tumorfront_pMAPKAPK2,2531.0,0.941202363648765
CD4 T cells naive_stromal_pCREB,2530.0,0.9445883416449911
Myeloid M2 macrophages_stromal_cellfrequency,2530.0,0.9446144911090192
Myeloid M2 macrophages_stromal_pp38,2530.0,0.9446144911090192
Myeloid DCs_tumorfront_Ki67,2496.0,0.947688278015055
Myeloid Granulocytes_tumorfront_pERK,2496.5,0.9494009550645259
Tumor non-proliferating_tumorfront_aggregatedNeighbors.Myeloid.Granulocytes,2528.0,0.9506845814308287
CD4 T cells naive_stromal_pERK,2497.0,0.9510986469168752
Myeloid Granulocytes_tumorfront_eccentricity,2527.0,0.9543222591697096
Myeloid Monocytes_tumorfront_aggregatedNeighbors.Fibroblasts,2525.5,0.9590439051931935
Tumor proliferating_tumorfront_Ki67,2500.0,0.9608864433781216
Myeloid Monocytes_tumorfront_eccentricity,2501.5,0.9657731761779591
CD4 T cells memory_stromal_pCREB,2501.5,0.9657740722286923
Myeloid M1 macrophages_tumorfront_pSTAT3,2523.0,0.9674031533926121
Myeloid DCs_tumorfront_eccentricity,2522.0,0.9705811916080872
CD8 T cells_stromal_pCREB,2503.0,0.9706607952395325
Myeloid M1 macrophages_stromal_pNFkB,2522.0,0.9706614098002738
Myeloid DCs_tumorfront_aggregatedNeighbors.Myeloid.DCs,2521.0,0.9726363785871952
Myeloid M2 macrophages_tumorfront_aggregatedNeighbors.Myeloid.M1.macrophages,2505.0,0.977057789460612
Myeloid M1 macrophages_stromal_aggregatedNeighbors.Myeloid.Monocytes,2520.0,0.9771086014219351
Fibroblasts_stromal_pSTAT3,2520.0,0.9771790643455975
Myeloid Granulocytes_tumorfront_aggregatedNeighbors.Fibroblasts,2505.5,0.978003523855779
Myeloid Granulocytes_tumorfront_aggregatedNeighbors.Myeloid.Granulocytes,2506.5,0.980710275477005
Tumor non-proliferating_tumorfront_aggregatedNeighbors.Myeloid.M2.macrophages,2518.0,0.983692022701372
Fibroblasts_stromal_pNFkB,2507.0,0.9836982428624989
Myeloid Granulocytes_tumorfront_aggregatedNeighbors.Tumor.proliferating,2508.0,0.9858760696986283
Myeloid Granulocytes_tumorfront_pSTAT3,2517.0,0.9869400565720822
Tumor non-proliferating_intratumor_pMAPKAPK2,2517.0,0.986958267619119
Fibroblasts_tumorfront_pSTAT3,2517.0,0.986958267619119
Myeloid DCs_stromal_CD36,2516.0,0.9902127659233393
Fibroblasts_stromal_aggregatedNeighbors.Fibroblasts,2509.0,0.9902184999001555
CD4 T cells naive_tumorfront_pERK,2510.0,0.9934667816448898
Vessel_stromal_aggregatedNeighbors.Fibroblasts,2510.0,0.9934789160175164
Fibroblasts_stromal_pSTAT1,2510.0,0.9934789160175164
CD4 T cells memory_tumorfront_aggregatedNeighbors.Myeloid.M2.macrophages,2510.5,0.9950491545182262
B cells_tumorfront_aggregatedNeighbors.Myeloid.M2.macrophages,2514.0,0.9958536077469707
CD8 T cells_stromal_GranzymeB,2511.0,0.9967393624535736
Myeloid Monocytes_stromal_Ki67,2511.0,0.9967393966191888
Myeloid M2 macrophages_stromal_pSTAT1,2514.0,0.9967394171180423
Myeloid DCs_tumorfront_aggregatedNeighbors.Myeloid.M2.macrophages,2513.5,0.9983078343091212
Tumor non-proliferating_intratumor_aggregatedNeighbors.Tumor.proliferating,2511.5,0.9983696521980336
CD8 T cells_stromal_aggregatedNeighbors.Myeloid.Monocytes,2513.0,1.0
