,Mann-Whitney U-test,p-value
Tumor non-proliferating_intratumor_area,1018.0,5.4316328506748576e-06
CD4 T cells memory_stromal_area,964.5,8.523167133527713e-05
Myeloid Granulocytes_stromal_Ki67,294.0,0.00013920605835843813
CD8 T cells_stromal_aggregatedNeighbors.Myeloid.M1.macrophages,300.0,0.00018135771056252922
CD4 T cells memory_stromal_aggregatedNeighbors.Myeloid.M1.macrophages,312.0,0.0003104010771093449
CD4 T cells naive_stromal_aggregatedNeighbors.Myeloid.M1.macrophages,318.0,0.0004146439214267825
Tumor non-proliferating_intratumor_cellfrequency,320.0,0.0004526391677555564
Myeloid Granulocytes_stromal_GranzymeB,324.0,0.000535949835779198
B cells_stromal_aggregatedNeighbors.Myeloid.M1.macrophages,327.5,0.0005724267582465996
Fibroblasts_stromal_aggregatedNeighbors.Myeloid.M1.macrophages,328.5,0.0006511052529704038
CD4 T cells memory_stromal_eccentricity,911.5,0.0009109625720958451
Vessel_tumorfront_aggregatedNeighbors.Myeloid.M1.macrophages,338.0,0.000968271478916486
Myeloid M1 macrophages_intratumor_cellfrequency,412.5,0.0011216619156882884
Fibroblasts_tumorfront_aggregatedNeighbors.Myeloid.M1.macrophages,344.0,0.0012122836578484977
CD8 T cells_intratumor_CD36,902.0,0.0013145160754607138
CD4 T cells naive_stromal_pS6,351.0,0.0016378577828357783
Myeloid Monocytes_tumorfront_celldistance,351.5,0.0016703885664684109
CD8 T cells_stromal_area,889.0,0.002238409851465158
Myeloid M1 macrophages_tumorfront_cellfrequency,360.0,0.002326238766026714
CD4 T cells regulatory_stromal_aggregatedNeighbors.Myeloid.Granulocytes,422.5,0.002370916119516615
Vessel_tumorfront_area,886.0,0.00251143364117672
Fibroblasts_stromal_area,884.0,0.002710025275292059
CD4 T cells regulatory_stromal_aggregatedNeighbors.Myeloid.M1.macrophages,386.0,0.0034369718810923922
Myeloid M2 macrophages_stromal_aggregatedNeighbors.Myeloid.M1.macrophages,373.5,0.0038135066383191574
CD4 T cells naive_stromal_area,873.0,0.004082327018406239
Myeloid Monocytes_stromal_aggregatedNeighbors.Myeloid.M1.macrophages,378.5,0.004556058663082564
Myeloid M2 macrophages_stromal_aggregatedNeighbors.Myeloid.Monocytes,381.0,0.004593419017210911
Myeloid DCs_stromal_aggregatedNeighbors.Myeloid.M1.macrophages,390.5,0.005599744669896633
Myeloid Granulocytes_stromal_aggregatedNeighbors.Myeloid.M1.macrophages,392.5,0.0064765351356685895
CD8 T cells_stromal_aggregatedNeighbors.Vessel,388.0,0.006498232424149269
Tumor non-proliferating_tumorfront_area,858.0,0.006967673805496232
CD8 T cells_stromal_pS6,390.0,0.006967673805496232
Myeloid M1 macrophages_stromal_area,857.5,0.007089093999197945
Vessel_tumorfront_cellfrequency,394.0,0.007997855814175751
CD4 T cells memory_stromal_pS6,394.5,0.008135250295483447
CD4 T cells regulatory_stromal_pS6,397.0,0.00873301455367892
Myeloid DCs_stromal_aggregatedNeighbors.Myeloid.Monocytes,415.0,0.009771833928274553
Fibroblasts_stromal_pS6,400.0,0.009799564391740576
Myeloid Granulocytes_stromal_aggregatedNeighbors.CD4.T.cells.regulatory,450.0,0.010080853381287808
B cells_stromal_pS6,401.0,0.010110665749042763
CD4 T cells naive_tumorfront_aggregatedNeighbors.Myeloid.M1.macrophages,403.0,0.010585414517195696
Vessel_stromal_aggregatedNeighbors.Myeloid.M1.macrophages,404.0,0.011190828765748563
Myeloid M1 macrophages_tumorfront_aggregatedNeighbors.Myeloid.M1.macrophages,408.5,0.011277534373147803
Tumor non-proliferating_tumorfront_aggregatedNeighbors.Myeloid.M1.macrophages,406.0,0.011947336560887315
Vessel_stromal_pERK,407.0,0.01235186895615965
CD4 T cells memory_intratumor_cellfrequency,760.5,0.012567454609796124
CD8 T cells_intratumor_area,839.5,0.012802700248248278
B cells_stromal_area,838.0,0.013587619246711294
B cells_stromal_aggregatedNeighbors.Myeloid.Granulocytes,426.0,0.013770007496550406
CD4 T cells naive_tumorfront_pS6,410.5,0.01383563343035801
Vessel_stromal_area,837.0,0.01406089233224218
Fibroblasts_tumorfront_area,836.0,0.014519479392371117
Myeloid M1 macrophages_stromal_cellfrequency,413.0,0.014991203846725944
CD8 T cells_tumorfront_aggregatedNeighbors.Myeloid.M1.macrophages,415.0,0.015128227462261456
Myeloid Granulocytes_stromal_aggregatedNeighbors.Myeloid.Monocytes,420.5,0.015464782794037396
CD4 T cells naive_stromal_pCREB,418.0,0.01755797532141365
Myeloid M1 macrophages_stromal_aggregatedNeighbors.Myeloid.M1.macrophages,420.0,0.018327852565913953
B cells_stromal_aggregatedNeighbors.Myeloid.Monocytes,424.0,0.018995575216320344
Myeloid Monocytes_stromal_eccentricity,823.0,0.021795299113817935
CD4 T cells naive_tumorfront_pERK,426.0,0.02246356924921145
Tumor non-proliferating_intratumor_CD36,822.0,0.022468084106810886
Myeloid Monocytes_tumorfront_aggregatedNeighbors.Myeloid.DCs,452.0,0.02318641200959059
CD4 T cells memory_tumorfront_aggregatedNeighbors.Myeloid.M1.macrophages,430.0,0.023953396278269593
Myeloid M2 macrophages_stromal_area,818.5,0.024965761761594235
CD4 T cells memory_stromal_CD44,817.5,0.02572250890891115
CD8 T cells_tumorfront_area,817.0,0.02610826644325032
Vessel_tumorfront_eccentricity,817.0,0.026109519610396568
Myeloid Granulocytes_stromal_aggregatedNeighbors.Myeloid.Granulocytes,446.0,0.026844669800687608
Vessel_stromal_pSTAT3,432.0,0.02689608358828009
Vessel_stromal_aggregatedNeighbors.Myeloid.Granulocytes,433.0,0.027545236718170864
Fibroblasts_tumorfront_aggregatedNeighbors.Myeloid.Monocytes,433.0,0.027627352658359416
Fibroblasts_stromal_pERK,433.0,0.027703022551932625
Myeloid M1 macrophages_stromal_aggregatedNeighbors.CD4.T.cells.regulatory,446.5,0.0292473581263541
CD4 T cells naive_tumorfront_aggregatedNeighbors.Vessel,435.0,0.02929550523591671
B cells_stromal_aggregatedNeighbors.Vessel,435.5,0.02964500951746956
Myeloid DCs_tumorfront_aggregatedNeighbors.Myeloid.Monocytes,460.0,0.03040476523358153
Myeloid Monocytes_tumorfront_cellfrequency,436.5,0.030692432596372807
Myeloid DCs_stromal_CD44,810.5,0.030950407841922843
Fibroblasts_tumorfront_pCREB,437.0,0.031142949761017624
CD4 T cells naive_tumorfront_area,810.5,0.03159626839128384
CD4 T cells regulatory_stromal_CD44,810.0,0.0317415767122238
Vessel_tumorfront_pS6,438.0,0.03205812419612794
Vessel_stromal_pCREB,438.0,0.03205812419612794
Myeloid Monocytes_stromal_aggregatedNeighbors.Myeloid.Monocytes,440.0,0.03225873317376205
Myeloid M2 macrophages_tumorfront_aggregatedNeighbors.CD8.T.cells,806.5,0.032322407593583916
Vessel_tumorfront_aggregatedNeighbors.Myeloid.Monocytes,438.5,0.032439934730684176
CD4 T cells regulatory_stromal_aggregatedNeighbors.Vessel,442.5,0.03405940479218423
Myeloid M1 macrophages_stromal_pERK,441.0,0.03494316856055477
Fibroblasts_tumorfront_pERK,443.0,0.036987332317646546
Myeloid Monocytes_stromal_pS6,443.0,0.036987332317646546
Vessel_stromal_pS6,443.0,0.036987332317646546
CD8 T cells_stromal_pCREB,444.0,0.03804703925013529
Myeloid Granulocytes_stromal_pNFkB,449.0,0.043592515541380876
CD4 T cells memory_stromal_aggregatedNeighbors.CD4.T.cells.regulatory,454.0,0.0451847667660136
Vessel_stromal_VEGF,451.0,0.04621177440733643
Vessel_tumorfront_pERK,451.0,0.04621177440733643
Myeloid Monocytes_tumorfront_aggregatedNeighbors.Myeloid.M1.macrophages,453.0,0.04629027876351442
Tumor non-proliferating_stromal_VEGF,452.0,0.046814626772093505
Myeloid M1 macrophages_stromal_aggregatedNeighbors.Myeloid.Granulocytes,455.5,0.04711970119787214
Myeloid Monocytes_tumorfront_aggregatedNeighbors.Tumor.non.proliferating,452.5,0.047813182453322015
Myeloid Granulocytes_intratumor_cellfrequency,541.0,0.04812480456775883
Tumor non-proliferating_stromal_aggregatedNeighbors.Myeloid.Monocytes,474.5,0.048556187349145505
Myeloid M2 macrophages_tumorfront_celldistance,454.0,0.05003024142665351
CD4 T cells memory_stromal_pCREB,454.5,0.05081683264823806
Tumor non-proliferating_tumorfront_aggregatedNeighbors.Tumor.non.proliferating,455.0,0.05150730870779126
Tumor non-proliferating_intratumor_eccentricity,455.0,0.05150730870779126
Myeloid Granulocytes_stromal_aggregatedNeighbors.B.cells,466.5,0.05170560580930355
Myeloid Granulocytes_tumorfront_CD44,792.0,0.05179607702079641
Vessel_stromal_GranzymeB,456.0,0.0529078172873177
Myeloid M2 macrophages_stromal_pS6,457.5,0.05506610646290396
Vessel_stromal_aggregatedNeighbors.Myeloid.Monocytes,458.0,0.05580234355029851
CD4 T cells naive_stromal_eccentricity,790.0,0.05580439795722975
CD8 T cells_stromal_pNFkB,458.0,0.05580439795722975
Myeloid Granulocytes_stromal_pSTAT3,459.0,0.05712620368216505
Myeloid M1 macrophages_tumorfront_pS6,459.0,0.05730151521391568
CD4 T cells naive_stromal_CD44,788.0,0.05883188541644427
B cells_stromal_pCREB,461.0,0.06032064841031435
Tumor non-proliferating_tumorfront_cellfrequency,461.0,0.06039603825697721
Tumor non-proliferating_tumorfront_celldistance,461.0,0.06039603825697721
Vessel_tumorfront_pCREB,461.0,0.06039603825697721
Fibroblasts_tumorfront_aggregatedNeighbors.Vessel,461.0,0.06039603825697721
CD4 T cells naive_tumorfront_aggregatedNeighbors.CD8.T.cells,786.0,0.06150467944761603
Myeloid M1 macrophages_tumorfront_pERK,462.0,0.06199450599851059
Tumor non-proliferating_stromal_pERK,462.5,0.062176623029669
Tumor non-proliferating_stromal_aggregatedNeighbors.Myeloid.M1.macrophages,470.0,0.06267121838818698
Vessel_stromal_aggregatedNeighbors.Vessel,463.0,0.06362782331588263
Fibroblasts_tumorfront_CD44,785.0,0.06362782331588263
Tumor non-proliferating_tumorfront_pERK,464.0,0.06529652713199245
Tumor non-proliferating_stromal_pS6,465.0,0.06649769273958961
Tumor proliferating_intratumor_cellfrequency,465.0,0.06692103756822436
Myeloid Granulocytes_stromal_pERK,465.0,0.06692103756822436
Myeloid Granulocytes_tumorfront_pMAPKAPK2,782.0,0.06716388116932026
CD4 T cells naive_tumorfront_aggregatedNeighbors.Myeloid.Monocytes,467.5,0.0677685065126025
Myeloid M1 macrophages_stromal_pS6,466.0,0.0687422521761526
CD4 T cells naive_stromal_pERK,466.0,0.0687422521761526
CD4 T cells regulatory_tumorfront_aggregatedNeighbors.Myeloid.M1.macrophages,491.0,0.06917465077495379
CD4 T cells naive_tumorfront_celldistance,466.5,0.06962430409123069
CD4 T cells memory_tumorfront_aggregatedNeighbors.Vessel,467.0,0.07040720509996537
B cells_stromal_VEGF,467.0,0.07043784916728356
Myeloid M1 macrophages_stromal_pCREB,467.0,0.07052035694934874
Myeloid Granulocytes_tumorfront_celldistance,468.0,0.07099741354529061
Fibroblasts_stromal_CD44,780.0,0.07233601495062854
Tumor proliferating_intratumor_CD36,779.0,0.07410486306588773
Myeloid DCs_stromal_aggregatedNeighbors.Vessel,471.5,0.07508855358719393
CD4 T cells regulatory_stromal_pERK,470.0,0.0751867940437746
Myeloid M2 macrophages_tumorfront_pS6,470.0,0.07594439573490828
Tumor non-proliferating_stromal_area,777.5,0.07649555012876773
CD8 T cells_intratumor_aggregatedNeighbors.CD8.T.cells,772.0,0.07743434596723617
Myeloid M1 macrophages_stromal_aggregatedNeighbors.Myeloid.Monocytes,472.0,0.07925925666179076
Myeloid Monocytes_stromal_aggregatedNeighbors.Myeloid.Granulocytes,477.0,0.07946491076001626
Tumor proliferating_tumorfront_pSTAT3,472.0,0.0798434673491287
Myeloid M1 macrophages_stromal_CD44,775.0,0.08199673387975082
Myeloid Monocytes_stromal_VEGF,473.0,0.08199673387975082
Myeloid Monocytes_stromal_aggregatedNeighbors.Myeloid.DCs,482.5,0.08243098199561531
B cells_tumorfront_aggregatedNeighbors.Myeloid.M1.macrophages,499.0,0.08349366381927689
Vessel_stromal_Ki67,474.0,0.08404920137725867
CD8 T cells_stromal_pp38,474.0,0.08404920137725867
Myeloid Granulocytes_stromal_CD44,773.0,0.08599562069188756
Fibroblasts_tumorfront_pS6,475.0,0.08614305829870078
Fibroblasts_stromal_pCREB,475.0,0.08614305829870078
CD8 T cells_stromal_aggregatedNeighbors.Myeloid.Granulocytes,480.5,0.08807889914339831
Myeloid Monocytes_stromal_pERK,476.0,0.08827885404537773
CD4 T cells naive_stromal_VEGF,476.0,0.08827885404537773
Vessel_tumorfront_aggregatedNeighbors.Vessel,477.0,0.09045713770989285
Myeloid M1 macrophages_tumorfront_aggregatedNeighbors.Myeloid.Monocytes,478.5,0.09065857705777997
Myeloid Granulocytes_stromal_VEGF,478.0,0.09252523121155946
B cells_stromal_pNFkB,478.0,0.09258269264530526
Myeloid Granulocytes_stromal_cellfrequency,479.0,0.09484639504198873
Vessel_stromal_pNFkB,479.0,0.0949433622451961
CD4 T cells memory_stromal_aggregatedNeighbors.Myeloid.Granulocytes,480.5,0.09568087067874606
Myeloid M2 macrophages_stromal_CD44,768.5,0.09608954191248824
CD4 T cells naive_stromal_aggregatedNeighbors.CD4.T.cells.regulatory,482.5,0.09655486754378732
Myeloid Monocytes_tumorfront_area,768.0,0.09722154613509382
CD8 T cells_tumorfront_aggregatedNeighbors.Myeloid.Monocytes,483.5,0.09805596450665435
Tumor non-proliferating_stromal_aggregatedNeighbors.CD8.T.cells,757.0,0.09840646171797524
Vessel_stromal_aggregatedNeighbors.CD4.T.cells.regulatory,484.0,0.09926458938624207
CD4 T cells naive_stromal_aggregatedNeighbors.Vessel,481.0,0.09960327087812414
Vessel_stromal_cellfrequency,481.0,0.09960610968963711
B cells_stromal_GranzymeB,482.0,0.10190448764518223
Myeloid Granulocytes_stromal_pS6,482.0,0.10190448764518223
Myeloid Monocytes_stromal_CD44,766.0,0.10200504230958182
CD4 T cells naive_tumorfront_pCREB,482.5,0.10321874605857016
Tumor non-proliferating_tumorfront_aggregatedNeighbors.Myeloid.Monocytes,483.0,0.10397000029029956
Myeloid Monocytes_tumorfront_aggregatedNeighbors.Vessel,483.0,0.10401943882791284
Tumor non-proliferating_stromal_pCREB,484.0,0.10629357742999328
Myeloid M1 macrophages_tumorfront_aggregatedNeighbors.B.cells,501.5,0.1063018065005406
Myeloid Monocytes_stromal_aggregatedNeighbors.Vessel,484.0,0.10691721185887847
CD8 T cells_tumorfront_CD44,764.0,0.10693779603313272
Myeloid Monocytes_stromal_area,763.0,0.1094785766123914
Myeloid M1 macrophages_tumorfront_celldistance,485.0,0.1094785766123914
B cells_stromal_aggregatedNeighbors.CD4.T.cells.regulatory,502.0,0.11140213036692684
Vessel_tumorfront_VEGF,486.0,0.11206379345459697
Myeloid M1 macrophages_stromal_pNFkB,486.0,0.11206379345459697
CD4 T cells naive_stromal_pNFkB,486.0,0.11206379345459697
Myeloid Monocytes_tumorfront_eccentricity,486.5,0.11337131051078646
CD4 T cells regulatory_tumorfront_aggregatedNeighbors.Myeloid.Granulocytes,534.5,0.11515926227869352
B cells_stromal_pSTAT3,489.0,0.11993501542456378
CD8 T cells_stromal_pERK,489.0,0.1201090171529209
Tumor non-proliferating_intratumor_pSTAT1,759.0,0.1201090171529209
CD4 T cells regulatory_intratumor_cellfrequency,585.0,0.12061359820423907
Tumor proliferating_tumorfront_aggregatedNeighbors.Myeloid.M1.macrophages,506.5,0.12141758113199314
Myeloid Granulocytes_tumorfront_aggregatedNeighbors.CD4.T.cells.regulatory,537.5,0.12792965031585518
Fibroblasts_stromal_VEGF,492.0,0.12859961492757466
Myeloid DCs_tumorfront_CD44,753.0,0.12990711186773768
CD4 T cells naive_tumorfront_GranzymeB,492.5,0.1300557759151415
Myeloid DCs_tumorfront_aggregatedNeighbors.CD8.T.cells,745.0,0.13011019682575925
Myeloid M1 macrophages_stromal_aggregatedNeighbors.Myeloid.DCs,496.0,0.1308038293611914
B cells_stromal_pERK,493.0,0.13141794525954306
Myeloid Monocytes_stromal_pCREB,493.0,0.13153119777613353
CD8 T cells_stromal_VEGF,493.0,0.13153119777613353
CD4 T cells naive_stromal_GranzymeB,493.0,0.13153119777613353
CD8 T cells_stromal_aggregatedNeighbors.Tumor.non.proliferating,744.0,0.13342429130218053
Myeloid Granulocytes_stromal_aggregatedNeighbors.Tumor.non.proliferating,528.5,0.13344123496447363
Tumor non-proliferating_stromal_E-Cadherin,495.0,0.13634756359669215
CD8 T cells_intratumor_E-Cadherin,753.0,0.13682339341958152
Myeloid M2 macrophages_tumorfront_pCREB,495.0,0.1373647584553692
Tumor non-proliferating_intratumor_Ki67,495.0,0.1375494797234248
Tumor non-proliferating_intratumor_pNFkB,753.0,0.1375494797234248
CD4 T cells memory_tumorfront_aggregatedNeighbors.Myeloid.DCs,509.5,0.13904822793439317
Myeloid Granulocytes_stromal_pCREB,496.0,0.140520655184937
Tumor non-proliferating_tumorfront_pSTAT3,496.0,0.14063717495834543
Myeloid M2 macrophages_tumorfront_aggregatedNeighbors.Vessel,496.5,0.14092175320765046
CD4 T cells memory_tumorfront_pS6,497.5,0.1453345473441318
B cells_stromal_E-Cadherin,498.0,0.14685348835866482
Myeloid M1 macrophages_stromal_VEGF,498.0,0.14697212290077816
CD8 T cells_stromal_GranzymeB,498.0,0.14697212290077816
Myeloid M1 macrophages_tumorfront_pCREB,498.0,0.14697212290077816
CD4 T cells naive_stromal_Ki67,499.0,0.150220337397209
CD4 T cells memory_tumorfront_pCREB,499.5,0.15183050228486664
Vessel_stromal_aggregatedNeighbors.Myeloid.DCs,502.0,0.15313817386043338
Vessel_stromal_pp38,500.0,0.15352300952725412
CD8 T cells_stromal_aggregatedNeighbors.Myeloid.Monocytes,500.5,0.15360968216716547
CD4 T cells regulatory_tumorfront_E-Cadherin,746.0,0.15403929998907578
Myeloid M2 macrophages_stromal_pERK,500.5,0.1551914503567813
CD4 T cells regulatory_stromal_aggregatedNeighbors.B.cells,514.0,0.1553227192252895
Tumor proliferating_intratumor_pERK,501.0,0.15675890532969378
Myeloid M2 macrophages_tumorfront_aggregatedNeighbors.Tumor.non.proliferating,502.0,0.15881887629936375
Myeloid M2 macrophages_tumorfront_aggregatedNeighbors.Myeloid.M1.macrophages,505.0,0.16014183737142773
Fibroblasts_tumorfront_VEGF,502.0,0.16029357795454868
Fibroblasts_stromal_aggregatedNeighbors.Vessel,502.0,0.16029357795454868
CD4 T cells memory_stromal_aggregatedNeighbors.Tumor.non.proliferating,740.0,0.161408762341128
Myeloid M2 macrophages_stromal_aggregatedNeighbors.Myeloid.DCs,513.0,0.16210383745918377
Tumor non-proliferating_stromal_pMAPKAPK2,503.0,0.16247442332323703
Myeloid Granulocytes_tumorfront_CD36,744.0,0.16528879651294126
Myeloid DCs_tumorfront_CD36,742.0,0.1661059585868343
CD8 T cells_intratumor_CD44,744.0,0.16650348849338803
B cells_stromal_pp38,504.0,0.16716284136724824
Vessel_stromal_pMAPKAPK2,504.0,0.16728745825983726
Fibroblasts_tumorfront_pNFkB,504.0,0.16728745825983726
CD4 T cells regulatory_tumorfront_celldistance,742.0,0.16890279542374942
CD4 T cells memory_tumorfront_CD36,743.5,0.16903549943517526
CD8 T cells_intratumor_pNFkB,743.0,0.17007935555527365
B cells_stromal_aggregatedNeighbors.CD4.T.cells.naive,505.0,0.17026620354972188
Fibroblasts_tumorfront_pMAPKAPK2,505.0,0.17086924147790072
Tumor proliferating_tumorfront_CD44,742.0,0.1744358929784563
CD4 T cells naive_tumorfront_pSTAT3,506.0,0.174493705964463
CD8 T cells_tumorfront_CD36,742.0,0.17450454490124756
Myeloid Monocytes_stromal_Ki67,506.0,0.17450454490124756
Vessel_tumorfront_pSTAT3,506.0,0.1745081578101343
CD4 T cells memory_tumorfront_eccentricity,741.5,0.176312912037069
CD8 T cells_intratumor_pSTAT1,741.0,0.17687779129908687
Tumor non-proliferating_tumorfront_pSTAT1,741.0,0.17820462490868583
CD8 T cells_stromal_CD44,741.0,0.17820462490868583
Myeloid Granulocytes_tumorfront_area,740.0,0.17989417352796755
Tumor proliferating_tumorfront_celldistance,508.0,0.18188577126540717
Tumor non-proliferating_tumorfront_pMAPKAPK2,508.0,0.1819590515392101
Myeloid Monocytes_tumorfront_pCREB,508.5,0.18385444893441572
CD4 T cells naive_tumorfront_VEGF,508.5,0.18385444893441572
Myeloid M2 macrophages_tumorfront_area,739.0,0.18555417044517053
Tumor proliferating_intratumor_area,739.0,0.18564272910879898
CD8 T cells_tumorfront_celldistance,509.0,0.18576814912775896
Myeloid Granulocytes_tumorfront_GranzymeB,510.0,0.1875584009033443
Myeloid Monocytes_tumorfront_CD44,738.5,0.18769653692407273
Myeloid Monocytes_tumorfront_aggregatedNeighbors.Myeloid.M2.macrophages,517.5,0.188993836454311
CD4 T cells naive_stromal_aggregatedNeighbors.Myeloid.Monocytes,510.0,0.18960253775499658
B cells_tumorfront_aggregatedNeighbors.CD4.T.cells.naive,523.5,0.1901104373098731
B cells_tumorfront_area,734.5,0.19099831410955992
CD4 T cells memory_tumorfront_VEGF,510.5,0.19156405077461458
Myeloid DCs_stromal_cellfrequency,511.0,0.19221168900053542
Myeloid M2 macrophages_tumorfront_aggregatedNeighbors.Myeloid.Monocytes,516.5,0.1922746909748656
Myeloid Monocytes_intratumor_cellfrequency,541.0,0.1925092191637815
CD8 T cells_intratumor_GranzymeB,737.0,0.192751290146018
CD4 T cells naive_tumorfront_aggregatedNeighbors.B.cells,521.5,0.19336163338070866
CD4 T cells regulatory_tumorfront_aggregatedNeighbors.Myeloid.Monocytes,530.0,0.19353038242102805
Myeloid M1 macrophages_tumorfront_pSTAT1,737.0,0.193574036578668
CD4 T cells regulatory_stromal_aggregatedNeighbors.Myeloid.DCs,548.0,0.19579544155060558
Myeloid DCs_stromal_pS6,512.0,0.19619355225567947
CD4 T cells regulatory_tumorfront_aggregatedNeighbors.Tumor.proliferating,699.5,0.19873939270665708
CD4 T cells regulatory_tumorfront_aggregatedNeighbors.CD8.T.cells,726.0,0.19898525976779924
Myeloid Granulocytes_tumorfront_Ki67,514.0,0.20136229137682993
CD4 T cells memory_tumorfront_area,735.0,0.20157264420823828
CD4 T cells naive_stromal_pSTAT3,513.0,0.20161422400942708
Tumor non-proliferating_tumorfront_pCREB,513.0,0.20161422400942708
Myeloid DCs_stromal_aggregatedNeighbors.CD4.T.cells.regulatory,549.0,0.20179081735896853
CD4 T cells regulatory_tumorfront_aggregatedNeighbors.Vessel,517.0,0.20363709842330324
CD4 T cells regulatory_tumorfront_pS6,515.0,0.2039556322365298
B cells_stromal_aggregatedNeighbors.Myeloid.M2.macrophages,515.5,0.2041490581565314
CD8 T cells_tumorfront_aggregatedNeighbors.CD8.T.cells,734.0,0.20526421256156424
B cells_stromal_pMAPKAPK2,514.0,0.20559139475967492
Myeloid Granulocytes_tumorfront_pp38,733.0,0.20728602778238725
Tumor proliferating_tumorfront_pERK,515.0,0.20981879551609894
Fibroblasts_stromal_aggregatedNeighbors.Myeloid.Granulocytes,516.0,0.21328067175251875
Fibroblasts_stromal_pNFkB,516.0,0.21412688584938155
Myeloid M2 macrophages_stromal_aggregatedNeighbors.Myeloid.Granulocytes,524.0,0.21461236109480153
CD4 T cells memory_stromal_GranzymeB,516.5,0.21626178715235167
CD4 T cells naive_tumorfront_CD44,731.5,0.21626178715235167
CD4 T cells memory_stromal_aggregatedNeighbors.Myeloid.DCs,519.0,0.21809064240457376
Tumor proliferating_intratumor_E-Cadherin,731.0,0.21828458586055133
CD8 T cells_stromal_pSTAT3,517.0,0.21841972581376634
Myeloid DCs_intratumor_cellfrequency,581.0,0.21905774421873203
CD4 T cells regulatory_tumorfront_CD44,729.0,0.2202106464828637
Tumor proliferating_tumorfront_eccentricity,518.0,0.22269647609104604
Fibroblasts_tumorfront_GranzymeB,518.0,0.22277405736429834
Myeloid M2 macrophages_stromal_pCREB,518.5,0.22497048647573525
Tumor non-proliferating_stromal_pNFkB,519.0,0.22576866467688217
B cells_tumorfront_aggregatedNeighbors.Myeloid.Monocytes,540.5,0.22666675827148264
Myeloid M2 macrophages_tumorfront_CD44,729.0,0.22697191326355193
Tumor proliferating_intratumor_pSTAT3,519.0,0.22705377862592235
CD4 T cells memory_stromal_aggregatedNeighbors.CD8.T.cells,729.0,0.22710834319093098
CD4 T cells naive_stromal_pMAPKAPK2,519.0,0.2271901715283613
Fibroblasts_stromal_aggregatedNeighbors.Myeloid.DCs,522.0,0.22904348279259545
CD4 T cells memory_tumorfront_aggregatedNeighbors.Myeloid.Monocytes,520.5,0.23009111820645234
CD4 T cells regulatory_stromal_aggregatedNeighbors.Myeloid.Monocytes,533.0,0.23086445968544367
CD4 T cells regulatory_tumorfront_aggregatedNeighbors.Tumor.non.proliferating,724.0,0.2315149461299455
Tumor proliferating_intratumor_CD44,728.0,0.2315313692714437
CD4 T cells memory_tumorfront_pSTAT1,728.0,0.23159008167016082
CD4 T cells naive_stromal_E-Cadherin,520.0,0.2316683468451184
Vessel_tumorfront_GranzymeB,520.0,0.2316683468451184
Myeloid Monocytes_tumorfront_pERK,520.5,0.23360126179280483
CD4 T cells regulatory_stromal_aggregatedNeighbors.Tumor.non.proliferating,554.0,0.23373320983872092
Vessel_intratumor_cellfrequency,535.0,0.2362050795742735
CD4 T cells memory_stromal_aggregatedNeighbors.Myeloid.Monocytes,521.5,0.23784446033281303
CD4 T cells regulatory_stromal_cellfrequency,522.0,0.2399430299046571
Tumor proliferating_tumorfront_Ki67,522.0,0.2407330474564603
Myeloid DCs_stromal_VEGF,522.5,0.24133375774757326
Myeloid M2 macrophages_tumorfront_aggregatedNeighbors.Myeloid.DCs,542.0,0.2429863822955317
Myeloid M2 macrophages_intratumor_cellfrequency,575.0,0.2453150479445999
Tumor non-proliferating_intratumor_aggregatedNeighbors.Tumor.proliferating,523.0,0.24546200006576846
Fibroblasts_stromal_Ki67,523.0,0.24547783173687754
Tumor non-proliferating_intratumor_E-Cadherin,725.0,0.24547783173687754
Vessel_stromal_E-Cadherin,523.0,0.24547783173687754
CD8 T cells_stromal_pMAPKAPK2,524.0,0.2502067772474761
Tumor non-proliferating_tumorfront_aggregatedNeighbors.CD4.T.cells.regulatory,719.0,0.25190700485125006
CD4 T cells naive_tumorfront_aggregatedNeighbors.Tumor.non.proliferating,524.5,0.2524397960628024
CD4 T cells memory_tumorfront_CD44,723.5,0.2525551814464764
Myeloid M2 macrophages_stromal_VEGF,524.5,0.2525909810578346
Myeloid DCs_stromal_eccentricity,723.0,0.25354520011436754
Tumor non-proliferating_tumorfront_aggregatedNeighbors.CD8.T.cells,723.0,0.25499499573645923
CD8 T cells_stromal_aggregatedNeighbors.Myeloid.DCs,529.0,0.2579500528776246
Myeloid DCs_stromal_pCREB,526.0,0.2583965998763347
Myeloid Granulocytes_stromal_eccentricity,526.0,0.25971477429805656
Myeloid Monocytes_stromal_cellfrequency,526.0,0.259854635493349
Myeloid M2 macrophages_stromal_aggregatedNeighbors.CD8.T.cells,721.0,0.2614815643010202
Myeloid M1 macrophages_stromal_CD36,721.0,0.2647739290937816
Myeloid DCs_stromal_pp38,528.0,0.2674990530476822
CD4 T cells naive_tumorfront_aggregatedNeighbors.CD4.T.cells.regulatory,539.0,0.2682284698204759
Tumor non-proliferating_stromal_GranzymeB,528.0,0.26860621207399016
Tumor proliferating_tumorfront_pSTAT1,720.0,0.26953208109407845
Vessel_tumorfront_aggregatedNeighbors.CD8.T.cells,720.0,0.269748997990074
Tumor non-proliferating_intratumor_pMAPKAPK2,528.0,0.2697570285886076
Myeloid Monocytes_tumorfront_VEGF,528.5,0.2722323540752176
CD4 T cells memory_stromal_VEGF,528.5,0.2722685343869954
CD4 T cells memory_stromal_pNFkB,528.5,0.2722685343869954
Myeloid Granulocytes_stromal_aggregatedNeighbors.Fibroblasts,719.0,0.2735982031276708
CD4 T cells naive_tumorfront_Ki67,529.0,0.2747879913346336
Vessel_stromal_eccentricity,719.0,0.274804087517604
CD8 T cells_stromal_aggregatedNeighbors.B.cells,529.5,0.2755125677119289
Tumor proliferating_tumorfront_aggregatedNeighbors.Tumor.proliferating,530.0,0.2771471186267003
CD4 T cells memory_tumorfront_aggregatedNeighbors.CD8.T.cells,718.0,0.27715119284705925
CD4 T cells naive_tumorfront_pNFkB,529.5,0.27734761766250815
B cells_tumorfront_aggregatedNeighbors.Tumor.non.proliferating,711.5,0.2777079209688489
Myeloid DCs_stromal_pNFkB,530.0,0.2784436143390615
CD8 T cells_intratumor_VEGF,718.0,0.27902678278316995
CD4 T cells regulatory_stromal_VEGF,530.0,0.27902678278316995
CD4 T cells memory_stromal_aggregatedNeighbors.B.cells,530.5,0.2797365122397979
CD4 T cells memory_stromal_aggregatedNeighbors.Vessel,530.5,0.2824747217958572
Tumor non-proliferating_tumorfront_CD44,717.0,0.28509062148336317
Fibroblasts_stromal_GranzymeB,531.0,0.28509062148336317
Myeloid M1 macrophages_tumorfront_pSTAT3,531.5,0.2876983855659674
Tumor proliferating_stromal_cellfrequency,568.0,0.28898288097046476
CD4 T cells naive_stromal_aggregatedNeighbors.Myeloid.M2.macrophages,532.0,0.2896621822362274
Vessel_tumorfront_aggregatedNeighbors.Myeloid.M2.macrophages,716.0,0.28984457604173985
CD8 T cells_stromal_E-Cadherin,532.0,0.290330326500696
Tumor non-proliferating_stromal_aggregatedNeighbors.Myeloid.Granulocytes,555.5,0.2937111368720101
Myeloid M1 macrophages_stromal_GranzymeB,533.0,0.2956344504288059
Myeloid Granulocytes_stromal_area,714.0,0.3008611914371343
Myeloid Monocytes_stromal_pNFkB,534.0,0.3010030682553444
Myeloid M2 macrophages_tumorfront_pp38,713.5,0.3033708187211712
Myeloid DCs_tumorfront_aggregatedNeighbors.Myeloid.M2.macrophages,549.5,0.3035665024825668
Tumor non-proliferating_stromal_Ki67,535.0,0.303663321390245
Tumor proliferating_intratumor_pSTAT1,713.0,0.3062942690422493
CD8 T cells_stromal_aggregatedNeighbors.Fibroblasts,713.0,0.30641190670179985
Myeloid M1 macrophages_tumorfront_aggregatedNeighbors.Myeloid.Granulocytes,541.0,0.30663052464512
Tumor non-proliferating_tumorfront_aggregatedNeighbors.B.cells,705.0,0.3084620549932924
Tumor non-proliferating_stromal_pp38,536.0,0.3091598213011657
Myeloid Monocytes_tumorfront_pNFkB,535.5,0.3091729885699689
Myeloid M2 macrophages_stromal_aggregatedNeighbors.Tumor.non.proliferating,699.5,0.30975912577815623
Myeloid M2 macrophages_tumorfront_aggregatedNeighbors.CD4.T.cells.naive,710.5,0.3107269439297662
Myeloid M1 macrophages_tumorfront_aggregatedNeighbors.CD4.T.cells.naive,536.0,0.3107384244559228
CD8 T cells_stromal_aggregatedNeighbors.CD4.T.cells.regulatory,537.5,0.31078601921205296
Tumor non-proliferating_intratumor_aggregatedNeighbors.CD8.T.cells,712.0,0.3117067234340437
Tumor non-proliferating_tumorfront_aggregatedNeighbors.Vessel,536.0,0.3119340032445942
Myeloid DCs_stromal_aggregatedNeighbors.Fibroblasts,540.0,0.31348005732384576
Fibroblasts_stromal_aggregatedNeighbors.CD8.T.cells,711.0,0.31748015811660435
CD8 T cells_tumorfront_cellfrequency,711.0,0.3174923301908522
Fibroblasts_stromal_pMAPKAPK2,537.0,0.31749638741282116
CD8 T cells_stromal_eccentricity,711.0,0.31749638741282116
Myeloid M2 macrophages_stromal_GranzymeB,537.5,0.32029775790669324
CD4 T cells naive_tumorfront_cellfrequency,537.5,0.32029775790669324
CD4 T cells regulatory_tumorfront_pSTAT1,708.5,0.32089939443539806
CD4 T cells naive_stromal_aggregatedNeighbors.Myeloid.DCs,540.0,0.32090804354570346
Myeloid Granulocytes_tumorfront_pSTAT1,709.0,0.32248682106209015
CD8 T cells_tumorfront_eccentricity,710.0,0.3231193424230765
Fibroblasts_stromal_pp38,538.0,0.32312339906531407
Myeloid M2 macrophages_stromal_pSTAT3,538.5,0.32595708204317264
Myeloid M2 macrophages_tumorfront_aggregatedNeighbors.Fibroblasts,708.0,0.3272453063949826
Vessel_tumorfront_pMAPKAPK2,539.0,0.3288150289447912
Myeloid M1 macrophages_stromal_Ki67,539.0,0.3288150289447912
CD4 T cells naive_tumorfront_aggregatedNeighbors.Myeloid.M2.macrophages,707.5,0.3291073768335716
Tumor non-proliferating_stromal_aggregatedNeighbors.CD4.T.cells.regulatory,568.5,0.3302676654372587
Tumor proliferating_tumorfront_aggregatedNeighbors.Tumor.non.proliferating,539.5,0.3315674819722263
Myeloid Monocytes_tumorfront_pS6,539.5,0.33168101434356345
CD4 T cells regulatory_stromal_area,708.0,0.33366993841040804
CD4 T cells naive_tumorfront_aggregatedNeighbors.Myeloid.Granulocytes,546.0,0.3337422652566556
CD8 T cells_tumorfront_pERK,540.0,0.3345671981488394
Vessel_tumorfront_CD44,708.0,0.3345712503307764
Tumor non-proliferating_stromal_CD36,540.5,0.3363122777571501
Myeloid DCs_tumorfront_pSTAT1,705.5,0.33711004236750564
Tumor proliferating_tumorfront_aggregatedNeighbors.CD4.T.cells.memory,702.5,0.33941053664656684
CD8 T cells_tumorfront_E-Cadherin,707.0,0.3403879705728624
Myeloid M1 macrophages_tumorfront_CD36,707.0,0.3403920188510102
Tumor non-proliferating_tumorfront_VEGF,541.0,0.3403920188510102
CD4 T cells regulatory_tumorfront_aggregatedNeighbors.Myeloid.DCs,568.0,0.3416338678001023
Myeloid M2 macrophages_stromal_aggregatedNeighbors.Myeloid.M2.macrophages,705.5,0.34528674166460804
Myeloid M1 macrophages_tumorfront_area,706.0,0.34627727230020333
Myeloid Granulocytes_stromal_aggregatedNeighbors.CD8.T.cells,544.0,0.34873782806896436
Myeloid M1 macrophages_tumorfront_aggregatedNeighbors.Vessel,542.5,0.34913090092701493
CD8 T cells_stromal_Ki67,542.5,0.3492400162153031
Vessel_stromal_CD44,705.0,0.35222693046633524
Fibroblasts_stromal_pSTAT3,543.0,0.35222693046633524
Fibroblasts_tumorfront_aggregatedNeighbors.CD4.T.cells.regulatory,548.0,0.35240406823098647
Fibroblasts_stromal_aggregatedNeighbors.Tumor.non.proliferating,544.0,0.35359918723830397
CD8 T cells_tumorfront_aggregatedNeighbors.Fibroblasts,704.5,0.3550725553599393
Myeloid M2 macrophages_tumorfront_aggregatedNeighbors.B.cells,568.0,0.3558946666330314
Myeloid M2 macrophages_tumorfront_aggregatedNeighbors.CD4.T.cells.memory,702.0,0.35679453013085893
Tumor proliferating_tumorfront_pMAPKAPK2,544.0,0.35816028626613694
CD4 T cells memory_tumorfront_pSTAT3,544.0,0.35816028626613694
Fibroblasts_tumorfront_pSTAT1,704.0,0.3582408949647007
Tumor proliferating_tumorfront_aggregatedNeighbors.CD8.T.cells,702.0,0.3597748960143883
Myeloid DCs_tumorfront_celldistance,546.0,0.3610346929761291
Myeloid M2 macrophages_stromal_CD36,703.5,0.3612679306897255
Myeloid Granulocytes_tumorfront_aggregatedNeighbors.Tumor.proliferating,564.5,0.36225138510874644
Myeloid DCs_stromal_E-Cadherin,545.0,0.3628504458317092
CD4 T cells naive_stromal_aggregatedNeighbors.B.cells,545.0,0.36343260080495754
Myeloid M2 macrophages_tumorfront_VEGF,545.0,0.36409374561569896
Tumor non-proliferating_stromal_aggregatedNeighbors.Fibroblasts,547.0,0.3683603541623365
B cells_stromal_aggregatedNeighbors.Myeloid.DCs,558.0,0.3690147632690336
Vessel_tumorfront_aggregatedNeighbors.CD4.T.cells.naive,546.0,0.37022846247287555
Tumor proliferating_intratumor_pNFkB,702.0,0.3703208075671046
B cells_stromal_CD44,702.0,0.3703208075671046
Fibroblasts_tumorfront_aggregatedNeighbors.B.cells,551.5,0.372287885669066
Myeloid M1 macrophages_stromal_aggregatedNeighbors.B.cells,547.0,0.3727553891027988
Myeloid Monocytes_tumorfront_pSTAT1,701.5,0.3735523286219502
Myeloid M2 macrophages_stromal_eccentricity,546.5,0.3735523286219502
CD4 T cells regulatory_stromal_pCREB,547.0,0.37578540122142834
Tumor proliferating_intratumor_eccentricity,701.0,0.37652729555764974
Myeloid DCs_stromal_aggregatedNeighbors.B.cells,557.5,0.3770175938709108
CD4 T cells memory_tumorfront_aggregatedNeighbors.Tumor.non.proliferating,548.0,0.3826857663159001
Tumor proliferating_intratumor_GranzymeB,548.0,0.3827975530824965
CD4 T cells naive_stromal_aggregatedNeighbors.Myeloid.Granulocytes,549.5,0.38426279633813265
B cells_stromal_aggregatedNeighbors.Fibroblasts,699.5,0.3854258808670209
CD4 T cells memory_tumorfront_pERK,548.5,0.3860561350996754
Vessel_tumorfront_aggregatedNeighbors.CD4.T.cells.regulatory,551.5,0.38687565769552157
Fibroblasts_tumorfront_aggregatedNeighbors.CD4.T.cells.naive,549.0,0.389191052552617
B cells_stromal_aggregatedNeighbors.CD4.T.cells.memory,549.5,0.3891934025406726
Vessel_tumorfront_CD36,699.0,0.3892705776682581
Tumor proliferating_intratumor_aggregatedNeighbors.Tumor.proliferating,550.0,0.3923452351818576
Myeloid Monocytes_tumorfront_Ki67,550.0,0.3950126654544186
Vessel_tumorfront_celldistance,550.0,0.39566727754231723
Myeloid M1 macrophages_tumorfront_pNFkB,550.5,0.3988853503180736
B cells_stromal_Ki67,551.0,0.40190600797819354
Myeloid M1 macrophages_tumorfront_CD44,697.0,0.4021270739960475
Myeloid M1 macrophages_stromal_pSTAT1,697.0,0.4021270739960475
B cells_tumorfront_aggregatedNeighbors.Fibroblasts,687.5,0.4041846379257439
Tumor proliferating_tumorfront_aggregatedNeighbors.Myeloid.Granulocytes,572.0,0.4043532765489578
Fibroblasts_intratumor_cellfrequency,572.0,0.4043532765489578
B cells_intratumor_cellfrequency,653.0,0.4098383731744746
Myeloid Monocytes_stromal_aggregatedNeighbors.B.cells,553.5,0.41149113475074917
Fibroblasts_tumorfront_CD36,695.0,0.4152349423635795
Tumor non-proliferating_intratumor_pERK,553.0,0.4152349423635795
Myeloid Monocytes_stromal_GranzymeB,553.0,0.4152349423635795
CD4 T cells regulatory_tumorfront_eccentricity,694.0,0.41579716348932716
Myeloid DCs_stromal_Ki67,554.0,0.4173957865999264
Fibroblasts_stromal_aggregatedNeighbors.B.cells,694.5,0.41822296677828275
Vessel_stromal_aggregatedNeighbors.Tumor.non.proliferating,693.5,0.4199944003528252
Tumor non-proliferating_tumorfront_aggregatedNeighbors.Fibroblasts,694.0,0.4218435415149929
Vessel_tumorfront_Ki67,554.0,0.4218824588426905
Myeloid DCs_tumorfront_eccentricity,692.0,0.4263007232560829
CD4 T cells naive_tumorfront_pSTAT1,693.0,0.4285532484019927
Myeloid DCs_tumorfront_area,691.5,0.42973113148777553
Fibroblasts_stromal_aggregatedNeighbors.CD4.T.cells.regulatory,556.0,0.4301744951523505
B cells_stromal_aggregatedNeighbors.Tumor.non.proliferating,682.0,0.430339292156239
Myeloid DCs_stromal_pSTAT3,556.0,0.43395689833938356
Myeloid M2 macrophages_tumorfront_pNFkB,556.0,0.4351474486327247
CD8 T cells_tumorfront_GranzymeB,692.0,0.4353592729737674
Myeloid M1 macrophages_tumorfront_aggregatedNeighbors.CD4.T.cells.regulatory,567.5,0.4362929099908195
Myeloid DCs_tumorfront_aggregatedNeighbors.Vessel,560.0,0.4410662744727537
Myeloid M2 macrophages_stromal_aggregatedNeighbors.B.cells,558.0,0.44121971805564086
Myeloid Monocytes_stromal_E-Cadherin,557.0,0.4421955968088217
Myeloid M1 macrophages_stromal_pMAPKAPK2,557.0,0.4421955968088217
Tumor proliferating_tumorfront_aggregatedNeighbors.Vessel,557.5,0.4429765761953095
Tumor non-proliferating_stromal_aggregatedNeighbors.Myeloid.M2.macrophages,679.5,0.44451272560414745
CD4 T cells memory_tumorfront_GranzymeB,557.5,0.4455965665710562
Myeloid DCs_stromal_pSTAT1,558.0,0.4469476729858053
Tumor non-proliferating_intratumor_pp38,690.0,0.4490890193715916
Myeloid Monocytes_stromal_pSTAT3,558.0,0.4490890193715916
CD4 T cells regulatory_tumorfront_CD36,689.0,0.450133613557243
Myeloid Monocytes_stromal_aggregatedNeighbors.Tumor.non.proliferating,567.0,0.4544807900596416
Myeloid M2 macrophages_tumorfront_CD36,689.0,0.4558313919913868
CD4 T cells naive_tumorfront_aggregatedNeighbors.Fibroblasts,689.0,0.4559485648089019
Myeloid DCs_stromal_CD36,559.5,0.4578221530277322
Myeloid DCs_stromal_pERK,559.5,0.4578221530277322
Tumor non-proliferating_stromal_CD44,688.5,0.45846305586920044
Tumor proliferating_tumorfront_aggregatedNeighbors.CD4.T.cells.regulatory,661.5,0.4594931590504078
Myeloid DCs_stromal_aggregatedNeighbors.Myeloid.Granulocytes,566.5,0.45949410198148255
CD4 T cells memory_stromal_pERK,559.5,0.45953881936878493
B cells_tumorfront_pSTAT3,685.5,0.45956000261823904
B cells_tumorfront_aggregatedNeighbors.Myeloid.M2.macrophages,580.5,0.4612730428726244
Fibroblasts_tumorfront_pp38,560.0,0.46305714837905776
Tumor non-proliferating_stromal_aggregatedNeighbors.CD4.T.cells.memory,563.5,0.4646600142412268
Myeloid M2 macrophages_stromal_aggregatedNeighbors.CD4.T.cells.naive,560.5,0.46595037140771534
Fibroblasts_tumorfront_aggregatedNeighbors.Tumor.non.proliferating,687.5,0.46656796562081415
CD4 T cells memory_stromal_CD36,687.5,0.46658291139981767
CD8 T cells_tumorfront_aggregatedNeighbors.CD4.T.cells.naive,561.0,0.46930654321278475
Tumor proliferating_intratumor_Ki67,561.0,0.4700007041038249
Myeloid M1 macrophages_tumorfront_VEGF,561.0,0.4701310258088036
Myeloid M1 macrophages_tumorfront_aggregatedNeighbors.CD8.T.cells,686.0,0.4747162082107008
Tumor non-proliferating_tumorfront_aggregatedNeighbors.CD4.T.cells.memory,686.0,0.47713489005201437
Myeloid M1 macrophages_stromal_aggregatedNeighbors.Vessel,562.0,0.4772531137089209
CD4 T cells regulatory_tumorfront_Ki67,564.0,0.47938178162772693
CD8 T cells_tumorfront_pSTAT3,563.0,0.4844525240017341
B cells_tumorfront_aggregatedNeighbors.Myeloid.DCs,662.5,0.48557142689578614
CD4 T cells naive_tumorfront_eccentricity,684.5,0.4880704460655304
Myeloid M2 macrophages_tumorfront_eccentricity,684.0,0.4915030596128519
B cells_stromal_pSTAT1,684.0,0.4915793868561189
Tumor proliferating_tumorfront_cellfrequency,564.0,0.491633885516779
CD4 T cells naive_tumorfront_pMAPKAPK2,564.5,0.49534979921416245
B cells_tumorfront_aggregatedNeighbors.Myeloid.Granulocytes,589.5,0.4966896852196149
CD8 T cells_tumorfront_aggregatedNeighbors.Myeloid.M2.macrophages,682.0,0.49797438125901106
Myeloid DCs_tumorfront_aggregatedNeighbors.Fibroblasts,675.5,0.49957259698370937
Tumor proliferating_intratumor_aggregatedNeighbors.CD8.T.cells,679.0,0.5020390442344622
CD4 T cells regulatory_stromal_aggregatedNeighbors.CD4.T.cells.memory,567.0,0.5043387976348819
CD8 T cells_intratumor_pCREB,682.0,0.5055941876531955
Tumor proliferating_tumorfront_VEGF,566.0,0.5063088938023322
Fibroblasts_stromal_aggregatedNeighbors.Myeloid.Monocytes,566.0,0.5063695024046069
Myeloid DCs_stromal_aggregatedNeighbors.CD4.T.cells.naive,567.5,0.5068232747942317
CD4 T cells naive_tumorfront_aggregatedNeighbors.CD4.T.cells.naive,566.5,0.5080680257173962
CD8 T cells_tumorfront_aggregatedNeighbors.Vessel,566.5,0.5100665337907271
Vessel_tumorfront_aggregatedNeighbors.Myeloid.DCs,570.0,0.5123011355621747
CD4 T cells regulatory_stromal_GranzymeB,567.0,0.5127900180601587
Tumor proliferating_tumorfront_E-Cadherin,681.0,0.5137318699568738
Fibroblasts_tumorfront_aggregatedNeighbors.CD8.T.cells,681.0,0.5137565824985613
CD8 T cells_tumorfront_pCREB,567.0,0.5137989381714889
Vessel_tumorfront_pNFkB,567.0,0.5138024673158623
Tumor non-proliferating_tumorfront_pp38,567.0,0.5138024673158623
CD4 T cells naive_stromal_aggregatedNeighbors.Fibroblasts,681.0,0.5138024673158623
Myeloid M1 macrophages_tumorfront_eccentricity,681.0,0.5138024673158623
Myeloid M2 macrophages_stromal_pp38,567.5,0.5175312085672179
Myeloid M2 macrophages_tumorfront_aggregatedNeighbors.Myeloid.Granulocytes,670.5,0.522521145852457
CD4 T cells memory_tumorfront_aggregatedNeighbors.CD4.T.cells.naive,569.0,0.5275419823925138
Myeloid DCs_stromal_GranzymeB,569.0,0.5275524306864336
CD4 T cells regulatory_stromal_aggregatedNeighbors.CD8.T.cells,678.0,0.5301487390905271
Myeloid Granulocytes_stromal_pSTAT1,569.5,0.5320348891124579
CD4 T cells regulatory_stromal_pNFkB,570.0,0.5354241301014051
Tumor proliferating_tumorfront_aggregatedNeighbors.Myeloid.DCs,592.5,0.5354333814620301
Myeloid Granulocytes_stromal_aggregatedNeighbors.Vessel,570.0,0.5355409690472195
Tumor non-proliferating_stromal_cellfrequency,678.0,0.535650855212958
CD4 T cells regulatory_stromal_aggregatedNeighbors.Fibroblasts,570.5,0.5362599058414923
CD8 T cells_stromal_cellfrequency,678.0,0.5364042324574247
B cells_tumorfront_pp38,676.0,0.5390424340064646
CD8 T cells_stromal_aggregatedNeighbors.CD8.T.cells,677.5,0.5400969410640946
Myeloid M2 macrophages_tumorfront_pSTAT3,677.0,0.543489727733761
B cells_tumorfront_Ki67,573.0,0.5469516676913366
Myeloid M2 macrophages_stromal_pSTAT1,676.5,0.5478864438149468
Myeloid DCs_tumorfront_aggregatedNeighbors.CD4.T.cells.regulatory,588.5,0.5487107921276413
Myeloid Monocytes_tumorfront_aggregatedNeighbors.CD8.T.cells,675.5,0.5495923410472778
Myeloid DCs_tumorfront_aggregatedNeighbors.B.cells,591.0,0.5508764726684123
CD8 T cells_intratumor_pSTAT3,676.0,0.5510096833750282
Tumor non-proliferating_intratumor_pS6,676.0,0.5517451569625414
Tumor non-proliferating_tumorfront_eccentricity,572.0,0.5517451569625414
Myeloid Granulocytes_tumorfront_aggregatedNeighbors.CD4.T.cells.naive,577.0,0.5531110045607268
Myeloid Monocytes_tumorfront_aggregatedNeighbors.CD4.T.cells.naive,573.0,0.5535469322839824
Vessel_tumorfront_aggregatedNeighbors.B.cells,575.0,0.5545833220030354
B cells_tumorfront_CD44,674.0,0.5549179275140893
Tumor non-proliferating_tumorfront_aggregatedNeighbors.Tumor.proliferating,572.5,0.5555806529864111
Myeloid M2 macrophages_stromal_pNFkB,572.5,0.5556104812502003
Myeloid Granulocytes_tumorfront_aggregatedNeighbors.Myeloid.Granulocytes,580.0,0.5557748846684729
CD4 T cells regulatory_tumorfront_aggregatedNeighbors.CD4.T.cells.naive,578.0,0.5583402800053565
Myeloid Monocytes_stromal_aggregatedNeighbors.CD4.T.cells.memory,675.0,0.558534394511263
CD4 T cells regulatory_tumorfront_pp38,674.0,0.5585971005595516
Tumor proliferating_intratumor_pMAPKAPK2,573.0,0.5593803478303806
B cells_stromal_CD36,573.0,0.5593803478303806
Myeloid Granulocytes_stromal_CD36,675.0,0.5593803478303806
Myeloid DCs_stromal_aggregatedNeighbors.Tumor.non.proliferating,589.5,0.5601829798617506
Myeloid Granulocytes_tumorfront_aggregatedNeighbors.CD8.T.cells,668.0,0.5603890559630269
Vessel_tumorfront_aggregatedNeighbors.CD4.T.cells.memory,674.5,0.5633218730104791
Fibroblasts_tumorfront_aggregatedNeighbors.Myeloid.M2.macrophages,674.0,0.5646196369609853
Tumor non-proliferating_stromal_aggregatedNeighbors.Tumor.non.proliferating,672.0,0.5664139043942347
Tumor proliferating_intratumor_VEGF,574.0,0.567184792796567
Myeloid DCs_tumorfront_aggregatedNeighbors.CD4.T.cells.naive,580.5,0.5691833948360343
Tumor non-proliferating_stromal_aggregatedNeighbors.CD4.T.cells.naive,671.0,0.570898304982397
CD4 T cells memory_tumorfront_pNFkB,574.5,0.571187189873888
Myeloid M1 macrophages_stromal_pSTAT3,574.5,0.5712162337306952
CD4 T cells regulatory_tumorfront_VEGF,575.5,0.5733503519048055
CD4 T cells regulatory_tumorfront_aggregatedNeighbors.B.cells,648.0,0.5734646501343434
CD8 T cells_intratumor_pERK,673.0,0.574446549756778
Myeloid M2 macrophages_tumorfront_pMAPKAPK2,575.0,0.5749736735958264
CD4 T cells memory_stromal_aggregatedNeighbors.CD4.T.cells.naive,575.5,0.5790297341038836
Tumor non-proliferating_tumorfront_aggregatedNeighbors.CD4.T.cells.naive,575.5,0.5790679245141077
Myeloid Monocytes_tumorfront_GranzymeB,575.5,0.5790965605331182
Fibroblasts_stromal_eccentricity,672.0,0.5830589321407744
Myeloid M1 macrophages_stromal_eccentricity,672.0,0.5830589321407744
Myeloid Granulocytes_tumorfront_aggregatedNeighbors.Myeloid.M1.macrophages,579.5,0.5877073426782937
Myeloid DCs_tumorfront_aggregatedNeighbors.Tumor.proliferating,596.5,0.5893572298949875
Myeloid Monocytes_tumorfront_pMAPKAPK2,577.5,0.5950085064966725
Myeloid Monocytes_tumorfront_aggregatedNeighbors.B.cells,585.5,0.5973238562361178
Myeloid Granulocytes_tumorfront_aggregatedNeighbors.Myeloid.M2.macrophages,663.5,0.5973375660120954
CD4 T cells regulatory_stromal_pSTAT1,670.0,0.5979008978822526
Fibroblasts_stromal_cellfrequency,670.0,0.5990205308644496
Tumor non-proliferating_tumorfront_CD36,670.0,0.5990205308644496
CD4 T cells naive_stromal_aggregatedNeighbors.CD8.T.cells,669.5,0.6029352714929501
CD8 T cells_intratumor_aggregatedNeighbors.Tumor.proliferating,580.5,0.6037669069005495
Tumor non-proliferating_stromal_eccentricity,579.0,0.606410175285317
CD8 T cells_intratumor_cellfrequency,669.0,0.606410175285317
Tumor proliferating_tumorfront_pCREB,579.0,0.6070146114663794
Tumor non-proliferating_tumorfront_Ki67,669.0,0.6070749025573434
Vessel_stromal_pSTAT1,579.0,0.6070749025573434
Tumor non-proliferating_tumorfront_E-Cadherin,669.0,0.6070749025573434
Myeloid DCs_stromal_aggregatedNeighbors.CD4.T.cells.memory,580.0,0.608951722447698
Myeloid Granulocytes_tumorfront_aggregatedNeighbors.Myeloid.Monocytes,665.5,0.6133130445420827
CD4 T cells regulatory_tumorfront_pNFkB,667.5,0.6139343851241501
CD8 T cells_tumorfront_pS6,580.0,0.6151743185508618
Fibroblasts_tumorfront_pSTAT3,580.0,0.6151772820835655
CD4 T cells regulatory_tumorfront_aggregatedNeighbors.Fibroblasts,584.5,0.6216719688663904
CD4 T cells memory_stromal_aggregatedNeighbors.Myeloid.M2.macrophages,667.0,0.6216825337358536
Myeloid M2 macrophages_tumorfront_Ki67,581.0,0.6224912571356471
Fibroblasts_stromal_aggregatedNeighbors.Myeloid.M2.macrophages,667.0,0.6232977433436484
Myeloid M1 macrophages_tumorfront_GranzymeB,581.0,0.6233268671790483
Myeloid Granulocytes_tumorfront_aggregatedNeighbors.Vessel,581.5,0.6233955473229188
Tumor proliferating_intratumor_aggregatedNeighbors.Tumor.non.proliferating,581.5,0.6268956571412205
Tumor non-proliferating_stromal_aggregatedNeighbors.Vessel,582.0,0.6276304128823882
Myeloid Granulocytes_stromal_pMAPKAPK2,582.0,0.6314227142969044
Tumor proliferating_intratumor_pp38,666.0,0.6314227142969044
Tumor proliferating_tumorfront_CD36,666.0,0.6314656345353773
CD8 T cells_tumorfront_Ki67,666.0,0.6315199787062711
Myeloid M2 macrophages_tumorfront_aggregatedNeighbors.CD4.T.cells.regulatory,592.0,0.633830091572934
Myeloid M2 macrophages_stromal_aggregatedNeighbors.CD4.T.cells.memory,665.0,0.6378325073409614
Vessel_stromal_aggregatedNeighbors.B.cells,583.0,0.6391454642802573
Tumor non-proliferating_intratumor_VEGF,665.0,0.6397643586602231
Vessel_stromal_aggregatedNeighbors.CD4.T.cells.memory,664.5,0.6438991549905047
CD4 T cells memory_tumorfront_aggregatedNeighbors.Myeloid.M2.macrophages,586.0,0.6477528586453178
Fibroblasts_tumorfront_E-Cadherin,584.0,0.6480505748555627
Vessel_tumorfront_pSTAT1,664.0,0.6480505748555627
Myeloid M1 macrophages_tumorfront_pMAPKAPK2,584.0,0.6480505748555627
Vessel_tumorfront_E-Cadherin,584.0,0.6480505748555627
CD4 T cells regulatory_tumorfront_aggregatedNeighbors.CD4.T.cells.memory,587.0,0.6509567998113778
CD4 T cells regulatory_tumorfront_cellfrequency,585.0,0.6521526633581707
B cells_tumorfront_pS6,586.0,0.6557593703203399
CD4 T cells regulatory_stromal_CD36,663.0,0.6557860335437409
Myeloid Monocytes_tumorfront_aggregatedNeighbors.Fibroblasts,585.0,0.6558320884797693
B cells_tumorfront_aggregatedNeighbors.B.cells,589.5,0.659059009309706
B cells_tumorfront_pCREB,587.0,0.6643696132823828
Fibroblasts_tumorfront_cellfrequency,586.0,0.6647535978275833
Tumor non-proliferating_tumorfront_aggregatedNeighbors.Myeloid.DCs,660.5,0.6652700569080491
Vessel_tumorfront_aggregatedNeighbors.Tumor.proliferating,586.5,0.6663972083994938
CD4 T cells memory_tumorfront_aggregatedNeighbors.Fibroblasts,586.5,0.6687207318175095
Myeloid Monocytes_tumorfront_aggregatedNeighbors.CD4.T.cells.regulatory,593.5,0.6721870208098754
CD8 T cells_intratumor_pp38,661.0,0.6725992349643091
CD4 T cells memory_stromal_pSTAT1,660.5,0.6773890497305104
Myeloid Granulocytes_tumorfront_aggregatedNeighbors.Myeloid.DCs,652.5,0.6779406853604382
B cells_tumorfront_pNFkB,589.0,0.6807091121429651
CD4 T cells regulatory_stromal_E-Cadherin,588.0,0.6810682968555042
CD4 T cells naive_intratumor_cellfrequency,604.0,0.6814663634136858
Fibroblasts_tumorfront_aggregatedNeighbors.Fibroblasts,660.0,0.6815717612000836
Tumor non-proliferating_intratumor_pCREB,588.0,0.6816247518180969
Myeloid M1 macrophages_stromal_aggregatedNeighbors.CD4.T.cells.memory,588.5,0.6853080101622228
CD8 T cells_stromal_aggregatedNeighbors.CD4.T.cells.naive,588.5,0.6857257470978638
CD4 T cells memory_stromal_aggregatedNeighbors.Fibroblasts,659.5,0.6858629618489733
Vessel_tumorfront_aggregatedNeighbors.Myeloid.Granulocytes,589.5,0.6910908111828771
Myeloid Monocytes_tumorfront_CD36,658.5,0.6943815731856663
Myeloid Monocytes_tumorfront_aggregatedNeighbors.Myeloid.Granulocytes,655.5,0.697042632766701
Myeloid DCs_stromal_pMAPKAPK2,590.0,0.6977782440941753
Tumor proliferating_tumorfront_pp38,590.0,0.6985725011784067
Myeloid M1 macrophages_stromal_pp38,658.0,0.6986566289674558
Myeloid Granulocytes_tumorfront_aggregatedNeighbors.Fibroblasts,654.5,0.6995813630835346
Myeloid DCs_stromal_aggregatedNeighbors.CD8.T.cells,591.5,0.7016177519605555
CD4 T cells regulatory_stromal_Ki67,591.0,0.7056253348857955
Tumor non-proliferating_stromal_pSTAT3,591.0,0.705910508715914
Myeloid M2 macrophages_tumorfront_pERK,591.0,0.7070992606458083
CD8 T cells_tumorfront_pSTAT1,657.0,0.7072281157926088
Fibroblasts_tumorfront_eccentricity,657.0,0.7072304570410443
Myeloid Granulocytes_stromal_aggregatedNeighbors.Myeloid.DCs,595.0,0.7088344202552196
Tumor proliferating_tumorfront_aggregatedNeighbors.Myeloid.Monocytes,653.5,0.7091862554117723
Myeloid DCs_tumorfront_aggregatedNeighbors.Myeloid.DCs,650.5,0.7137907307149103
Myeloid Granulocytes_tumorfront_cellfrequency,592.0,0.714556738898098
CD4 T cells regulatory_stromal_pMAPKAPK2,656.0,0.7151875635283695
CD8 T cells_stromal_aggregatedNeighbors.Myeloid.M2.macrophages,656.0,0.7151875635283695
Myeloid Monocytes_tumorfront_pSTAT3,592.0,0.7157959893893764
Fibroblasts_stromal_E-Cadherin,592.0,0.715841578368051
Myeloid DCs_tumorfront_pERK,655.0,0.7192470807838438
Fibroblasts_tumorfront_aggregatedNeighbors.Myeloid.DCs,596.5,0.7207750227786645
CD4 T cells regulatory_tumorfront_pMAPKAPK2,655.0,0.7210121294043814
CD4 T cells regulatory_stromal_aggregatedNeighbors.CD4.T.cells.naive,593.5,0.7221707798816404
CD4 T cells naive_tumorfront_aggregatedNeighbors.Myeloid.DCs,597.0,0.7228230059793894
CD8 T cells_tumorfront_aggregatedNeighbors.Myeloid.DCs,653.0,0.7239627021378198
CD4 T cells naive_stromal_cellfrequency,593.0,0.724489000259932
CD4 T cells memory_tumorfront_aggregatedNeighbors.CD4.T.cells.memory,654.5,0.7272998627496023
Tumor proliferating_tumorfront_aggregatedNeighbors.Myeloid.M2.macrophages,598.5,0.7281896047470531
CD8 T cells_tumorfront_aggregatedNeighbors.Tumor.non.proliferating,654.5,0.7288150902714863
CD4 T cells regulatory_tumorfront_GranzymeB,594.0,0.7297951621139509
Myeloid Granulocytes_tumorfront_pSTAT3,594.0,0.7316964454963737
CD4 T cells naive_stromal_aggregatedNeighbors.CD4.T.cells.naive,594.0,0.7331286724037912
Tumor non-proliferating_intratumor_GranzymeB,594.0,0.7331717161280784
Myeloid M1 macrophages_tumorfront_aggregatedNeighbors.Myeloid.DCs,650.5,0.7381043175526922
Myeloid Granulocytes_tumorfront_aggregatedNeighbors.CD4.T.cells.memory,597.5,0.7400776654793748
Fibroblasts_stromal_pSTAT1,653.0,0.7418887058302331
Myeloid M1 macrophages_stromal_E-Cadherin,595.0,0.7418887058302331
Myeloid Granulocytes_stromal_aggregatedNeighbors.CD4.T.cells.naive,595.5,0.7430147742855665
Myeloid Monocytes_stromal_aggregatedNeighbors.CD8.T.cells,652.5,0.7456578129698945
CD4 T cells naive_tumorfront_pp38,595.5,0.7462576768759335
B cells_tumorfront_aggregatedNeighbors.CD4.T.cells.memory,598.5,0.7477445308601967
Myeloid M1 macrophages_tumorfront_aggregatedNeighbors.Myeloid.M2.macrophages,596.5,0.7489873026782573
CD4 T cells naive_stromal_aggregatedNeighbors.Tumor.non.proliferating,651.0,0.7490981410039839
Vessel_stromal_CD36,596.0,0.750638936025578
Myeloid M1 macrophages_tumorfront_E-Cadherin,596.0,0.750638936025578
CD4 T cells naive_stromal_pp38,596.0,0.750638936025578
B cells_tumorfront_eccentricity,651.0,0.7527504651778316
B cells_tumorfront_celldistance,597.0,0.7527504651778316
Myeloid M1 macrophages_stromal_aggregatedNeighbors.Tumor.non.proliferating,598.0,0.7534546315738924
CD4 T cells naive_tumorfront_CD36,651.5,0.7550242018619775
Tumor proliferating_intratumor_pS6,597.0,0.7593529183555967
Fibroblasts_stromal_aggregatedNeighbors.CD4.T.cells.memory,651.0,0.7594194058573628
Fibroblasts_stromal_CD36,651.0,0.7594213605382848
Tumor non-proliferating_intratumor_pSTAT3,597.0,0.7594213605382848
Myeloid Granulocytes_tumorfront_pERK,650.5,0.7619404346853061
CD8 T cells_tumorfront_aggregatedNeighbors.CD4.T.cells.memory,650.5,0.762943372223371
CD4 T cells memory_stromal_pp38,597.5,0.7638223941508084
CD8 T cells_intratumor_pS6,650.0,0.7678185653350369
Myeloid M2 macrophages_stromal_aggregatedNeighbors.Fibroblasts,650.0,0.7682028276088173
Vessel_tumorfront_pp38,598.0,0.7682349207293218
B cells_stromal_aggregatedNeighbors.B.cells,598.5,0.7713801659239425
CD4 T cells naive_stromal_aggregatedNeighbors.CD4.T.cells.memory,598.5,0.772634504772366
Myeloid Granulocytes_tumorfront_pNFkB,599.0,0.7755788505623058
CD8 T cells_tumorfront_pMAPKAPK2,599.0,0.7770767263679822
Myeloid M1 macrophages_tumorfront_aggregatedNeighbors.Tumor.proliferating,601.0,0.7775081375681095
Fibroblasts_tumorfront_aggregatedNeighbors.CD4.T.cells.memory,599.5,0.7813611801382344
CD4 T cells memory_tumorfront_celldistance,648.5,0.7814934403899146
Myeloid M2 macrophages_tumorfront_GranzymeB,600.0,0.785853040019868
Myeloid DCs_tumorfront_aggregatedNeighbors.Tumor.non.proliferating,647.0,0.7867842395365472
Myeloid Granulocytes_tumorfront_aggregatedNeighbors.B.cells,611.0,0.7924601800083544
CD8 T cells_tumorfront_aggregatedNeighbors.Myeloid.Granulocytes,644.0,0.7940946973440345
Myeloid M2 macrophages_tumorfront_pSTAT1,601.0,0.7946495746259735
Myeloid M2 macrophages_stromal_Ki67,647.0,0.7948449238238261
Vessel_tumorfront_aggregatedNeighbors.Tumor.non.proliferating,601.0,0.7948482870271981
Vessel_stromal_aggregatedNeighbors.CD8.T.cells,647.0,0.7948499685668717
Myeloid Monocytes_tumorfront_pp38,601.5,0.7993103652701372
Myeloid M2 macrophages_stromal_cellfrequency,601.5,0.7993103652701372
CD4 T cells memory_tumorfront_aggregatedNeighbors.Tumor.proliferating,645.0,0.7994720132854841
Myeloid Monocytes_tumorfront_aggregatedNeighbors.Tumor.proliferating,644.0,0.8019871556498717
Fibroblasts_tumorfront_aggregatedNeighbors.Tumor.proliferating,645.5,0.8022195500607884
B cells_tumorfront_pSTAT1,603.0,0.8061441343422319
Myeloid Granulocytes_tumorfront_aggregatedNeighbors.Tumor.non.proliferating,644.5,0.8099376265311
CD4 T cells regulatory_tumorfront_pERK,645.0,0.8103129255250262
Tumor non-proliferating_stromal_pSTAT1,603.0,0.8114617544283913
Myeloid M1 macrophages_stromal_aggregatedNeighbors.Myeloid.M2.macrophages,645.0,0.8125945953855825
Vessel_stromal_aggregatedNeighbors.Myeloid.M2.macrophages,645.0,0.8127257169292774
Myeloid Monocytes_tumorfront_aggregatedNeighbors.CD4.T.cells.memory,644.5,0.815146294431683
Myeloid DCs_tumorfront_aggregatedNeighbors.Myeloid.M1.macrophages,605.5,0.8168926640511158
CD4 T cells regulatory_tumorfront_pSTAT3,644.0,0.817761059887219
Myeloid DCs_stromal_aggregatedNeighbors.Myeloid.M2.macrophages,642.5,0.8198302834493154
Fibroblasts_stromal_aggregatedNeighbors.CD4.T.cells.naive,604.0,0.821709374303958
Fibroblasts_tumorfront_Ki67,604.0,0.821709374303958
Myeloid M2 macrophages_tumorfront_aggregatedNeighbors.Tumor.proliferating,606.5,0.8253971345302438
Myeloid M2 macrophages_stromal_E-Cadherin,643.5,0.8262055370996483
CD8 T cells_intratumor_Ki67,643.0,0.830309092985311
Myeloid M2 macrophages_tumorfront_cellfrequency,605.0,0.8306319475930619
Vessel_stromal_aggregatedNeighbors.CD4.T.cells.naive,605.0,0.8307102771275143
CD8 T cells_tumorfront_aggregatedNeighbors.CD4.T.cells.regulatory,641.5,0.8309403429099425
Myeloid DCs_stromal_area,642.0,0.8392461356783981
CD4 T cells regulatory_stromal_eccentricity,606.0,0.83944105918353
Tumor proliferating_tumorfront_pNFkB,606.0,0.8397069304537974
CD8 T cells_stromal_aggregatedNeighbors.CD4.T.cells.memory,642.0,0.8397188636295138
B cells_tumorfront_aggregatedNeighbors.CD4.T.cells.regulatory,633.5,0.8406566225180456
B cells_tumorfront_aggregatedNeighbors.CD8.T.cells,607.5,0.8417966767725872
Myeloid DCs_tumorfront_aggregatedNeighbors.CD4.T.cells.memory,608.0,0.843254829197923
B cells_tumorfront_VEGF,607.0,0.8439822674299892
CD4 T cells memory_tumorfront_Ki67,606.5,0.8442401266689266
Myeloid DCs_tumorfront_cellfrequency,607.0,0.8458119557618466
Tumor proliferating_tumorfront_pS6,607.0,0.8487526688415534
Myeloid M1 macrophages_tumorfront_pp38,641.0,0.8487777251044815
Myeloid Granulocytes_tumorfront_E-Cadherin,640.5,0.8524735750542913
Myeloid DCs_tumorfront_pCREB,640.0,0.8550498518571528
CD4 T cells regulatory_tumorfront_pCREB,608.0,0.8559905806286978
CD8 T cells_tumorfront_pp38,608.0,0.857840777135536
CD4 T cells regulatory_stromal_aggregatedNeighbors.CD4.T.cells.regulatory,612.0,0.8590558992470589
CD4 T cells naive_tumorfront_aggregatedNeighbors.Tumor.proliferating,609.0,0.8597694960368316
CD4 T cells regulatory_stromal_pp38,609.0,0.8665208249500838
Myeloid DCs_tumorfront_aggregatedNeighbors.Myeloid.Granulocytes,636.0,0.8669436961931648
Myeloid Monocytes_tumorfront_aggregatedNeighbors.Myeloid.Monocytes,610.0,0.8699793339896073
CD4 T cells memory_tumorfront_pp38,638.5,0.8714624689724447
Vessel_tumorfront_aggregatedNeighbors.Fibroblasts,638.5,0.8714720836724679
B cells_tumorfront_GranzymeB,610.0,0.8725036011282769
CD4 T cells memory_tumorfront_aggregatedNeighbors.Myeloid.Granulocytes,611.0,0.8733542579147424
Myeloid DCs_tumorfront_pS6,638.0,0.8735841297511083
CD8 T cells_intratumor_eccentricity,638.0,0.8757981544369731
B cells_stromal_cellfrequency,610.0,0.8759894889690188
Myeloid Monocytes_stromal_pSTAT1,638.0,0.8760214640138564
Myeloid Monocytes_stromal_aggregatedNeighbors.CD4.T.cells.regulatory,612.5,0.8842238630717457
Myeloid Granulocytes_tumorfront_eccentricity,637.0,0.8846033582092916
Tumor proliferating_intratumor_pCREB,637.0,0.885109145479399
Tumor non-proliferating_tumorfront_pNFkB,611.0,0.8851426286281112
CD4 T cells regulatory_tumorfront_aggregatedNeighbors.Myeloid.M2.macrophages,633.0,0.887543613670597
CD4 T cells memory_tumorfront_aggregatedNeighbors.CD4.T.cells.regulatory,612.0,0.8879873751180951
CD4 T cells memory_stromal_pSTAT3,611.5,0.8897060167769131
CD4 T cells memory_stromal_cellfrequency,636.5,0.8897060167769131
Tumor non-proliferating_tumorfront_aggregatedNeighbors.Myeloid.Granulocytes,612.0,0.8900766647170458
Myeloid DCs_tumorfront_pSTAT3,636.0,0.8909001975531816
Myeloid DCs_tumorfront_E-Cadherin,612.0,0.8919066373707044
CD8 T cells_tumorfront_VEGF,612.0,0.8942740200249942
CD8 T cells_tumorfront_pNFkB,612.0,0.8942740200249942
Tumor non-proliferating_intratumor_CD44,636.0,0.8942749011907618
B cells_tumorfront_aggregatedNeighbors.Tumor.proliferating,616.5,0.8977848461035102
B cells_tumorfront_aggregatedNeighbors.Vessel,635.0,0.8981643135537672
CD4 T cells memory_tumorfront_E-Cadherin,635.5,0.8988379400793997
CD4 T cells memory_stromal_pMAPKAPK2,612.5,0.898845532417527
B cells_tumorfront_CD36,635.0,0.9003352816072242
Myeloid DCs_tumorfront_pMAPKAPK2,635.0,0.9015129629013864
Myeloid Granulocytes_tumorfront_pCREB,635.0,0.90296682234389
Tumor proliferating_tumorfront_area,635.0,0.9034050912899483
Myeloid M1 macrophages_stromal_aggregatedNeighbors.Fibroblasts,635.0,0.9034163749758344
Myeloid DCs_stromal_aggregatedNeighbors.Myeloid.DCs,615.0,0.9045746042306881
Myeloid DCs_tumorfront_VEGF,614.0,0.9108514899384288
Myeloid DCs_tumorfront_pNFkB,634.0,0.9108514899384288
CD8 T cells_stromal_pSTAT1,634.0,0.9125803522767761
Myeloid Granulocytes_stromal_aggregatedNeighbors.Myeloid.M2.macrophages,615.0,0.9149890207418863
CD4 T cells regulatory_stromal_aggregatedNeighbors.Myeloid.M2.macrophages,632.5,0.918741003222217
B cells_tumorfront_pERK,633.0,0.9192464370575772
B cells_tumorfront_pMAPKAPK2,633.0,0.9195167523900725
B cells_stromal_eccentricity,615.0,0.9217282256946915
CD4 T cells memory_tumorfront_aggregatedNeighbors.B.cells,616.0,0.9224688777331241
Fibroblasts_tumorfront_aggregatedNeighbors.Myeloid.Granulocytes,632.0,0.9238068093352093
CD8 T cells_intratumor_aggregatedNeighbors.Tumor.non.proliferating,615.5,0.9260991553024274
Myeloid M1 macrophages_tumorfront_aggregatedNeighbors.Tumor.non.proliferating,615.5,0.9263324828435362
Myeloid M1 macrophages_stromal_aggregatedNeighbors.CD4.T.cells.naive,632.5,0.9263337147684862
CD4 T cells memory_tumorfront_cellfrequency,632.5,0.9263343307077856
CD8 T cells_tumorfront_aggregatedNeighbors.B.cells,616.0,0.926397195614199
Tumor proliferating_tumorfront_aggregatedNeighbors.B.cells,618.5,0.9268909199739774
Myeloid Granulocytes_tumorfront_pS6,632.0,0.9306065680754663
Myeloid Granulocytes_stromal_E-Cadherin,632.0,0.9308999406235624
Vessel_stromal_aggregatedNeighbors.Fibroblasts,632.0,0.9309323083947778
Tumor proliferating_tumorfront_aggregatedNeighbors.CD4.T.cells.naive,616.5,0.9316765976313232
Myeloid Monocytes_stromal_aggregatedNeighbors.Fibroblasts,631.5,0.935522112504371
Myeloid M2 macrophages_stromal_pMAPKAPK2,631.5,0.9355258883451537
Myeloid DCs_tumorfront_pp38,617.0,0.9389359155621559
Myeloid Monocytes_tumorfront_E-Cadherin,617.0,0.9401206905681045
Myeloid Monocytes_stromal_CD36,631.0,0.940122694852953
CD4 T cells regulatory_tumorfront_aggregatedNeighbors.CD4.T.cells.regulatory,620.0,0.9442176252912592
CD4 T cells memory_stromal_Ki67,617.5,0.9447204946412081
Tumor proliferating_tumorfront_aggregatedNeighbors.Fibroblasts,630.0,0.9478692685348982
Myeloid Monocytes_stromal_aggregatedNeighbors.Myeloid.M2.macrophages,618.0,0.9490296179431063
B cells_stromal_aggregatedNeighbors.CD8.T.cells,618.0,0.9490813388283568
CD4 T cells regulatory_stromal_pSTAT3,618.0,0.9491268948843639
Myeloid M1 macrophages_tumorfront_aggregatedNeighbors.Fibroblasts,630.0,0.94916419400792
Tumor non-proliferating_intratumor_aggregatedNeighbors.Tumor.non.proliferating,618.0,0.9493210624518644
Fibroblasts_tumorfront_celldistance,618.0,0.9493210624518644
Myeloid DCs_tumorfront_GranzymeB,619.0,0.9577033402865096
Tumor non-proliferating_tumorfront_aggregatedNeighbors.Myeloid.M2.macrophages,619.0,0.9583991582621098
Myeloid M1 macrophages_stromal_aggregatedNeighbors.CD8.T.cells,619.0,0.9584844392231433
Tumor proliferating_tumorfront_GranzymeB,629.0,0.958519239231054
Myeloid Monocytes_stromal_pp38,629.0,0.9585261887370309
Myeloid Granulocytes_stromal_aggregatedNeighbors.CD4.T.cells.memory,619.5,0.9627099058500341
CD4 T cells memory_stromal_E-Cadherin,619.5,0.9631305947363666
Tumor non-proliferating_stromal_aggregatedNeighbors.Myeloid.DCs,627.0,0.9658328874936212
CD8 T cells_intratumor_pMAPKAPK2,620.0,0.9676772098876938
CD8 T cells_stromal_CD36,620.0,0.9677368485500212
Myeloid Monocytes_stromal_pMAPKAPK2,620.0,0.9677368485500212
Tumor non-proliferating_tumorfront_pS6,628.0,0.9677368485500212
CD4 T cells naive_tumorfront_E-Cadherin,620.5,0.9723436382794879
Myeloid M1 macrophages_tumorfront_Ki67,620.5,0.9723436382794879
Myeloid M2 macrophages_tumorfront_aggregatedNeighbors.Myeloid.M2.macrophages,627.0,0.9747661267723006
B cells_tumorfront_E-Cadherin,627.0,0.9762117828021878
CD4 T cells naive_stromal_pSTAT1,627.0,0.9769518145176161
Myeloid Monocytes_stromal_aggregatedNeighbors.CD4.T.cells.naive,626.5,0.9815580547763083
Tumor non-proliferating_stromal_aggregatedNeighbors.B.cells,622.0,0.9831213467799778
B cells_tumorfront_cellfrequency,626.0,0.9857736560707004
CD8 T cells_tumorfront_aggregatedNeighbors.Tumor.proliferating,622.0,0.98589511528139
Myeloid M1 macrophages_tumorfront_aggregatedNeighbors.CD4.T.cells.memory,626.0,0.9860551780224216
Myeloid Granulocytes_tumorfront_VEGF,626.0,0.9861044730292188
CD4 T cells naive_tumorfront_aggregatedNeighbors.CD4.T.cells.memory,626.0,0.9861160995691457
Myeloid Granulocytes_stromal_pp38,626.0,0.9861559242843175
Tumor non-proliferating_tumorfront_GranzymeB,622.0,0.9861698575424498
CD4 T cells naive_stromal_CD36,626.0,0.9861698575424498
Myeloid M2 macrophages_stromal_aggregatedNeighbors.CD4.T.cells.regulatory,625.0,0.9947729989297086
CD4 T cells memory_stromal_aggregatedNeighbors.CD4.T.cells.memory,623.0,0.9953875813555859
Myeloid M2 macrophages_stromal_aggregatedNeighbors.Vessel,625.0,0.9953889740954005
Fibroblasts_stromal_aggregatedNeighbors.Fibroblasts,623.0,0.9953897472947997
CD4 T cells memory_tumorfront_pMAPKAPK2,624.5,1.0
Myeloid M2 macrophages_tumorfront_E-Cadherin,624.5,1.0
Myeloid DCs_tumorfront_Ki67,624.5,1.0
CD4 T cells regulatory_tumorfront_area,624.0,1.0
