,Max Proba
artificial.111,0.479
artificial.68,0.327
artificial.45,0.253
artificial.76,0.222
artificial.31,0.215
artificial.194,0.203
artificial.73,0.189
artificial.99,0.167
artificial.2,0.16
artificial.60,0.151
artificial.50,0.137
artificial.119,0.129
artificial.183,0.114
artificial.12,0.112
artificial.42,0.106
artificial.65,0.102
artificial.69,0.098
artificial.91,0.09
artificial.97,0.09
artificial.70,0.085
artificial.74,0.085
artificial.84,0.085
artificial.144,0.079
artificial.62,0.071
artificial.142,0.071
artificial.140,0.066
artificial.32,0.063
artificial.17,0.062
artificial.9,0.059
artificial.96,0.059
artificial.162,0.059
artificial.106,0.057
artificial.173,0.057
artificial.71,0.051
artificial.72,0.047
artificial.101,0.042
artificial.48,0.041
artificial.75,0.034
artificial.141,0.034
artificial.120,0.033
artificial.118,0.032
artificial.64,0.031
artificial.189,0.03
artificial.3,0.029
artificial.16,0.027
artificial.166,0.027
artificial.35,0.026
artificial.29,0.025
artificial.56,0.025
artificial.100,0.024
artificial.78,0.023
artificial.191,0.021
artificial.138,0.02
artificial.160,0.02
artificial.105,0.019
artificial.77,0.019
artificial.121,0.019
artificial.58,0.018
artificial.38,0.017
artificial.114,0.016
artificial.164,0.016
artificial.151,0.016
artificial.90,0.015
artificial.174,0.015
artificial.195,0.014
artificial.156,0.014
artificial.44,0.014
artificial.47,0.013
artificial.36,0.012
artificial.184,0.012
artificial.135,0.012
artificial.186,0.012
artificial.59,0.011
artificial.179,0.011
artificial.149,0.011
artificial.181,0.01
artificial.14,0.01
artificial.178,0.01
artificial.117,0.01
artificial.146,0.009
artificial.110,0.009
artificial.165,0.008
artificial.79,0.008
artificial.147,0.008
artificial.57,0.008
artificial.177,0.008
artificial.4,0.007
artificial.143,0.007
artificial.169,0.007
artificial.115,0.006
artificial.188,0.006
artificial.124,0.006
artificial.26,0.005
artificial.193,0.005
artificial.152,0.005
artificial.104,0.004
artificial.98,0.004
artificial.55,0.004
artificial.37,0.004
artificial.66,0.004
artificial.86,0.004
artificial.19,0.003
artificial.81,0.003
artificial.33,0.003
artificial.8,0.003
artificial.89,0.003
artificial.94,0.003
artificial.122,0.003
artificial.18,0.003
artificial.49,0.002
artificial.113,0.002
artificial.116,0.002
artificial.40,0.002
artificial.130,0.002
artificial.24,0.002
artificial.154,0.002
artificial.22,0.002
artificial.136,0.002
artificial.137,0.002
artificial.185,0.002
artificial.10,0.002
artificial.103,0.002
artificial.190,0.002
artificial.139,0.002
artificial.153,0.001
artificial.145,0.001
artificial.39,0.001
artificial.41,0.001
artificial.170,0.001
artificial.157,0.001
artificial.161,0.001
artificial.167,0.001
artificial.168,0.001
artificial.171,0.001
artificial.172,0.001
artificial.176,0.001
artificial.182,0.001
artificial.11,0.001
artificial.6,0.001
artificial.46,0.001
artificial.1,0.001
artificial.63,0.001
artificial.83,0.001
artificial.61,0.001
artificial.134,0.001
artificial.92,0.001
artificial.128,0.001
artificial.125,0.001
artificial.108,0.0
artificial.23,0.0
artificial.175,0.0
artificial.112,0.0
artificial.21,0.0
artificial.20,0.0
artificial.85,0.0
artificial.180,0.0
artificial.109,0.0
artificial.13,0.0
artificial.15,0.0
artificial.80,0.0
artificial.107,0.0
artificial.87,0.0
artificial.187,0.0
artificial.88,0.0
artificial.102,0.0
artificial.7,0.0
artificial.192,0.0
artificial.93,0.0
artificial.5,0.0
artificial.82,0.0
artificial.51,0.0
artificial.67,0.0
artificial.52,0.0
artificial.53,0.0
artificial.54,0.0
artificial.43,0.0
artificial.148,0.0
artificial.133,0.0
artificial.150,0.0
artificial.132,0.0
artificial.131,0.0
artificial.129,0.0
artificial.155,0.0
artificial.34,0.0
artificial.127,0.0
artificial.158,0.0
artificial.159,0.0
artificial.126,0.0
artificial.30,0.0
artificial.163,0.0
artificial.28,0.0
artificial.27,0.0
artificial.25,0.0
artificial.123,0.0
artificial.95,0.0
