Feature name,p-value (Spearman correlation),Corrected p-value (Bonferroni)
CD56loCD16posNK_153Eu_STAT1_IFNa,1.2896674872079932e-16,9.788576227908669e-14
Bcells_153Eu_STAT1_IFNa,7.492344811553205e-14,5.686689711968882e-11
CD8Tcm_153Eu_STAT1_IFNa,2.555871616149657e-12,1.93990655665759e-09
NKT_153Eu_STAT1_IFNa,2.9378082123844824e-12,2.2297964331998224e-09
CD8Tnaive_153Eu_STAT1_IFNa,3.553159601535314e-12,2.6968481375653033e-09
CD56hiCD16negNK_153Eu_STAT1_IFNa,8.205833371036e-12,6.228227528616324e-09
CD8Tem_153Eu_STAT1_IFNa,5.131508537591469e-11,3.894814980031925e-08
mDCs_153Eu_STAT1_IFNa,8.349836980265277e-11,6.337526268021346e-08
CD4Tnaive_153Eu_STAT1_IFNa,8.878287376259272e-11,6.738620118580788e-08
cMCs_153Eu_STAT1_IFNa,1.0117787341494516e-10,7.679400592194337e-08
CD4Teff_153Eu_STAT1_IFNa,2.008555432424912e-10,1.5244935732105083e-07
CD4Tcm_153Eu_STAT1_IFNa,2.2909359919642148e-10,1.738820417900839e-07
intMCs_153Eu_STAT1_IFNa,4.980849060568834e-10,3.7804644369717454e-07
CD4negCD8negTcells_153Eu_STAT1_IFNa,7.531828838951951e-10,5.716658088764531e-07
Tregs_153Eu_STAT1_IFNa,1.162796508311162e-09,8.825625498081719e-07
CD4Tem_153Eu_STAT1_IFNa,4.466086069905981e-08,3.3897593270586396e-05
pDCs_153Eu_STAT1_IFNa,2.757417582004825e-07,0.00020928799447416621
CD56hiCD16negNK_153Eu_STAT1_IL246,3.0456125356334834e-07,0.0002311619914545814
CD8Teff_153Eu_STAT1_IFNa,7.390700593651573e-07,0.0005609541750581544
CD4Tnaive_154Sm_STAT3_unstim,1.5289185879667001e-06,0.0011604492082667255
MDSCs_153Eu_STAT1_IFNa,3.671840059622307e-06,0.002786926605253331
CD4Tnaive_153Eu_STAT1_IL246,4.755294157202128e-06,0.003609268265316415
intMCs_156Gd_IkB_IFNa,7.691933652369365e-06,0.005838177642148348
CD4Tcm_154Sm_STAT3_unstim,1.425889253923315e-05,0.01082249943727796
CD8Tnaive_154Sm_STAT3_unstim,1.4961442460644257e-05,0.01135573482762899
intMCs_166Er_NFkB_GMCSF,2.144750327838734e-05,0.016278654988295994
Granulocytes_155Gd_S6_unstim,2.2822694959243902e-05,0.017322425474066122
CD8Tnaive_153Eu_STAT1_IL246,2.5010794227778796e-05,0.018983192818884106
CD4Teff_153Eu_STAT1_IL246,2.6599821349826735e-05,0.02018926440451849
CD4negCD8negTcells_159Tb_MAPKAPK2_IFNa,2.8316498401030978e-05,0.021492222286382513
CD56loCD16posNK_154Sm_STAT3_IL246,2.963491469155736e-05,0.022492900250892036
Tregs_150Nd_STAT5_unstim,3.536401470537774e-05,0.026841287161381705
CD4Tnaive_159Tb_MAPKAPK2_IFNa,3.809334859675775e-05,0.028912851584939135
Tregs_153Eu_STAT1_IL246,5.5069404252440446e-05,0.0417976778276023
CD4Teff_154Sm_STAT3_unstim,7.556857293522676e-05,0.05735654685783711
Granulocytes_149Sm_CREB_IFNa,0.00010502887739907718,0.07971691794589958
intMCs_149Sm_CREB_unstim,0.00014087476374689034,0.10692394568388977
Granulocytes_166Er_NFkB_GMCSF,0.00019115567620684313,0.14508715824099394
CD4Tcm_159Tb_MAPKAPK2_IFNa,0.00019952319083661364,0.15143810184498974
CD4Tcm_167Er_ERK_IFNa,0.00022737381688246334,0.17257672701378968
Tregs_159Tb_MAPKAPK2_LPS,0.0002824558197192867,0.21438396716693858
CD4Tnaive_154Sm_STAT3_IL246,0.0003726903212832796,0.2828719538540092
Granulocytes_155Gd_S6_IFNa,0.00042102612188640236,0.3195588265117794
CD4Tnaive_150Nd_STAT5_unstim,0.0004804041914444034,0.36462678130630216
CD56loCD16posNK_159Tb_MAPKAPK2_IFNa,0.0006108633891703925,0.4636453123803279
CD4Tcm_150Nd_STAT5_unstim,0.0006332014548625537,0.4805999042406782
Granulocytes_156Gd_IkB_IFNa,0.0006733492957246276,0.5110721154549923
MDSCs_154Sm_STAT3_IL246,0.0006787406008790261,0.5151641160671808
CD56loCD16posNK_149Sm_CREB_LPS,0.0009608598626657831,0.7292926357633294
NKT_149Sm_CREB_IFNa,0.0010183898232224418,0.7729578758258333
MDSCs_149Sm_CREB_unstim,0.0010231939359132771,0.7766041973581773
Bcells_159Tb_MAPKAPK2_LPS,0.001132839006063046,0.8598248056018519
Granulocytes_149Sm_CREB_unstim,0.0011412325899844485,0.8661955357981964
cMCs_149Sm_CREB_unstim,0.001282482921447066,0.973404537378323
CD8Tnaive_150Nd_STAT5_unstim,0.001391067258958658,1.0
Granulocytes_151Eu_p38_GMCSF,0.0015777789797064132,1.0
ncMCs_167Er_ERK_GMCSF,0.0016187072152411498,1.0
cMCs_149Sm_CREB_GMCSF,0.0017500649689000446,1.0
Granulocytes_167Er_ERK_GMCSF,0.001785685001680788,1.0
CD8Tnaive_156Gd_IkB_IFNa,0.0018466621353817633,1.0
CD56loCD16posNK_159Tb_MAPKAPK2_LPS,0.0019284963799304463,1.0
intMCs_167Er_ERK_GMCSF,0.002056655916907385,1.0
CD56loCD16posNK_159Tb_MAPKAPK2_unstim,0.0022475551852266613,1.0
CD8Tem_167Er_ERK_IFNa,0.0024029489903408855,1.0
Granulocytes_156Gd_IkB_unstim,0.0024967213887777022,1.0
CD56hiCD16negNK_155Gd_S6_unstim,0.0025091741346488523,1.0
cMCs_156Gd_IkB_IFNa,0.0025783757059601588,1.0
CD4Tcm_149Sm_CREB_unstim,0.0028474754377115974,1.0
mDCs_149Sm_CREB_unstim,0.003188945351193913,1.0
CD8Teff_156Gd_IkB_unstim,0.0035784761787945687,1.0
ncMCs_149Sm_CREB_GMCSF,0.0037967040184592846,1.0
cMCs_155Gd_S6_GMCSF,0.0038942985054999514,1.0
CD4Tem_159Tb_MAPKAPK2_IFNa,0.003930937833128145,1.0
CD4Tem_149Sm_CREB_unstim,0.004485969424476314,1.0
ncMCs_156Gd_IkB_IFNa,0.0046407738306806475,1.0
cMCs_153Eu_STAT1_IL246,0.0046562682114348365,1.0
Tregs_159Tb_MAPKAPK2_IFNa,0.00471394048403225,1.0
CD56loCD16posNK_149Sm_CREB_IFNa,0.005162797711015537,1.0
CD8Tnaive_159Tb_MAPKAPK2_IFNa,0.00538295211317262,1.0
CD8Tem_149Sm_CREB_IFNa,0.005472692074462321,1.0
Bcells_150Nd_STAT5_IL246,0.005748642963078566,1.0
intMCs_153Eu_STAT1_IL246,0.005801958010219556,1.0
NKT_167Er_ERK_IL246,0.0063007946171873075,1.0
CD8Teff_159Tb_MAPKAPK2_IFNa,0.0068684038128887185,1.0
CD4Tem_159Tb_MAPKAPK2_unstim,0.006890749000588968,1.0
mDCs_154Sm_STAT3_IL246,0.00782777479970674,1.0
Tregs_159Tb_MAPKAPK2_unstim,0.007888564120889171,1.0
CD4Tnaive_155Gd_S6_IFNa,0.007929274344388032,1.0
Bcells_155Gd_S6_LPS,0.008213081861706823,1.0
MDSCs_151Eu_p38_GMCSF,0.00882421209883863,1.0
cMCs_154Sm_STAT3_IL246,0.009007289445698539,1.0
CD8Tnaive_156Gd_IkB_unstim,0.009121609964206221,1.0
Bcells_156Gd_IkB_IFNa,0.010122481624498114,1.0
ncMCs_166Er_NFkB_GMCSF,0.010162290946418618,1.0
CD4Tem_156Gd_IkB_unstim,0.010554057014099793,1.0
CD56hiCD16negNK_159Tb_MAPKAPK2_unstim,0.010654277619473417,1.0
CD4Tcm_159Tb_MAPKAPK2_unstim,0.010834612007996739,1.0
CD8Tcm_159Tb_MAPKAPK2_IFNa,0.011201911353015705,1.0
CD56loCD16posNK_150Nd_STAT5_IFNa,0.011328549557512892,1.0
CD4Tcm_156Gd_IkB_unstim,0.011404472782148086,1.0
cMCs_166Er_NFkB_GMCSF,0.01142915308541847,1.0
CD56hiCD16negNK_149Sm_CREB_unstim,0.012294820184320118,1.0
intMCs_149Sm_CREB_IFNa,0.01240635571502425,1.0
CD56hiCD16negNK_149Sm_CREB_IFNa,0.012685306138105762,1.0
Tregs_156Gd_IkB_unstim,0.013703661473311254,1.0
CD8Tem_166Er_NFkB_IFNa,0.013866352222301417,1.0
CD8Tcm_156Gd_IkB_unstim,0.01421350602921471,1.0
CD4Tnaive_156Gd_IkB_IFNa,0.014427738019016643,1.0
CD4Tnaive_156Gd_IkB_unstim,0.014999642011762392,1.0
CD4Tnaive_167Er_ERK_IFNa,0.015094848306002455,1.0
CD8Tem_159Tb_MAPKAPK2_unstim,0.0156476012835159,1.0
Bcells_156Gd_IkB_unstim,0.0159323925712974,1.0
mDCs_151Eu_p38_LPS,0.015959035645022622,1.0
CD4negCD8negTcells_156Gd_IkB_unstim,0.016566416622746622,1.0
Granulocytes_168Er_STAT6_GMCSF,0.01659248468347631,1.0
CD56loCD16posNK_156Gd_IkB_LPS,0.016938382237666867,1.0
pDCs_168Er_STAT6_GMCSF,0.017057173481857764,1.0
CD8Tcm_149Sm_CREB_IFNa,0.017553430162159617,1.0
Bcells_150Nd_STAT5_IFNa,0.017701286093914102,1.0
intMCs_155Gd_S6_GMCSF,0.018212183868778344,1.0
CD8Tcm_159Tb_MAPKAPK2_unstim,0.01842500617281475,1.0
Granulocytes_153Eu_STAT1_IFNa,0.01860970505887295,1.0
Granulocytes_155Gd_S6_LPS,0.019721525602599797,1.0
CD4negCD8negTcells_156Gd_IkB_IFNa,0.01976142279114878,1.0
MDSCs_167Er_ERK_IL246,0.01981271332336371,1.0
CD4Tem_156Gd_IkB_IFNa,0.019856360887549242,1.0
cMCs_166Er_NFkB_IFNa,0.02028960640883436,1.0
cMCs_167Er_ERK_GMCSF,0.021122506786200052,1.0
ncMCs_149Sm_CREB_unstim,0.021160572263554552,1.0
CD4Tcm_167Er_ERK_unstim,0.021972680619595845,1.0
CD4Tem_166Er_NFkB_IFNa,0.022648780254353015,1.0
CD8Tem_159Tb_MAPKAPK2_IFNa,0.022648846697291804,1.0
CD8Tem_156Gd_IkB_unstim,0.022673213793722502,1.0
intMCs_156Gd_IkB_unstim,0.023217268861550306,1.0
ncMCs_149Sm_CREB_IFNa,0.02328092212998467,1.0
CD8Tem_149Sm_CREB_unstim,0.023436254470862734,1.0
intMCs_149Sm_CREB_GMCSF,0.0236034922972553,1.0
CD4Tem_168Er_STAT6_IL246,0.023699193965121813,1.0
Granulocytes_154Sm_STAT3_GMCSF,0.02371289279657086,1.0
CD8Teff_156Gd_IkB_IFNa,0.023853394495754708,1.0
Bcells_166Er_NFkB_IFNa,0.023974465486307637,1.0
CD56hiCD16negNK_155Gd_S6_LPS,0.024755373171499236,1.0
MDSCs_155Gd_S6_unstim,0.024778643221165263,1.0
CD8Tcm_149Sm_CREB_unstim,0.025185374308493203,1.0
CD4Teff_156Gd_IkB_unstim,0.025869311152282824,1.0
CD4negCD8negTcells_168Er_STAT6_unstim,0.026391027749870913,1.0
intMCs_151Eu_p38_LPS,0.0264931840298889,1.0
intMCs_166Er_NFkB_unstim,0.026644366858727037,1.0
pDCs_167Er_ERK_unstim,0.027315782939375526,1.0
MDSCs_149Sm_CREB_GMCSF,0.027649362054514005,1.0
intMCs_151Eu_p38_GMCSF,0.028054301907165482,1.0
NKT_156Gd_IkB_unstim,0.02840020319601455,1.0
Tregs_166Er_NFkB_unstim,0.029780224940461147,1.0
CD56hiCD16negNK_154Sm_STAT3_IL246,0.03087083992299577,1.0
CD4Tcm_166Er_NFkB_unstim,0.030972103386216743,1.0
CD4Tem_155Gd_S6_IFNa,0.030985877008041222,1.0
CD4Tcm_155Gd_S6_IFNa,0.03142241770071653,1.0
cMCs_166Er_NFkB_unstim,0.03159817891424615,1.0
MDSCs_167Er_ERK_GMCSF,0.03199932180138052,1.0
CD56loCD16posNK_166Er_NFkB_unstim,0.03217581067916534,1.0
CD56hiCD16negNK_154Sm_STAT3_IFNa,0.032613313452184066,1.0
Tregs_156Gd_IkB_LPS,0.03266612336562292,1.0
CD4negCD8negTcells_167Er_ERK_IL246,0.03353665040817774,1.0
CD56hiCD16negNK_149Sm_CREB_LPS,0.03460957595264206,1.0
Granulocytes_156Gd_IkB_LPS,0.03497452000523032,1.0
cMCs_149Sm_CREB_IFNa,0.03500697045862624,1.0
CD4Teff_150Nd_STAT5_unstim,0.03536175573386915,1.0
pDCs_149Sm_CREB_unstim,0.03549133543861158,1.0
CD8Teff_168Er_STAT6_unstim,0.03551224849584428,1.0
intMCs_154Sm_STAT3_IL246,0.03578566576733852,1.0
cMCs_151Eu_p38_LPS,0.036101828653641005,1.0
CD56loCD16posNK_168Er_STAT6_unstim,0.036423670930104776,1.0
CD56hiCD16negNK_159Tb_MAPKAPK2_IFNa,0.03646163375671945,1.0
CD4Tcm_154Sm_STAT3_IL246,0.0369311217181554,1.0
CD56loCD16posNK_155Gd_S6_LPS,0.03696709710364879,1.0
CD56hiCD16negNK_168Er_STAT6_unstim,0.03709844784066321,1.0
NKT_149Sm_CREB_unstim,0.03730623466669537,1.0
Tregs_159Tb_MAPKAPK2_IL246,0.037464957565688566,1.0
pDCs_155Gd_S6_IL246,0.03767751655105763,1.0
CD4negCD8negTcells_166Er_NFkB_unstim,0.037874087502226164,1.0
CD8Tem_155Gd_S6_IFNa,0.03931490970696379,1.0
Granulocytes_149Sm_CREB_GMCSF,0.040405579857484476,1.0
ncMCs_151Eu_p38_GMCSF,0.04117891220057256,1.0
CD56hiCD16negNK_150Nd_STAT5_IFNa,0.04125479746255025,1.0
CD8Tcm_154Sm_STAT3_IFNa,0.04262938378324026,1.0
CD56loCD16posNK_166Er_NFkB_LPS,0.04263839948659322,1.0
CD4Tcm_156Gd_IkB_IFNa,0.04299125877313887,1.0
cMCs_156Gd_IkB_unstim,0.04604224578218185,1.0
intMCs_168Er_STAT6_IL246,0.04617621916163054,1.0
CD8Tcm_166Er_NFkB_unstim,0.04703405567128916,1.0
CD8Tem_168Er_STAT6_IL246,0.04812333157894605,1.0
NKT_150Nd_STAT5_IFNa,0.049843998570884264,1.0
cMCs_151Eu_p38_GMCSF,0.049977486690446445,1.0
pDCs_153Eu_STAT1_IL246,0.050415384808390674,1.0
cMCs_168Er_STAT6_IL246,0.050738097311522234,1.0
MDSCs_151Eu_p38_LPS,0.0507424874472789,1.0
Granulocytes_159Tb_MAPKAPK2_unstim,0.051248932630845845,1.0
CD4Tem_150Nd_STAT5_unstim,0.051779495296249846,1.0
intMCs_156Gd_IkB_LPS,0.05288888950018643,1.0
mDCs_155Gd_S6_IFNa,0.05372489711084716,1.0
CD4Tcm_168Er_STAT6_unstim,0.0551555219997405,1.0
CD56loCD16posNK_156Gd_IkB_unstim,0.055202315654221276,1.0
CD4negCD8negTcells_156Gd_IkB_IL246,0.05549540826065887,1.0
intMCs_167Er_ERK_IL246,0.055703380556390396,1.0
Bcells_166Er_NFkB_unstim,0.05582611665340024,1.0
Tregs_167Er_ERK_unstim,0.057443946507658036,1.0
NKT_156Gd_IkB_IFNa,0.05822133799347743,1.0
mDCs_167Er_ERK_GMCSF,0.05839327778181587,1.0
intMCs_151Eu_p38_IL246,0.059215410341084435,1.0
mDCs_155Gd_S6_unstim,0.05946755449817735,1.0
ncMCs_155Gd_S6_unstim,0.059491321109782225,1.0
pDCs_167Er_ERK_GMCSF,0.060559250881873,1.0
Granulocytes_151Eu_p38_LPS,0.06196579046822269,1.0
pDCs_151Eu_p38_GMCSF,0.062055100798461306,1.0
CD4Tem_154Sm_STAT3_IL246,0.06256750308812366,1.0
CD4negCD8negTcells_167Er_ERK_unstim,0.06301784713401937,1.0
CD4Teff_154Sm_STAT3_IL246,0.06424229028753181,1.0
CD4Tnaive_167Er_ERK_unstim,0.06522296674598108,1.0
Granulocytes_150Nd_STAT5_unstim,0.06577913948230259,1.0
Bcells_149Sm_CREB_unstim,0.0659989672236054,1.0
intMCs_166Er_NFkB_IL246,0.06615422706742238,1.0
ncMCs_154Sm_STAT3_GMCSF,0.0673162616009387,1.0
Tregs_156Gd_IkB_IFNa,0.06743798283482375,1.0
CD4negCD8negTcells_159Tb_MAPKAPK2_unstim,0.06855787644032035,1.0
Granulocytes_166Er_NFkB_unstim,0.0697037377450926,1.0
CD8Teff_167Er_ERK_IFNa,0.07010373012390844,1.0
Granulocytes_151Eu_p38_unstim,0.07193142530762622,1.0
intMCs_156Gd_IkB_IL246,0.07221175789941785,1.0
CD56hiCD16negNK_156Gd_IkB_LPS,0.07396168516322715,1.0
Granulocytes_167Er_ERK_IL246,0.07434923388215685,1.0
cMCs_151Eu_p38_IL246,0.07680319436499276,1.0
NKT_159Tb_MAPKAPK2_IFNa,0.07689604046503361,1.0
Bcells_167Er_ERK_IL246,0.07767302264993882,1.0
mDCs_149Sm_CREB_GMCSF,0.07792713627107528,1.0
ncMCs_156Gd_IkB_unstim,0.08357692365129926,1.0
ncMCs_155Gd_S6_IFNa,0.08441919848204961,1.0
CD8Teff_149Sm_CREB_unstim,0.08485113844168181,1.0
CD56hiCD16negNK_151Eu_p38_unstim,0.08658756637906541,1.0
CD8Tcm_150Nd_STAT5_unstim,0.08846540853516051,1.0
CD56hiCD16negNK_156Gd_IkB_unstim,0.08939821291826168,1.0
cMCs_150Nd_STAT5_IFNa,0.09008335464515689,1.0
mDCs_149Sm_CREB_IFNa,0.09097232762535366,1.0
MDSCs_154Sm_STAT3_IFNa,0.09121522498555693,1.0
CD8Tcm_167Er_ERK_unstim,0.09291173595013445,1.0
CD4Tem_149Sm_CREB_IL246,0.0933648199641194,1.0
ncMCs_159Tb_MAPKAPK2_unstim,0.0935894550434932,1.0
CD56loCD16posNK_156Gd_IkB_IL246,0.09541404912425745,1.0
CD8Tnaive_149Sm_CREB_IL246,0.09561527546837657,1.0
CD8Teff_166Er_NFkB_unstim,0.09617313702562391,1.0
CD4Teff_156Gd_IkB_IFNa,0.09649761708082238,1.0
Bcells_155Gd_S6_IFNa,0.09774210250487199,1.0
CD4Tcm_168Er_STAT6_IL246,0.09814638981334042,1.0
NKT_159Tb_MAPKAPK2_unstim,0.10311859239189006,1.0
Granulocytes_155Gd_S6_IL246,0.10322197842025184,1.0
CD56loCD16posNK_154Sm_STAT3_unstim,0.10500837317043424,1.0
CD4Tem_155Gd_S6_IL246,0.10596365459157583,1.0
cMCs_155Gd_S6_IFNa,0.1063423387778909,1.0
MDSCs_150Nd_STAT5_GMCSF,0.1064704632855035,1.0
CD56loCD16posNK_154Sm_STAT3_IFNa,0.10666980615459383,1.0
NKT_168Er_STAT6_IL246,0.10694568009533627,1.0
Granulocytes_159Tb_MAPKAPK2_IL246,0.10745577274667235,1.0
ncMCs_159Tb_MAPKAPK2_GMCSF,0.10783415521785279,1.0
ncMCs_166Er_NFkB_IFNa,0.10828409870783116,1.0
CD4Tem_168Er_STAT6_IFNa,0.10865607292158978,1.0
CD8Tcm_167Er_ERK_IFNa,0.10912448290736211,1.0
MDSCs_166Er_NFkB_unstim,0.10927756055462158,1.0
MDSCs_149Sm_CREB_IL246,0.10955932453647535,1.0
CD4negCD8negTcells_149Sm_CREB_IL246,0.11131548909136821,1.0
CD8Tem_168Er_STAT6_IFNa,0.11165762375501549,1.0
CD56loCD16posNK_149Sm_CREB_unstim,0.11187485189645391,1.0
CD4Tcm_150Nd_STAT5_IL246,0.1135312999668521,1.0
MDSCs_150Nd_STAT5_unstim,0.11399025026510143,1.0
pDCs_159Tb_MAPKAPK2_IFNa,0.11519813809320098,1.0
CD8Tnaive_149Sm_CREB_unstim,0.115206516989804,1.0
CD4Tem_167Er_ERK_unstim,0.11655052148544622,1.0
CD8Tcm_168Er_STAT6_unstim,0.11680023911302043,1.0
Tregs_156Gd_IkB_IL246,0.11689718022546189,1.0
CD4Tem_150Nd_STAT5_IL246,0.1174545250881053,1.0
CD4Tem_168Er_STAT6_unstim,0.11792654932910748,1.0
CD4negCD8negTcells_149Sm_CREB_IFNa,0.11852838187243446,1.0
CD56hiCD16negNK_159Tb_MAPKAPK2_LPS,0.1203636333806674,1.0
intMCs_168Er_STAT6_IFNa,0.12112477417068877,1.0
MDSCs_149Sm_CREB_IFNa,0.1217283451556404,1.0
MDSCs_166Er_NFkB_GMCSF,0.1223278765238032,1.0
MDSCs_159Tb_MAPKAPK2_unstim,0.12343457210266676,1.0
CD8Teff_155Gd_S6_IFNa,0.12441186136684484,1.0
CD4negCD8negTcells_149Sm_CREB_unstim,0.12462785683679511,1.0
Bcells_154Sm_STAT3_IL246,0.12469529506966001,1.0
cMCs_156Gd_IkB_LPS,0.12482481646740763,1.0
CD56hiCD16negNK_150Nd_STAT5_unstim,0.12612354289924949,1.0
CD8Tem_167Er_ERK_unstim,0.12809541128752122,1.0
NKT_154Sm_STAT3_IL246,0.12958106160446137,1.0
NKT_154Sm_STAT3_IFNa,0.13066224151831726,1.0
pDCs_149Sm_CREB_GMCSF,0.1314788302574422,1.0
Granulocytes_149Sm_CREB_IL246,0.13462897651698585,1.0
pDCs_151Eu_p38_unstim,0.1347500070350596,1.0
CD4Tnaive_168Er_STAT6_unstim,0.1369086870770853,1.0
CD8Tem_166Er_NFkB_unstim,0.1377407298059549,1.0
Tregs_166Er_NFkB_IL246,0.13966789518798883,1.0
CD4Tnaive_155Gd_S6_unstim,0.1401191395515347,1.0
CD56hiCD16negNK_166Er_NFkB_IL246,0.14100157851593556,1.0
CD8Tcm_150Nd_STAT5_IFNa,0.14219611929551995,1.0
CD8Tem_156Gd_IkB_IFNa,0.14268210070282647,1.0
intMCs_150Nd_STAT5_IFNa,0.1436554996245456,1.0
cMCs_156Gd_IkB_GMCSF,0.1440505761854984,1.0
CD4negCD8negTcells_151Eu_p38_IFNa,0.14701869618535554,1.0
CD4Tnaive_154Sm_STAT3_IFNa,0.14915110368760565,1.0
Bcells_159Tb_MAPKAPK2_IFNa,0.15718405009535558,1.0
cMCs_156Gd_IkB_IL246,0.15737613996579372,1.0
intMCs_159Tb_MAPKAPK2_unstim,0.1593972588004399,1.0
CD8Teff_168Er_STAT6_IL246,0.15968849468902158,1.0
Granulocytes_166Er_NFkB_IFNa,0.1617710034643796,1.0
CD8Tem_168Er_STAT6_unstim,0.1618167840807826,1.0
CD56loCD16posNK_150Nd_STAT5_IL246,0.1639529867275053,1.0
CD4Teff_159Tb_MAPKAPK2_unstim,0.16521819035199686,1.0
Tregs_155Gd_S6_unstim,0.1661768598794446,1.0
CD56hiCD16negNK_166Er_NFkB_unstim,0.16849342850021268,1.0
CD4negCD8negTcells_167Er_ERK_IFNa,0.1699986760256804,1.0
MDSCs_167Er_ERK_unstim,0.17089731715150966,1.0
CD8Tcm_168Er_STAT6_IL246,0.1728388516747849,1.0
Granulocytes_159Tb_MAPKAPK2_LPS,0.175832234199592,1.0
pDCs_166Er_NFkB_GMCSF,0.1762555094000364,1.0
CD56loCD16posNK_155Gd_S6_IFNa,0.1762779005767311,1.0
CD4Tnaive_166Er_NFkB_unstim,0.1781953348870065,1.0
mDCs_155Gd_S6_LPS,0.17877918443842278,1.0
CD8Tnaive_166Er_NFkB_IFNa,0.1847386014369707,1.0
CD8Tnaive_150Nd_STAT5_IFNa,0.1851935222800754,1.0
ncMCs_166Er_NFkB_IL246,0.18583696244350797,1.0
Tregs_154Sm_STAT3_unstim,0.1863259606485281,1.0
ncMCs_156Gd_IkB_LPS,0.1888520759778122,1.0
ncMCs_153Eu_STAT1_IFNa,0.189890551232635,1.0
CD8Tem_156Gd_IkB_IL246,0.19039927851285288,1.0
ncMCs_168Er_STAT6_GMCSF,0.1908374660360707,1.0
CD4Tnaive_155Gd_S6_IL246,0.19156725362491805,1.0
cMCs_149Sm_CREB_IL246,0.19228683718034714,1.0
pDCs_150Nd_STAT5_IFNa,0.1935007512067481,1.0
CD4Tem_166Er_NFkB_unstim,0.1945023257276339,1.0
Bcells_168Er_STAT6_IL246,0.1959578556501525,1.0
CD4Tnaive_159Tb_MAPKAPK2_unstim,0.1962457966770813,1.0
CD4Teff_167Er_ERK_unstim,0.19653998935230502,1.0
cMCs_155Gd_S6_IL246,0.19812960092535398,1.0
CD4Tem_166Er_NFkB_IL246,0.1990954428210732,1.0
mDCs_156Gd_IkB_unstim,0.20038669450860858,1.0
CD8Tcm_167Er_ERK_IL246,0.20126759222757135,1.0
CD56loCD16posNK_159Tb_MAPKAPK2_IL246,0.20174406066474893,1.0
CD8Teff_156Gd_IkB_IL246,0.20216931125095777,1.0
CD4Tnaive_149Sm_CREB_IL246,0.20546471582499476,1.0
CD8Tcm_154Sm_STAT3_unstim,0.20600833626430656,1.0
pDCs_159Tb_MAPKAPK2_unstim,0.20621712071967488,1.0
CD4Tem_155Gd_S6_unstim,0.20642060924979022,1.0
CD56hiCD16negNK_149Sm_CREB_IL246,0.21148072297260098,1.0
CD4Teff_150Nd_STAT5_IL246,0.21264866990867343,1.0
CD4Tnaive_153Eu_STAT1_unstim,0.21340648202510057,1.0
ncMCs_153Eu_STAT1_unstim,0.21340648202510057,1.0
Bcells_154Sm_STAT3_unstim,0.21340648202510057,1.0
cMCs_168Er_STAT6_unstim,0.21340648202510057,1.0
CD4Tem_153Eu_STAT1_unstim,0.21340648202510057,1.0
Bcells_153Eu_STAT1_unstim,0.21340648202510057,1.0
cMCs_153Eu_STAT1_unstim,0.21340648202510057,1.0
CD4Tem_151Eu_p38_unstim,0.21340648202510057,1.0
CD4Teff_153Eu_STAT1_unstim,0.21340648202510057,1.0
CD8Tnaive_153Eu_STAT1_unstim,0.21340648202510057,1.0
mDCs_168Er_STAT6_unstim,0.21340648202510057,1.0
CD56loCD16posNK_151Eu_p38_unstim,0.21340648202510057,1.0
CD56loCD16posNK_153Eu_STAT1_unstim,0.21340648202510057,1.0
NKT_153Eu_STAT1_unstim,0.21340648202510057,1.0
NKT_151Eu_p38_unstim,0.21340648202510057,1.0
CD8Tcm_151Eu_p38_unstim,0.21340648202510057,1.0
CD8Tcm_153Eu_STAT1_unstim,0.21340648202510057,1.0
intMCs_168Er_STAT6_unstim,0.21340648202510057,1.0
ncMCs_168Er_STAT6_unstim,0.21340648202510057,1.0
CD8Teff_151Eu_p38_unstim,0.21340648202510057,1.0
Bcells_168Er_STAT6_unstim,0.21340648202510057,1.0
CD8Teff_153Eu_STAT1_unstim,0.21340648202510057,1.0
intMCs_153Eu_STAT1_unstim,0.21340648202510057,1.0
CD4Tcm_151Eu_p38_unstim,0.21340648202510057,1.0
CD4Tcm_153Eu_STAT1_unstim,0.21340648202510057,1.0
CD4negCD8negTcells_153Eu_STAT1_unstim,0.21340648202510057,1.0
CD8Tnaive_151Eu_p38_unstim,0.21340648202510057,1.0
CD4negCD8negTcells_151Eu_p38_unstim,0.21340648202510057,1.0
CD4negCD8negTcells_153Eu_STAT1_IL246,0.21340648202510057,1.0
Tregs_153Eu_STAT1_unstim,0.21340648202510057,1.0
Granulocytes_168Er_STAT6_unstim,0.21340648202510057,1.0
CD8Tem_153Eu_STAT1_unstim,0.21340648202510057,1.0
CD8Tem_151Eu_p38_unstim,0.21340648202510057,1.0
MDSCs_153Eu_STAT1_unstim,0.21461741003420706,1.0
MDSCs_168Er_STAT6_unstim,0.21461741003420706,1.0
CD4Teff_149Sm_CREB_IL246,0.21486931548503985,1.0
mDCs_154Sm_STAT3_IFNa,0.21528832012636795,1.0
CD4Tnaive_168Er_STAT6_IL246,0.2167099684477833,1.0
CD56hiCD16negNK_153Eu_STAT1_unstim,0.21710233661952,1.0
cMCs_167Er_ERK_IL246,0.21874529979943175,1.0
pDCs_168Er_STAT6_unstim,0.21884941513886216,1.0
mDCs_166Er_NFkB_LPS,0.21885831471326378,1.0
NKT_155Gd_S6_IFNa,0.22219131591621713,1.0
cMCs_168Er_STAT6_IFNa,0.22252073548710297,1.0
Granulocytes_149Sm_CREB_LPS,0.22412575973156373,1.0
Bcells_159Tb_MAPKAPK2_unstim,0.22727575106168563,1.0
cMCs_159Tb_MAPKAPK2_LPS,0.23038075121695553,1.0
TTL$EGA,0.230612303561106,1.0
NKT_168Er_STAT6_IFNa,0.23201661230155926,1.0
Granulocytes_156Gd_IkB_GMCSF,0.2331230777231176,1.0
intMCs_156Gd_IkB_GMCSF,0.23863295128550766,1.0
CD8Tcm_166Er_NFkB_IL246,0.23942247704339956,1.0
CD56loCD16posNK_168Er_STAT6_IL246,0.23975270820181918,1.0
mDCs_150Nd_STAT5_IFNa,0.24010066318783246,1.0
CD4negCD8negTcells_150Nd_STAT5_unstim,0.2419810126655753,1.0
NKT_156Gd_IkB_IL246,0.2439850936549192,1.0
CD4Tem_154Sm_STAT3_unstim,0.24440005342040866,1.0
ncMCs_155Gd_S6_GMCSF,0.2472315207734803,1.0
Tregs_150Nd_STAT5_IL246,0.24798730858146514,1.0
ncMCs_156Gd_IkB_GMCSF,0.2505041017917311,1.0
mDCs_151Eu_p38_IL246,0.252039872819017,1.0
CD4Teff_168Er_STAT6_unstim,0.25204219865092387,1.0
NKT_166Er_NFkB_IL246,0.2535033378687778,1.0
CD8Tnaive_168Er_STAT6_IL246,0.25406408096146915,1.0
CD4Tem_167Er_ERK_IFNa,0.25483422943725026,1.0
CD8Tnaive_155Gd_S6_IFNa,0.2566800225532855,1.0
pDCs_155Gd_S6_unstim,0.25875351671944924,1.0
mDCs_151Eu_p38_GMCSF,0.2599532577801087,1.0
CD8Teff_159Tb_MAPKAPK2_unstim,0.26199501603693837,1.0
Granulocytes_150Nd_STAT5_IL246,0.26226318956593275,1.0
CD8Tnaive_168Er_STAT6_unstim,0.26266117153483937,1.0
CD56hiCD16negNK_166Er_NFkB_LPS,0.26299025373028667,1.0
CD4Teff_166Er_NFkB_unstim,0.27177710868127203,1.0
CD4Tcm_159Tb_MAPKAPK2_IL246,0.2724305507477863,1.0
Tregs_168Er_STAT6_unstim,0.27298258918163076,1.0
cMCs_155Gd_S6_unstim,0.27348673266213774,1.0
CD4Tcm_149Sm_CREB_IL246,0.2772651176755911,1.0
CD4Tem_150Nd_STAT5_IFNa,0.28073682471424444,1.0
CD4Tem_151Eu_p38_IFNa,0.28080305225852487,1.0
ncMCs_151Eu_p38_LPS,0.2845902798322135,1.0
MDSCs_168Er_STAT6_IL246,0.28473546340667855,1.0
CD56hiCD16negNK_167Er_ERK_unstim,0.28507101026612647,1.0
CD56loCD16posNK_167Er_ERK_IL246,0.2857445325729033,1.0
ncMCs_154Sm_STAT3_IL246,0.28584395117570666,1.0
Granulocytes_167Er_ERK_IFNa,0.2863221394109358,1.0
CD8Teff_167Er_ERK_unstim,0.28665857008944023,1.0
cMCs_159Tb_MAPKAPK2_unstim,0.2868300949120587,1.0
CD8Teff_150Nd_STAT5_IL246,0.2886476149083511,1.0
intMCs_155Gd_S6_unstim,0.28958623267271455,1.0
cMCs_167Er_ERK_unstim,0.29043149178964034,1.0
MDSCs_155Gd_S6_LPS,0.29156198112237164,1.0
intMCs_150Nd_STAT5_GMCSF,0.2927528839665853,1.0
CD4Tem_167Er_ERK_IL246,0.29603278449549064,1.0
intMCs_155Gd_S6_IFNa,0.298750901420985,1.0
MDSCs_167Er_ERK_IFNa,0.3005610511563982,1.0
Tregs_168Er_STAT6_IL246,0.3038278666761531,1.0
pDCs_156Gd_IkB_GMCSF,0.31402607238800223,1.0
intMCs_151Eu_p38_unstim,0.31459759107450386,1.0
pDCs_150Nd_STAT5_unstim,0.31612016172715673,1.0
CD4Tcm_155Gd_S6_unstim,0.3164104721714558,1.0
pDCs_156Gd_IkB_unstim,0.31645274930062695,1.0
cMCs_150Nd_STAT5_GMCSF,0.31800676222053903,1.0
ncMCs_155Gd_S6_LPS,0.32058013006435054,1.0
NKT_166Er_NFkB_unstim,0.3245826055430716,1.0
pDCs_156Gd_IkB_IL246,0.3247871266821345,1.0
MDSCs_151Eu_p38_IL246,0.3249739802478596,1.0
CD4Tcm_149Sm_CREB_IFNa,0.3274385924366786,1.0
CD4Teff_167Er_ERK_IL246,0.3276939726605079,1.0
mDCs_154Sm_STAT3_GMCSF,0.3287353383863785,1.0
pDCs_154Sm_STAT3_GMCSF,0.33070755550456166,1.0
CD8Tcm_166Er_NFkB_IFNa,0.3317856707461124,1.0
CD8Tem_167Er_ERK_IL246,0.3318181031120978,1.0
CD4Tem_149Sm_CREB_IFNa,0.33247541825318805,1.0
CD4negCD8negTcells_154Sm_STAT3_IL246,0.3391888542394145,1.0
pDCs_149Sm_CREB_IFNa,0.3394785252311786,1.0
Granulocytes_156Gd_IkB_IL246,0.3396934171187631,1.0
Bcells_149Sm_CREB_IFNa,0.3399457291243543,1.0
CD4negCD8negTcells_154Sm_STAT3_IFNa,0.3411989573204357,1.0
mDCs_156Gd_IkB_IFNa,0.3438777763418992,1.0
intMCs_159Tb_MAPKAPK2_LPS,0.3456743227734487,1.0
CD4Tcm_151Eu_p38_IFNa,0.34618281269833295,1.0
CD56hiCD16negNK_168Er_STAT6_IL246,0.3566366509258213,1.0
mDCs_159Tb_MAPKAPK2_unstim,0.35713008138006586,1.0
mDCs_166Er_NFkB_GMCSF,0.35825573407610123,1.0
intMCs_166Er_NFkB_LPS,0.35837854355057974,1.0
CD8Tcm_155Gd_S6_IFNa,0.35873049026598425,1.0
CD4Teff_155Gd_S6_IFNa,0.36560766558583824,1.0
pDCs_149Sm_CREB_IL246,0.36741381013247876,1.0
CD8Tnaive_166Er_NFkB_IL246,0.3740788720441649,1.0
CD4Teff_168Er_STAT6_IL246,0.37785475591312245,1.0
Tregs_167Er_ERK_LPS,0.3808520725381792,1.0
pDCs_166Er_NFkB_IFNa,0.3836728461748372,1.0
CD4negCD8negTcells_154Sm_STAT3_unstim,0.3842043923622219,1.0
CD8Tcm_154Sm_STAT3_IL246,0.3858558531991141,1.0
CD8Teff_166Er_NFkB_IFNa,0.38830700557665243,1.0
ncMCs_159Tb_MAPKAPK2_IL246,0.3897435746769937,1.0
CD8Tnaive_167Er_ERK_unstim,0.3924210608927532,1.0
Tregs_149Sm_CREB_unstim,0.3934671636628063,1.0
CD4Tnaive_156Gd_IkB_IL246,0.39353776699241816,1.0
CD8Tem_150Nd_STAT5_unstim,0.39478881015551537,1.0
MDSCs_156Gd_IkB_unstim,0.3956996260234036,1.0
MDSCs_155Gd_S6_IFNa,0.3960041126750299,1.0
mDCs_166Er_NFkB_unstim,0.3962091264009352,1.0
ncMCs_156Gd_IkB_IL246,0.39847983775608375,1.0
ncMCs_167Er_ERK_IL246,0.4000576576377626,1.0
MDSCs_151Eu_p38_unstim,0.4027724084139771,1.0
Tregs_149Sm_CREB_IFNa,0.4030197957876973,1.0
Bcells_149Sm_CREB_IL246,0.40476268917891534,1.0
CD8Tem_166Er_NFkB_IL246,0.4055184831141646,1.0
Tregs_166Er_NFkB_LPS,0.4063386749679033,1.0
intMCs_150Nd_STAT5_unstim,0.4148671021297877,1.0
Granulocytes_159Tb_MAPKAPK2_GMCSF,0.4166548772836013,1.0
ncMCs_166Er_NFkB_unstim,0.42434114047968285,1.0
cMCs_159Tb_MAPKAPK2_GMCSF,0.42716024742394365,1.0
CD8Tcm_149Sm_CREB_IL246,0.4474611228397125,1.0
CD4Teff_154Sm_STAT3_IFNa,0.4494275392639766,1.0
mDCs_156Gd_IkB_LPS,0.45184244644021676,1.0
pDCs_166Er_NFkB_IL246,0.45263419164350316,1.0
MDSCs_167Er_ERK_LPS,0.4574589058095184,1.0
intMCs_159Tb_MAPKAPK2_IL246,0.4607483401470778,1.0
mDCs_159Tb_MAPKAPK2_IL246,0.46314439023227016,1.0
CD4negCD8negTcells_168Er_STAT6_IL246,0.46407201192828573,1.0
CD56hiCD16negNK_166Er_NFkB_IFNa,0.46565001891104274,1.0
MDSCs_166Er_NFkB_IL246,0.4675009720862744,1.0
CD4Tcm_168Er_STAT6_IFNa,0.4729326266189138,1.0
mDCs_168Er_STAT6_IL246,0.473639048790259,1.0
Bcells_166Er_NFkB_IL246,0.47396141648841406,1.0
MDSCs_154Sm_STAT3_unstim,0.47396421664306776,1.0
Granulocytes_168Er_STAT6_IFNa,0.4850360145245941,1.0
CD4negCD8negTcells_150Nd_STAT5_IL246,0.48675391201548246,1.0
Granulocytes_153Eu_STAT1_unstim,0.48860144470999456,1.0
CD8Tem_154Sm_STAT3_unstim,0.48860144470999456,1.0
CD4Tcm_150Nd_STAT5_IFNa,0.49642016902231745,1.0
Bcells_168Er_STAT6_IFNa,0.4965157237139882,1.0
MDSCs_159Tb_MAPKAPK2_LPS,0.4994788899460183,1.0
CD56loCD16posNK_168Er_STAT6_IFNa,0.5031625186473206,1.0
mDCs_150Nd_STAT5_unstim,0.5052596099956683,1.0
CD8Teff_154Sm_STAT3_unstim,0.5055351894637394,1.0
CD8Tcm_155Gd_S6_unstim,0.5086405403619709,1.0
Granulocytes_167Er_ERK_LPS,0.5105465262613027,1.0
CD4Teff_168Er_STAT6_IFNa,0.5105996127014053,1.0
CD8Tem_155Gd_S6_IL246,0.5118103467879784,1.0
CD4negCD8negTcells_155Gd_S6_IFNa,0.5130086201697486,1.0
Bcells_150Nd_STAT5_unstim,0.5212799144903387,1.0
CD56hiCD16negNK_154Sm_STAT3_unstim,0.5223997324777239,1.0
CD8Teff_149Sm_CREB_IFNa,0.5224017149787219,1.0
CD8Teff_167Er_ERK_IL246,0.5282072241127325,1.0
CD4Tnaive_167Er_ERK_IL246,0.5284195100772021,1.0
CD4Teff_150Nd_STAT5_IFNa,0.530218586517307,1.0
Granulocytes_166Er_NFkB_LPS,0.5317935256438794,1.0
CD8Tem_154Sm_STAT3_IFNa,0.5324749415128425,1.0
intMCs_151Eu_p38_IFNa,0.532481396517889,1.0
pDCs_159Tb_MAPKAPK2_IL246,0.5332556432241233,1.0
CD8Tnaive_168Er_STAT6_IFNa,0.5365038539469744,1.0
CD4Teff_156Gd_IkB_IL246,0.5376311344847865,1.0
intMCs_154Sm_STAT3_GMCSF,0.5389453992633524,1.0
CD4Teff_167Er_ERK_IFNa,0.5391169425410625,1.0
CD8Tnaive_154Sm_STAT3_IL246,0.5413494665827798,1.0
intMCs_154Sm_STAT3_IFNa,0.546072733065956,1.0
CD56loCD16posNK_156Gd_IkB_IFNa,0.5484095306741674,1.0
CD8Teff_155Gd_S6_IL246,0.54922796156869,1.0
CD56hiCD16negNK_155Gd_S6_IL246,0.5507775664742696,1.0
CD8Tnaive_150Nd_STAT5_IL246,0.5520159551229533,1.0
intMCs_149Sm_CREB_IL246,0.5521461328680195,1.0
pDCs_156Gd_IkB_IFNa,0.5530227739071566,1.0
CD4negCD8negTcells_150Nd_STAT5_IFNa,0.5552893713211507,1.0
Bcells_154Sm_STAT3_IFNa,0.5570163973083151,1.0
intMCs_155Gd_S6_IL246,0.5594015726654322,1.0
Bcells_159Tb_MAPKAPK2_IL246,0.5686521300183269,1.0
pDCs_168Er_STAT6_IL246,0.5687385697638452,1.0
Tregs_167Er_ERK_IL246,0.5687548300963214,1.0
mDCs_156Gd_IkB_GMCSF,0.5723826577811282,1.0
CD8Teff_168Er_STAT6_IFNa,0.572987791179457,1.0
ncMCs_149Sm_CREB_LPS,0.5736652569731648,1.0
CD4negCD8negTcells_168Er_STAT6_IFNa,0.5738125818515465,1.0
NKT_168Er_STAT6_unstim,0.5741072848287978,1.0
MDSCs_168Er_STAT6_IFNa,0.574115145230941,1.0
cMCs_150Nd_STAT5_unstim,0.5755966176183208,1.0
Tregs_154Sm_STAT3_IFNa,0.5776344629683132,1.0
mDCs_150Nd_STAT5_GMCSF,0.5792168415233758,1.0
mDCs_155Gd_S6_IL246,0.581364394844269,1.0
intMCs_150Nd_STAT5_IL246,0.5826101786245675,1.0
ncMCs_167Er_ERK_LPS,0.5851398662465592,1.0
CD4Tem_154Sm_STAT3_IFNa,0.5904838389428997,1.0
pDCs_154Sm_STAT3_IL246,0.591346223054996,1.0
pDCs_155Gd_S6_GMCSF,0.5953551738631665,1.0
Granulocytes_154Sm_STAT3_IFNa,0.5990666732680783,1.0
CD56hiCD16negNK_150Nd_STAT5_IL246,0.602766047349198,1.0
mDCs_149Sm_CREB_IL246,0.6047289212166895,1.0
CD8Tnaive_149Sm_CREB_IFNa,0.604826608436452,1.0
CD56hiCD16negNK_159Tb_MAPKAPK2_IL246,0.6091481103796942,1.0
intMCs_167Er_ERK_IFNa,0.6092962612074431,1.0
CD8Tnaive_154Sm_STAT3_IFNa,0.6124468193095267,1.0
cMCs_167Er_ERK_IFNa,0.6134493446820412,1.0
cMCs_166Er_NFkB_LPS,0.6143450178015383,1.0
MDSCs_156Gd_IkB_IFNa,0.6149532648043574,1.0
MDSCs_166Er_NFkB_LPS,0.6186241461136734,1.0
ncMCs_168Er_STAT6_IL246,0.6187879205830473,1.0
CD8Tem_155Gd_S6_unstim,0.6195515452702968,1.0
intMCs_166Er_NFkB_IFNa,0.6215967099862304,1.0
cMCs_150Nd_STAT5_IL246,0.6275194873675305,1.0
cMCs_151Eu_p38_IFNa,0.6282040321706688,1.0
NKT_151Eu_p38_IFNa,0.6315982217868221,1.0
pDCs_159Tb_MAPKAPK2_GMCSF,0.6329083898934897,1.0
CD4Tcm_155Gd_S6_IL246,0.6371194853984978,1.0
CD8Tcm_150Nd_STAT5_IL246,0.6550789643543231,1.0
Tregs_167Er_ERK_IFNa,0.657312724865369,1.0
CD8Teff_159Tb_MAPKAPK2_IL246,0.6575784789381551,1.0
Tregs_166Er_NFkB_IFNa,0.6599721904817445,1.0
Granulocytes_154Sm_STAT3_IL246,0.6602227128783014,1.0
MDSCs_156Gd_IkB_GMCSF,0.6605057012381919,1.0
mDCs_166Er_NFkB_IFNa,0.6629945985974733,1.0
pDCs_155Gd_S6_IFNa,0.6634868306830364,1.0
CD4Teff_166Er_NFkB_IFNa,0.6651939305659565,1.0
MDSCs_151Eu_p38_IFNa,0.6654651976660714,1.0
CD4Tcm_154Sm_STAT3_IFNa,0.6675356196060418,1.0
CD8Tnaive_159Tb_MAPKAPK2_unstim,0.6732539311725534,1.0
CD4Teff_159Tb_MAPKAPK2_IFNa,0.6746114418371598,1.0
CD8Tnaive_155Gd_S6_IL246,0.6748799112678981,1.0
CD8Tem_151Eu_p38_IFNa,0.6749008757000464,1.0
Granulocytes_155Gd_S6_GMCSF,0.6774086852450214,1.0
NKT_149Sm_CREB_IL246,0.6819668687108161,1.0
mDCs_149Sm_CREB_LPS,0.6891507460678132,1.0
pDCs_153Eu_STAT1_unstim,0.6920126225718832,1.0
CD56loCD16posNK_166Er_NFkB_IL246,0.6929272696445274,1.0
Tregs_155Gd_S6_IL246,0.6942356814695751,1.0
CD8Teff_150Nd_STAT5_unstim,0.694299529552467,1.0
CD8Tcm_168Er_STAT6_IFNa,0.6948742588790631,1.0
Tregs_150Nd_STAT5_IFNa,0.7017203741674916,1.0
mDCs_156Gd_IkB_IL246,0.7057255278533259,1.0
intMCs_167Er_ERK_unstim,0.7068799892044026,1.0
ncMCs_168Er_STAT6_IFNa,0.7111141438372787,1.0
cMCs_166Er_NFkB_IL246,0.7129205505065229,1.0
CD56hiCD16negNK_156Gd_IkB_IL246,0.7129285324383989,1.0
ncMCs_150Nd_STAT5_GMCSF,0.7130011212760476,1.0
CD4Teff_155Gd_S6_unstim,0.7137425209733281,1.0
CD4negCD8negTcells_155Gd_S6_IL246,0.7142906841150738,1.0
mDCs_159Tb_MAPKAPK2_GMCSF,0.7345915548573051,1.0
CD8Teff_149Sm_CREB_IL246,0.7359101268941571,1.0
CD4Tnaive_150Nd_STAT5_IL246,0.7361875596579759,1.0
CD8Teff_155Gd_S6_unstim,0.7362364278095989,1.0
intMCs_149Sm_CREB_LPS,0.73630158698803,1.0
CD56loCD16posNK_166Er_NFkB_IFNa,0.7403451052807846,1.0
CD4Tnaive_159Tb_MAPKAPK2_IL246,0.7425982146966317,1.0
mDCs_151Eu_p38_unstim,0.7431979908749464,1.0
CD8Teff_166Er_NFkB_IL246,0.7457856771916975,1.0
CD4Teff_159Tb_MAPKAPK2_IL246,0.7477329687294048,1.0
intMCs_155Gd_S6_LPS,0.7516651186322887,1.0
CD8Tnaive_155Gd_S6_unstim,0.7520914869573821,1.0
CD8Teff_151Eu_p38_IFNa,0.7560830702361929,1.0
Granulocytes_154Sm_STAT3_unstim,0.7560964228224609,1.0
MDSCs_156Gd_IkB_IL246,0.7589631363024119,1.0
Tregs_149Sm_CREB_LPS,0.7613758680219391,1.0
CD4negCD8negTcells_159Tb_MAPKAPK2_IL246,0.7632194726745397,1.0
CD4Tcm_167Er_ERK_IL246,0.7659720476174756,1.0
Granulocytes_166Er_NFkB_IL246,0.7665822968467364,1.0
mDCs_166Er_NFkB_IL246,0.7676328212314824,1.0
Granulocytes_168Er_STAT6_IL246,0.7687102422090354,1.0
MDSCs_155Gd_S6_GMCSF,0.7713185396556728,1.0
CD8Tnaive_167Er_ERK_IL246,0.7731059827778655,1.0
CD4Tnaive_166Er_NFkB_IL246,0.7739990740620415,1.0
CD8Tem_154Sm_STAT3_IL246,0.7791649218829433,1.0
CD56hiCD16negNK_156Gd_IkB_IFNa,0.7797850831046669,1.0
CD8Tnaive_156Gd_IkB_IL246,0.7878459294927385,1.0
Bcells_155Gd_S6_IL246,0.7919216200509676,1.0
CD8Tnaive_151Eu_p38_IFNa,0.7941046752817829,1.0
NKT_154Sm_STAT3_unstim,0.7947376762675977,1.0
CD56hiCD16negNK_168Er_STAT6_IFNa,0.7953424413525199,1.0
mDCs_168Er_STAT6_IFNa,0.7974867511403736,1.0
Granulocytes_150Nd_STAT5_IFNa,0.7977371077578022,1.0
MDSCs_155Gd_S6_IL246,0.7984640020490641,1.0
Granulocytes_150Nd_STAT5_GMCSF,0.7988715168163756,1.0
CD4Tnaive_149Sm_CREB_unstim,0.8002509955957035,1.0
Bcells_156Gd_IkB_IL246,0.8031926831116425,1.0
pDCs_166Er_NFkB_unstim,0.8049056850789085,1.0
CD8Tem_149Sm_CREB_IL246,0.8052245400253204,1.0
CD8Tem_150Nd_STAT5_IL246,0.8069411216047007,1.0
CD8Tnaive_167Er_ERK_IFNa,0.8092002826510907,1.0
pDCs_150Nd_STAT5_GMCSF,0.8129413818836064,1.0
MDSCs_156Gd_IkB_LPS,0.8130523803450244,1.0
CD56loCD16posNK_155Gd_S6_IL246,0.8135053944540865,1.0
mDCs_159Tb_MAPKAPK2_LPS,0.8140418329974434,1.0
CD8Teff_154Sm_STAT3_IL246,0.8147795769209807,1.0
MDSCs_149Sm_CREB_LPS,0.817323892633983,1.0
CD56loCD16posNK_151Eu_p38_IFNa,0.8202031243039558,1.0
CD4negCD8negTcells_155Gd_S6_unstim,0.8220146148019744,1.0
CD4Teff_151Eu_p38_IFNa,0.8232596747624888,1.0
CD4Tnaive_149Sm_CREB_IFNa,0.8279709232038759,1.0
NKT_150Nd_STAT5_IL246,0.8306793672227432,1.0
CD4Tcm_166Er_NFkB_IL246,0.8319092511161235,1.0
CD4Teff_166Er_NFkB_IL246,0.832853000048265,1.0
CD8Tem_150Nd_STAT5_IFNa,0.8346231710955915,1.0
cMCs_167Er_ERK_LPS,0.8389073014352455,1.0
Tregs_168Er_STAT6_IFNa,0.8428441061903383,1.0
CD4Teff_149Sm_CREB_IFNa,0.8429288250578498,1.0
MDSCs_159Tb_MAPKAPK2_IL246,0.8435384329670528,1.0
MDSCs_150Nd_STAT5_IL246,0.8473128241886188,1.0
cMCs_151Eu_p38_unstim,0.8500580506496589,1.0
CD8Tcm_156Gd_IkB_IFNa,0.8500662012915472,1.0
CD4Tem_156Gd_IkB_IL246,0.8524537832497884,1.0
CD4Tcm_166Er_NFkB_IFNa,0.8537073775602317,1.0
ncMCs_154Sm_STAT3_unstim,0.8538236578026522,1.0
Tregs_155Gd_S6_LPS,0.8564530052013191,1.0
CD4Teff_155Gd_S6_IL246,0.8615080744007958,1.0
Tregs_149Sm_CREB_IL246,0.8636824132578297,1.0
CD8Tcm_156Gd_IkB_IL246,0.8683361982527779,1.0
NKT_167Er_ERK_unstim,0.870886526076846,1.0
ncMCs_150Nd_STAT5_IFNa,0.8720090930564556,1.0
intMCs_167Er_ERK_LPS,0.8778980826174363,1.0
cMCs_154Sm_STAT3_IFNa,0.881015671656658,1.0
CD4negCD8negTcells_166Er_NFkB_IL246,0.8827881718303031,1.0
MDSCs_150Nd_STAT5_IFNa,0.8843509888270185,1.0
NKT_150Nd_STAT5_unstim,0.8844589443169619,1.0
CD8Tcm_155Gd_S6_IL246,0.8852263066386714,1.0
MDSCs_159Tb_MAPKAPK2_GMCSF,0.8909924482397086,1.0
intMCs_154Sm_STAT3_unstim,0.893025212087217,1.0
NKT_155Gd_S6_unstim,0.8942548774894983,1.0
NKT_155Gd_S6_IL246,0.8980820991778344,1.0
cMCs_154Sm_STAT3_GMCSF,0.8981162815059608,1.0
pDCs_154Sm_STAT3_unstim,0.8986692707836039,1.0
cMCs_154Sm_STAT3_unstim,0.899586297813805,1.0
ncMCs_149Sm_CREB_IL246,0.8999812458271615,1.0
NKT_166Er_NFkB_IFNa,0.9064450991445228,1.0
CD4negCD8negTcells_166Er_NFkB_IFNa,0.9084476207010027,1.0
NKT_167Er_ERK_IFNa,0.9092008554532277,1.0
Bcells_155Gd_S6_unstim,0.9105192103040695,1.0
Tregs_154Sm_STAT3_IL246,0.9105705797382709,1.0
cMCs_149Sm_CREB_LPS,0.9120262000055177,1.0
ncMCs_155Gd_S6_IL246,0.914492856381295,1.0
pDCs_168Er_STAT6_IFNa,0.9157465879970931,1.0
mDCs_167Er_ERK_LPS,0.9161787338564737,1.0
CD4Tnaive_166Er_NFkB_IFNa,0.9167546749492071,1.0
cMCs_159Tb_MAPKAPK2_IL246,0.9182972075946554,1.0
CD8Tcm_151Eu_p38_IFNa,0.9201255585049826,1.0
NKT_159Tb_MAPKAPK2_IL246,0.9240071808720366,1.0
pDCs_150Nd_STAT5_IL246,0.9277448663645407,1.0
CD56loCD16posNK_150Nd_STAT5_unstim,0.93020502806235,1.0
CD4Tnaive_168Er_STAT6_IFNa,0.931849645411541,1.0
CD8Tnaive_159Tb_MAPKAPK2_IL246,0.9327596038404478,1.0
mDCs_155Gd_S6_GMCSF,0.9339272249109998,1.0
CD4Tcm_156Gd_IkB_IL246,0.9366235892887866,1.0
CD4Tnaive_150Nd_STAT5_IFNa,0.9379806326924996,1.0
ncMCs_150Nd_STAT5_unstim,0.938596438833003,1.0
intMCs_159Tb_MAPKAPK2_GMCSF,0.9390801405554285,1.0
MDSCs_166Er_NFkB_IFNa,0.940471424204834,1.0
CD8Tnaive_166Er_NFkB_unstim,0.9437886827372417,1.0
ncMCs_159Tb_MAPKAPK2_LPS,0.9492729646787861,1.0
CD56loCD16posNK_149Sm_CREB_IL246,0.9507691017380877,1.0
cMCs_155Gd_S6_LPS,0.9542779497305213,1.0
ncMCs_150Nd_STAT5_IL246,0.9624254953306406,1.0
CD56hiCD16negNK_155Gd_S6_IFNa,0.9635369383978869,1.0
CD56loCD16posNK_155Gd_S6_unstim,0.9637422613122323,1.0
CD8Tem_159Tb_MAPKAPK2_IL246,0.9655554607410886,1.0
ncMCs_154Sm_STAT3_IFNa,0.9687690902618133,1.0
CD8Teff_150Nd_STAT5_IFNa,0.9741071322979693,1.0
CD8Teff_154Sm_STAT3_IFNa,0.977138288783606,1.0
CD8Tcm_159Tb_MAPKAPK2_IL246,0.983620324115135,1.0
ncMCs_166Er_NFkB_LPS,0.9842265251993529,1.0
CD56hiCD16negNK_167Er_ERK_IL246,0.9848993886541948,1.0
Tregs_155Gd_S6_IFNa,0.986216317885729,1.0
Granulocytes_167Er_ERK_unstim,0.9867035836011688,1.0
mDCs_150Nd_STAT5_IL246,0.9896620157264453,1.0
pDCs_154Sm_STAT3_IFNa,0.9906068694634502,1.0
mDCs_154Sm_STAT3_unstim,0.9924531470157646,1.0
mDCs_153Eu_STAT1_unstim,0.9964441418930986,1.0
MDSCs_154Sm_STAT3_GMCSF,0.9971595005415113,1.0
CD4Tem_159Tb_MAPKAPK2_IL246,0.9994350667123353,1.0
