,Mann-Whitney U-test,p-value
Tumor non-proliferating_intratumor_cellfrequency,1363.0,2.66057308969309e-06
CD4 T cells naive_stromal_area,3585.5,1.1626350465705781e-05
CD4 T cells regulatory_stromal_CD44,3542.5,2.5740614902332114e-05
CD4 T cells memory_stromal_CD44,3510.5,4.57538290536128e-05
CD4 T cells naive_stromal_CD44,3484.0,7.201339306208209e-05
Myeloid M2 macrophages_tumorfront_aggregatedNeighbors.Tumor.non.proliferating,1574.0,0.00012563988622765027
Myeloid Monocytes_tumorfront_aggregatedNeighbors.Tumor.non.proliferating,1578.0,0.000134665483662413
Myeloid DCs_stromal_CD44,3402.5,0.00027615149123454364
Tumor non-proliferating_intratumor_area,3400.0,0.00028923987115682186
Myeloid M2 macrophages_tumorfront_aggregatedNeighbors.CD8.T.cells,3394.0,0.0003055012926988725
Myeloid M2 macrophages_tumorfront_aggregatedNeighbors.CD4.T.cells.memory,3386.0,0.00034324156272505697
B cells_stromal_CD44,3371.0,0.00045001224178706727
CD4 T cells memory_stromal_area,3370.5,0.000457964888511144
CD8 T cells_intratumor_CD36,3365.0,0.0004813018319182259
CD4 T cells naive_tumorfront_aggregatedNeighbors.CD8.T.cells,3358.5,0.0005015034857037716
CD8 T cells_intratumor_aggregatedNeighbors.CD8.T.cells,3353.5,0.0005249731768989395
Myeloid Monocytes_stromal_aggregatedNeighbors.CD4.T.cells.memory,3358.5,0.0005443073469718184
Vessel_tumorfront_aggregatedNeighbors.CD4.T.cells.memory,3343.5,0.0006888482824392769
Myeloid M1 macrophages_tumorfront_aggregatedNeighbors.Tumor.non.proliferating,1682.0,0.0006941769251043943
Tumor non-proliferating_tumorfront_aggregatedNeighbors.Tumor.non.proliferating,1689.0,0.0007704082418324413
Myeloid Monocytes_stromal_CD44,3314.0,0.0010629467905322325
CD4 T cells regulatory_tumorfront_aggregatedNeighbors.CD8.T.cells,3297.5,0.0011035670993165257
CD8 T cells_stromal_CD44,3308.5,0.0011505335217622456
B cells_stromal_area,3305.0,0.0011996281336050221
Myeloid Granulocytes_tumorfront_aggregatedNeighbors.CD4.T.cells.memory,3292.5,0.0012463101405799817
CD4 T cells naive_tumorfront_CD44,3300.0,0.001284717294575033
Myeloid Granulocytes_stromal_GranzymeB,1727.0,0.001336103630968464
Myeloid Monocytes_tumorfront_celldistance,1728.5,0.00136556484603418
Fibroblasts_stromal_CD44,3293.0,0.0014351217118922586
Myeloid Granulocytes_stromal_Ki67,1735.5,0.001506169113162756
Tumor non-proliferating_stromal_pERK,1737.5,0.001528661173839128
Myeloid DCs_tumorfront_aggregatedNeighbors.CD8.T.cells,3279.0,0.0015558726874766874
CD8 T cells_stromal_area,3281.5,0.0016864223737349281
Vessel_stromal_aggregatedNeighbors.CD4.T.cells.memory,3278.5,0.0017584800208456446
Vessel_tumorfront_aggregatedNeighbors.Tumor.non.proliferating,1754.0,0.0019509760733410842
Myeloid M1 macrophages_tumorfront_aggregatedNeighbors.CD4.T.cells.memory,3269.5,0.0019669485435102993
Myeloid Monocytes_tumorfront_aggregatedNeighbors.CD8.T.cells,3264.5,0.002010528345324146
Myeloid Granulocytes_stromal_CD44,3266.0,0.0020881397053368277
Tumor proliferating_tumorfront_cellfrequency,3264.5,0.0021327598055551136
CD4 T cells regulatory_tumorfront_CD44,3254.0,0.00241225933691677
Myeloid DCs_stromal_aggregatedNeighbors.CD4.T.cells.naive,3240.5,0.002755627551506205
CD4 T cells memory_tumorfront_aggregatedNeighbors.Tumor.non.proliferating,1780.0,0.0027709014777429863
Tumor proliferating_intratumor_E-Cadherin,3245.0,0.002773151187479821
CD4 T cells memory_tumorfront_aggregatedNeighbors.CD8.T.cells,3240.0,0.0029087437873637125
CD4 T cells naive_tumorfront_area,3240.0,0.0029400256705862365
CD8 T cells_tumorfront_aggregatedNeighbors.CD8.T.cells,3240.0,0.002951857179439227
Myeloid M2 macrophages_stromal_aggregatedNeighbors.CD4.T.cells.memory,3239.0,0.0029846025003060815
CD4 T cells regulatory_tumorfront_pSTAT1,3231.5,0.003232493374133167
CD8 T cells_intratumor_area,3227.5,0.003416240304460929
CD8 T cells_tumorfront_CD44,3222.0,0.0037619978959505043
CD4 T cells regulatory_tumorfront_E-Cadherin,3220.0,0.0037925812746200374
Tumor non-proliferating_tumorfront_cellfrequency,1809.0,0.00406813224515127
CD4 T cells naive_stromal_eccentricity,3204.0,0.004729994190990463
Myeloid M2 macrophages_stromal_aggregatedNeighbors.CD8.T.cells,3202.5,0.004793911007270988
CD4 T cells memory_tumorfront_CD44,3198.5,0.00508896355742493
Fibroblasts_stromal_aggregatedNeighbors.CD8.T.cells,3192.5,0.005489068183902374
CD4 T cells memory_tumorfront_cellfrequency,3190.5,0.005628816631693763
CD8 T cells_intratumor_pSTAT1,3186.0,0.005816633125659559
CD4 T cells regulatory_stromal_aggregatedNeighbors.Vessel,1841.5,0.006053948788428369
CD4 T cells memory_stromal_aggregatedNeighbors.CD8.T.cells,3181.0,0.006316047919250933
Tumor non-proliferating_tumorfront_aggregatedNeighbors.Tumor.proliferating,3177.5,0.0066170403291817385
Tumor proliferating_intratumor_pNFkB,3176.0,0.006732200999940104
Tumor proliferating_tumorfront_aggregatedNeighbors.Tumor.non.proliferating,1852.0,0.006992595962732331
Vessel_tumorfront_aggregatedNeighbors.CD8.T.cells,3168.0,0.007428050283746641
Fibroblasts_stromal_aggregatedNeighbors.CD4.T.cells.naive,3166.0,0.0075468855090217585
CD4 T cells memory_tumorfront_aggregatedNeighbors.CD4.T.cells.memory,3164.5,0.007616121470943622
CD8 T cells_stromal_aggregatedNeighbors.Vessel,1860.0,0.007710849410035853
Myeloid DCs_stromal_aggregatedNeighbors.Vessel,1861.5,0.007751546682055891
B cells_tumorfront_CD44,3158.5,0.007798526218030037
CD4 T cells naive_tumorfront_celldistance,1866.0,0.008227584860600143
Myeloid M2 macrophages_tumorfront_aggregatedNeighbors.CD4.T.cells.regulatory,3140.0,0.008352293173478308
CD8 T cells_stromal_eccentricity,3156.5,0.008545801427087982
Myeloid DCs_tumorfront_aggregatedNeighbors.CD4.T.cells.memory,3143.5,0.009111334256659753
Myeloid Granulocytes_tumorfront_aggregatedNeighbors.CD8.T.cells,3138.5,0.009131605036436273
CD8 T cells_stromal_aggregatedNeighbors.CD4.T.cells.naive,3147.5,0.009340519215878126
CD4 T cells naive_stromal_aggregatedNeighbors.CD4.T.cells.naive,3146.0,0.009438317586347356
Vessel_stromal_CD44,3147.0,0.009573662377722853
B cells_tumorfront_aggregatedNeighbors.Tumor.proliferating,3099.5,0.009891411179827196
Myeloid M2 macrophages_stromal_CD44,3142.5,0.010097494308244404
Myeloid M1 macrophages_tumorfront_aggregatedNeighbors.CD8.T.cells,3140.0,0.010315284448223792
Fibroblasts_tumorfront_pERK,1886.0,0.010522552417699288
CD8 T cells_tumorfront_cellfrequency,3136.0,0.010896408833942509
CD4 T cells memory_stromal_cellfrequency,3131.5,0.01148701683116734
Myeloid M1 macrophages_stromal_aggregatedNeighbors.CD4.T.cells.naive,3129.5,0.011655987711808435
Tumor proliferating_intratumor_VEGF,3128.0,0.011949792280224768
CD4 T cells naive_stromal_aggregatedNeighbors.CD8.T.cells,3126.0,0.012057165532099201
CD4 T cells memory_stromal_aggregatedNeighbors.CD4.T.cells.memory,3127.0,0.012077996114729933
CD4 T cells regulatory_tumorfront_CD36,3125.5,0.012159458563620853
Tumor proliferating_intratumor_pCREB,3126.0,0.012229598676175206
Myeloid M1 macrophages_tumorfront_celldistance,1903.0,0.0128212514886051
CD8 T cells_tumorfront_CD36,3120.0,0.013115536170346002
Myeloid M2 macrophages_tumorfront_aggregatedNeighbors.CD4.T.cells.naive,3116.5,0.013142806488592212
B cells_tumorfront_pp38,3114.5,0.013163762926805775
CD8 T cells_intratumor_VEGF,3118.0,0.013178674977594338
Fibroblasts_stromal_aggregatedNeighbors.CD4.T.cells.memory,3117.0,0.013574975901800209
Tumor non-proliferating_tumorfront_GranzymeB,3116.0,0.013732831188241108
Fibroblasts_tumorfront_aggregatedNeighbors.Tumor.non.proliferating,1910.5,0.013968683133756925
CD4 T cells memory_stromal_eccentricity,3112.5,0.014290415258901621
B cells_tumorfront_pSTAT3,3105.5,0.014359808485881075
Myeloid M1 macrophages_stromal_CD44,3112.0,0.014371913189993368
Vessel_tumorfront_area,3111.0,0.014535726102574026
CD4 T cells regulatory_tumorfront_cellfrequency,3108.0,0.014861981156001939
CD8 T cells_intratumor_pCREB,3106.0,0.01510983629056458
Tumor non-proliferating_stromal_E-Cadherin,1919.0,0.01528052793894309
CD8 T cells_intratumor_pSTAT3,3105.0,0.015281489902077542
Myeloid Granulocytes_stromal_aggregatedNeighbors.CD4.T.cells.memory,3104.5,0.015456102687553923
Myeloid Monocytes_stromal_eccentricity,3103.0,0.015906468778532898
CD8 T cells_tumorfront_GranzymeB,3102.0,0.01608169042694407
Tumor non-proliferating_intratumor_VEGF,3101.0,0.016266569914206174
Tumor proliferating_tumorfront_aggregatedNeighbors.CD8.T.cells,3097.5,0.016504615682798065
CD4 T cells memory_tumorfront_pSTAT1,3099.0,0.016631310399170682
CD4 T cells naive_tumorfront_CD36,3098.0,0.01670883458218169
Myeloid Granulocytes_stromal_aggregatedNeighbors.Tumor.non.proliferating,1956.5,0.016768157799986808
Fibroblasts_tumorfront_aggregatedNeighbors.Myeloid.M2.macrophages,3097.5,0.016816228485905044
CD8 T cells_tumorfront_aggregatedNeighbors.CD4.T.cells.memory,3096.5,0.016917898810761643
CD4 T cells regulatory_tumorfront_pMAPKAPK2,3095.0,0.017195185678395022
Fibroblasts_tumorfront_aggregatedNeighbors.CD8.T.cells,3095.5,0.017212075710156052
CD8 T cells_stromal_aggregatedNeighbors.CD8.T.cells,3095.0,0.017342741636590553
Vessel_tumorfront_cellfrequency,1930.0,0.017389848382546792
CD8 T cells_stromal_cellfrequency,3092.5,0.01787640229864708
Fibroblasts_tumorfront_area,3092.5,0.01787748143818506
CD8 T cells_tumorfront_aggregatedNeighbors.CD4.T.cells.regulatory,3082.0,0.01805791786880163
Tumor proliferating_intratumor_aggregatedNeighbors.CD8.T.cells,3078.0,0.01861274679497051
CD8 T cells_intratumor_pNFkB,3086.0,0.0188852429890348
CD4 T cells regulatory_tumorfront_pSTAT3,3085.5,0.018958529592427022
Tumor proliferating_intratumor_pp38,3087.0,0.01897363223877279
Myeloid Monocytes_tumorfront_aggregatedNeighbors.Tumor.proliferating,3071.5,0.02077830224574469
Tumor proliferating_tumorfront_E-Cadherin,3077.5,0.021060601454436022
Myeloid DCs_tumorfront_aggregatedNeighbors.Tumor.non.proliferating,1952.0,0.021481615671086987
CD4 T cells regulatory_tumorfront_area,3072.5,0.021996177065996964
B cells_tumorfront_CD36,3068.0,0.022092400689533775
CD8 T cells_intratumor_E-Cadherin,3070.0,0.022475724820296614
Vessel_stromal_aggregatedNeighbors.CD4.T.cells.naive,3069.0,0.022999411590195543
Myeloid Granulocytes_tumorfront_aggregatedNeighbors.CD4.T.cells.regulatory,3039.5,0.02306236510733801
CD8 T cells_tumorfront_E-Cadherin,3068.0,0.02332255918685704
Tumor non-proliferating_tumorfront_aggregatedNeighbors.CD8.T.cells,3062.0,0.0248459906355149
CD4 T cells memory_stromal_pSTAT3,3057.5,0.02607320816926251
Tumor proliferating_intratumor_CD36,3055.0,0.026742329792129392
Fibroblasts_tumorfront_aggregatedNeighbors.CD4.T.cells.memory,3052.0,0.027579509286680497
Myeloid M2 macrophages_stromal_aggregatedNeighbors.CD4.T.cells.regulatory,3043.0,0.027975170811180068
B cells_stromal_pSTAT1,3050.0,0.028083935531237177
Vessel_stromal_aggregatedNeighbors.CD8.T.cells,3050.0,0.028201099810111967
CD4 T cells regulatory_tumorfront_pCREB,3049.0,0.02822108711934874
CD4 T cells memory_stromal_aggregatedNeighbors.Myeloid.M1.macrophages,1975.5,0.028292172567806688
CD8 T cells_tumorfront_area,3049.5,0.0283428648413255
Tumor non-proliferating_stromal_VEGF,1976.0,0.02837573743437266
CD8 T cells_tumorfront_Ki67,3048.0,0.02878815055561292
CD8 T cells_stromal_aggregatedNeighbors.Myeloid.M1.macrophages,1978.5,0.02917971636911335
CD4 T cells memory_tumorfront_aggregatedNeighbors.CD4.T.cells.regulatory,3041.5,0.02920288230402925
Myeloid DCs_stromal_aggregatedNeighbors.CD8.T.cells,3043.5,0.029384761289107747
CD8 T cells_tumorfront_aggregatedNeighbors.Tumor.proliferating,3041.0,0.03034837293458031
Vessel_tumorfront_eccentricity,3040.0,0.03127149826506698
Vessel_tumorfront_aggregatedNeighbors.Tumor.proliferating,3038.5,0.0315762923937015
Myeloid Monocytes_stromal_area,3039.0,0.03159348454146374
Fibroblasts_tumorfront_aggregatedNeighbors.Vessel,1986.5,0.03175491508795007
CD8 T cells_intratumor_CD44,3034.0,0.03278342713765357
Tumor non-proliferating_intratumor_eccentricity,1991.0,0.033247514735035955
CD4 T cells memory_tumorfront_CD36,3031.5,0.03409979466843414
Myeloid DCs_tumorfront_aggregatedNeighbors.Myeloid.M1.macrophages,3023.0,0.0348754842943931
Tumor non-proliferating_tumorfront_E-Cadherin,3029.0,0.03497489899630799
Tumor non-proliferating_intratumor_pSTAT1,3028.0,0.035329420355952705
CD4 T cells naive_stromal_aggregatedNeighbors.CD4.T.cells.memory,3026.0,0.035912034968531265
CD4 T cells memory_tumorfront_pp38,3025.5,0.03622701663237696
CD4 T cells regulatory_stromal_aggregatedNeighbors.CD8.T.cells,3021.5,0.036994815757892395
CD8 T cells_intratumor_GranzymeB,3021.0,0.037391827586231975
B cells_tumorfront_area,3016.0,0.03822117817080519
Tumor proliferating_tumorfront_pSTAT1,3019.5,0.03845697991602366
Tumor proliferating_intratumor_pSTAT1,3019.0,0.038628786024002784
CD4 T cells regulatory_stromal_CD36,3018.5,0.03880086854853505
CD8 T cells_intratumor_Ki67,3017.0,0.038902749836284924
CD4 T cells naive_stromal_aggregatedNeighbors.Myeloid.M1.macrophages,2008.5,0.039429443496750295
Myeloid M1 macrophages_tumorfront_aggregatedNeighbors.CD4.T.cells.regulatory,3003.5,0.040033211724825546
Tumor non-proliferating_tumorfront_pSTAT1,3015.0,0.0402243610773793
CD8 T cells_stromal_aggregatedNeighbors.CD4.T.cells.regulatory,3010.0,0.041513201365237486
Myeloid Monocytes_stromal_aggregatedNeighbors.CD4.T.cells.naive,3010.0,0.04169000777476169
Fibroblasts_stromal_aggregatedNeighbors.Myeloid.M1.macrophages,2015.5,0.04245982131573125
Myeloid Granulocytes_stromal_pERK,2018.0,0.04350160542418389
Tumor non-proliferating_tumorfront_Ki67,3007.0,0.04351370308431639
CD4 T cells naive_tumorfront_aggregatedNeighbors.CD4.T.cells.memory,3003.0,0.04353103118558232
Myeloid Monocytes_stromal_aggregatedNeighbors.CD8.T.cells,3006.5,0.04355723560956323
Myeloid Monocytes_stromal_aggregatedNeighbors.Vessel,2019.5,0.044144885678563166
Fibroblasts_tumorfront_CD44,3001.0,0.046127352410321176
Myeloid M1 macrophages_stromal_aggregatedNeighbors.CD8.T.cells,3000.5,0.04625806890797151
Myeloid Monocytes_tumorfront_aggregatedNeighbors.CD4.T.cells.memory,2998.0,0.04656453954452928
CD4 T cells naive_stromal_cellfrequency,2999.0,0.04694335165006721
Tumor non-proliferating_stromal_aggregatedNeighbors.Myeloid.Granulocytes,2050.5,0.047300000378792305
Myeloid Monocytes_tumorfront_aggregatedNeighbors.CD4.T.cells.regulatory,2982.0,0.04745252439236148
Tumor proliferating_tumorfront_aggregatedNeighbors.CD4.T.cells.memory,2993.0,0.04755829454590025
CD8 T cells_intratumor_pS6,2996.0,0.04781309211762079
Myeloid DCs_stromal_aggregatedNeighbors.CD4.T.cells.memory,2994.5,0.04848391504174008
Tumor non-proliferating_tumorfront_aggregatedNeighbors.Vessel,2030.0,0.04887173340027464
Myeloid DCs_tumorfront_aggregatedNeighbors.Myeloid.Granulocytes,2981.0,0.04904877841936857
CD4 T cells regulatory_stromal_area,2992.5,0.049996994334880945
CD4 T cells regulatory_tumorfront_pERK,2991.0,0.05033466799222847
Tumor non-proliferating_stromal_Ki67,2036.0,0.05134830240817421
CD4 T cells memory_stromal_aggregatedNeighbors.CD4.T.cells.naive,2989.5,0.05136478232130173
Tumor non-proliferating_stromal_aggregatedNeighbors.Myeloid.Monocytes,2056.0,0.052190546589784295
Vessel_stromal_aggregatedNeighbors.Vessel,2038.0,0.05274354847854747
Tumor non-proliferating_stromal_pS6,2039.0,0.053099355397985507
B cells_intratumor_cellfrequency,2938.0,0.05329339537912474
CD4 T cells regulatory_tumorfront_aggregatedNeighbors.Tumor.proliferating,2961.0,0.054174564384279776
Myeloid M2 macrophages_tumorfront_aggregatedNeighbors.Vessel,2044.0,0.055714331734106094
CD8 T cells_intratumor_pERK,2979.0,0.05621428409611069
CD8 T cells_stromal_aggregatedNeighbors.CD4.T.cells.memory,2980.0,0.05621805316882274
B cells_tumorfront_pERK,2974.0,0.057013443894726616
Myeloid Granulocytes_tumorfront_GranzymeB,2047.0,0.05725332423579198
Myeloid Monocytes_tumorfront_aggregatedNeighbors.Myeloid.Granulocytes,2971.0,0.05744440888780562
Myeloid M1 macrophages_intratumor_cellfrequency,2060.5,0.05751040117488998
B cells_tumorfront_pMAPKAPK2,2973.5,0.05778056052971535
CD4 T cells naive_tumorfront_aggregatedNeighbors.Myeloid.M2.macrophages,2973.0,0.05849594804871272
Myeloid Granulocytes_tumorfront_aggregatedNeighbors.Myeloid.M2.macrophages,2967.0,0.058805589611038454
CD8 T cells_tumorfront_VEGF,2974.0,0.05957026803243807
Tumor proliferating_tumorfront_pCREB,2973.5,0.05985123046850246
CD4 T cells regulatory_stromal_pSTAT3,2973.0,0.06000332784813559
Fibroblasts_stromal_aggregatedNeighbors.Myeloid.M2.macrophages,2973.0,0.06013113384214067
Tumor non-proliferating_intratumor_pNFkB,2973.0,0.0601348933583408
CD8 T cells_stromal_pSTAT1,2972.5,0.060411309722774094
Tumor non-proliferating_intratumor_E-Cadherin,2972.0,0.060694184559168
Vessel_stromal_cellfrequency,2053.0,0.060694184559168
B cells_stromal_aggregatedNeighbors.Fibroblasts,2970.5,0.06100814787973079
CD8 T cells_intratumor_pp38,2970.0,0.0611382262946347
Vessel_tumorfront_aggregatedNeighbors.CD4.T.cells.regulatory,2968.5,0.061183752296080474
Myeloid Granulocytes_tumorfront_pMAPKAPK2,2968.0,0.0627842388572567
CD4 T cells naive_tumorfront_eccentricity,2966.0,0.06387061465532623
Myeloid M1 macrophages_tumorfront_aggregatedNeighbors.Myeloid.DCs,2959.5,0.06473834757726069
Myeloid M1 macrophages_stromal_pSTAT1,2963.0,0.06592430715076951
Myeloid DCs_tumorfront_pSTAT3,2960.0,0.06669667476078811
CD4 T cells regulatory_stromal_pMAPKAPK2,2960.0,0.06766003005260292
CD4 T cells regulatory_tumorfront_eccentricity,2959.0,0.06788487072592533
Myeloid Granulocytes_tumorfront_aggregatedNeighbors.Myeloid.DCs,2945.0,0.06898000677380428
CD4 T cells memory_tumorfront_aggregatedNeighbors.CD4.T.cells.naive,2954.5,0.0693191940858717
CD4 T cells naive_tumorfront_pSTAT1,2956.5,0.06964116236935504
CD4 T cells naive_tumorfront_E-Cadherin,2956.0,0.0699591519856866
Tumor non-proliferating_intratumor_CD36,2955.0,0.07087996006606082
Myeloid DCs_tumorfront_CD44,2952.0,0.07212547943605774
Tumor non-proliferating_tumorfront_celldistance,2953.0,0.07216548746264098
Myeloid Monocytes_tumorfront_area,2952.5,0.07248265273755632
Fibroblasts_stromal_area,2952.0,0.07281537577881132
Tumor non-proliferating_intratumor_pCREB,2951.0,0.07347004604136767
Myeloid M2 macrophages_stromal_aggregatedNeighbors.CD4.T.cells.naive,2949.5,0.07420253273211722
Myeloid Granulocytes_stromal_area,2949.5,0.07444405610484015
Tumor non-proliferating_tumorfront_aggregatedNeighbors.CD4.T.cells.regulatory,2945.0,0.0750909665995102
Fibroblasts_stromal_aggregatedNeighbors.Vessel,2077.0,0.07546268420865133
Myeloid Granulocytes_tumorfront_Ki67,2078.0,0.07578021281356952
Myeloid Granulocytes_stromal_aggregatedNeighbors.B.cells,2084.5,0.07590613296823365
Myeloid Monocytes_stromal_pSTAT1,2946.0,0.07681442740137756
Myeloid M2 macrophages_stromal_area,2945.5,0.07715698087670918
Fibroblasts_stromal_aggregatedNeighbors.B.cells,2943.0,0.07837271125081834
CD4 T cells regulatory_tumorfront_aggregatedNeighbors.CD4.T.cells.memory,2938.0,0.07844636212894113
Tumor proliferating_tumorfront_aggregatedNeighbors.Vessel,2082.5,0.07898657787031366
Myeloid DCs_tumorfront_CD36,2941.0,0.07955657905465069
Vessel_stromal_area,2941.0,0.08028508097682592
Tumor proliferating_stromal_cellfrequency,2113.0,0.08212791027290547
Myeloid M2 macrophages_tumorfront_aggregatedNeighbors.Tumor.proliferating,2932.0,0.0827616823941531
Myeloid M2 macrophages_tumorfront_pSTAT3,2937.0,0.08309782359820211
B cells_stromal_CD36,2936.0,0.08364846580685802
Myeloid Granulocytes_tumorfront_CD44,2936.0,0.08369550218102444
B cells_tumorfront_GranzymeB,2932.5,0.08391111216992199
CD4 T cells memory_stromal_aggregatedNeighbors.Vessel,2089.5,0.08424374257231752
Myeloid DCs_stromal_pSTAT3,2933.0,0.08597970002790731
Fibroblasts_tumorfront_aggregatedNeighbors.Tumor.proliferating,2931.0,0.08623987762785414
Fibroblasts_stromal_pERK,2093.0,0.08684957588409577
Tumor non-proliferating_intratumor_aggregatedNeighbors.CD8.T.cells,2931.0,0.08714478795304485
Myeloid M2 macrophages_stromal_aggregatedNeighbors.Myeloid.M1.macrophages,2093.5,0.08715837910480406
Fibroblasts_tumorfront_celldistance,2094.0,0.08760497638900284
Myeloid Granulocytes_tumorfront_aggregatedNeighbors.Vessel,2095.0,0.08775291888062225
Myeloid M1 macrophages_stromal_aggregatedNeighbors.CD4.T.cells.memory,2930.5,0.08785421172568539
B cells_stromal_aggregatedNeighbors.Myeloid.Granulocytes,2101.5,0.08786744185304741
CD4 T cells naive_tumorfront_pp38,2930.0,0.08804212861367637
Tumor non-proliferating_tumorfront_aggregatedNeighbors.Myeloid.M1.macrophages,2096.5,0.08951298710550042
Tumor proliferating_tumorfront_aggregatedNeighbors.Myeloid.Monocytes,2922.5,0.08999518700584797
Tumor proliferating_tumorfront_VEGF,2927.5,0.09028362394128221
Myeloid DCs_tumorfront_VEGF,2926.0,0.09068058081507743
Vessel_stromal_Ki67,2099.0,0.09146183675464707
Myeloid DCs_stromal_eccentricity,2921.0,0.09532762825247777
Myeloid M1 macrophages_stromal_area,2919.5,0.09667780984247429
Myeloid Monocytes_tumorfront_pSTAT1,2917.5,0.0983232723974244
CD4 T cells regulatory_tumorfront_aggregatedNeighbors.Myeloid.Monocytes,2904.5,0.09872401832122837
Tumor non-proliferating_intratumor_pp38,2917.0,0.09874722013283484
Fibroblasts_tumorfront_aggregatedNeighbors.CD4.T.cells.regulatory,2909.0,0.09964088964400968
Tumor proliferating_intratumor_aggregatedNeighbors.Tumor.non.proliferating,2110.0,0.10031634610601242
B cells_tumorfront_celldistance,2113.5,0.10060953749607153
CD4 T cells memory_tumorfront_aggregatedNeighbors.Vessel,2111.0,0.10124824845856717
Myeloid M2 macrophages_stromal_aggregatedNeighbors.Vessel,2112.0,0.10212260137242109
CD4 T cells memory_tumorfront_area,2913.0,0.1021261941247936
Myeloid M1 macrophages_tumorfront_CD44,2913.0,0.10213050541134253
Vessel_tumorfront_pERK,2112.0,0.10213050541134253
Myeloid Granulocytes_stromal_aggregatedNeighbors.Myeloid.M1.macrophages,2114.0,0.10288866661078674
CD4 T cells memory_stromal_CD36,2911.5,0.1034220519520646
Tumor non-proliferating_intratumor_CD44,2114.0,0.10385640850941737
Myeloid Granulocytes_stromal_E-Cadherin,2910.0,0.10470036205965404
Myeloid M1 macrophages_stromal_pSTAT3,2909.5,0.10516561725081812
CD4 T cells regulatory_tumorfront_pNFkB,2908.5,0.10535389954299046
CD4 T cells regulatory_tumorfront_pp38,2908.0,0.10549049740180222
CD4 T cells memory_tumorfront_aggregatedNeighbors.Myeloid.Granulocytes,2903.0,0.1064127490391965
Tumor non-proliferating_stromal_aggregatedNeighbors.Vessel,2118.5,0.10647471423205052
B cells_tumorfront_pSTAT1,2904.0,0.1067115650839914
Tumor proliferating_intratumor_pS6,2907.0,0.10732061180144176
Fibroblasts_stromal_eccentricity,2907.0,0.1073776916385408
B cells_stromal_eccentricity,2906.0,0.10800822579974886
Myeloid M1 macrophages_tumorfront_aggregatedNeighbors.CD4.T.cells.naive,2903.5,0.10857059288899343
B cells_stromal_aggregatedNeighbors.CD4.T.cells.naive,2904.0,0.10865373758738066
Myeloid DCs_tumorfront_aggregatedNeighbors.Tumor.proliferating,2888.0,0.10930346846964678
Tumor proliferating_tumorfront_aggregatedNeighbors.Tumor.proliferating,2904.0,0.10981814580823654
Myeloid Granulocytes_stromal_aggregatedNeighbors.Fibroblasts,2904.0,0.10993632113771167
Myeloid Monocytes_tumorfront_CD44,2903.5,0.11053168536483372
Tumor non-proliferating_stromal_aggregatedNeighbors.CD8.T.cells,2892.5,0.1108367741869449
Myeloid M1 macrophages_stromal_CD36,2901.0,0.11283615946373358
Myeloid Granulocytes_tumorfront_cellfrequency,2900.0,0.11355097197668136
Myeloid Monocytes_stromal_pSTAT3,2900.0,0.11376642537741073
CD8 T cells_tumorfront_pNFkB,2899.0,0.11468980010584154
CD8 T cells_tumorfront_pp38,2899.0,0.11468980010584154
Vessel_stromal_pERK,2126.0,0.11470348251374538
Tumor proliferating_intratumor_eccentricity,2898.0,0.11558707927776765
Tumor non-proliferating_intratumor_pS6,2896.0,0.11754995584593024
Myeloid Granulocytes_tumorfront_aggregatedNeighbors.Myeloid.M1.macrophages,2891.5,0.11865849683073927
Myeloid Monocytes_tumorfront_CD36,2894.5,0.11898957982556911
Myeloid M1 macrophages_stromal_aggregatedNeighbors.Vessel,2131.5,0.11996178644850058
B cells_stromal_aggregatedNeighbors.Myeloid.M1.macrophages,2133.0,0.1202104636547912
Fibroblasts_stromal_aggregatedNeighbors.Tumor.non.proliferating,2136.0,0.12158994519257947
Myeloid M1 macrophages_stromal_aggregatedNeighbors.Myeloid.Granulocytes,2134.5,0.12180421854336057
Vessel_tumorfront_aggregatedNeighbors.CD4.T.cells.naive,2890.0,0.12209691327257545
Tumor proliferating_tumorfront_GranzymeB,2890.5,0.12290392334493155
Myeloid DCs_tumorfront_pSTAT1,2888.5,0.12375151240163279
B cells_stromal_pp38,2889.0,0.12412509411464409
Tumor proliferating_intratumor_area,2888.5,0.12484709816255282
Myeloid M2 macrophages_stromal_E-Cadherin,2888.5,0.12490836538498941
Vessel_tumorfront_aggregatedNeighbors.Myeloid.M2.macrophages,2888.0,0.1253643223459019
CD8 T cells_tumorfront_pSTAT3,2885.0,0.1284491388548286
CD4 T cells regulatory_stromal_aggregatedNeighbors.B.cells,2877.0,0.12905372106376095
Tumor non-proliferating_intratumor_pSTAT3,2883.0,0.13052987332697952
Myeloid M2 macrophages_tumorfront_CD44,2882.0,0.1315500122029102
Tumor non-proliferating_intratumor_aggregatedNeighbors.Tumor.non.proliferating,2143.0,0.1315726605082971
Fibroblasts_tumorfront_aggregatedNeighbors.Myeloid.DCs,2876.0,0.13195333624447658
Myeloid Granulocytes_tumorfront_aggregatedNeighbors.Myeloid.Monocytes,2875.5,0.13324312265704363
B cells_tumorfront_eccentricity,2876.5,0.13421167425318606
Fibroblasts_tumorfront_eccentricity,2878.0,0.13580848784909905
Tumor proliferating_intratumor_Ki67,2877.0,0.1368199625935351
Myeloid M1 macrophages_stromal_pp38,2877.0,0.13688372479348895
CD4 T cells memory_stromal_pSTAT1,2873.5,0.14069674439651236
CD4 T cells regulatory_tumorfront_aggregatedNeighbors.Myeloid.M2.macrophages,2860.5,0.14114708739639026
Fibroblasts_tumorfront_aggregatedNeighbors.CD4.T.cells.naive,2870.0,0.14206180233064
Myeloid M2 macrophages_stromal_pSTAT3,2870.5,0.1440331153456647
Fibroblasts_stromal_aggregatedNeighbors.Myeloid.Monocytes,2870.0,0.14450089587596035
Tumor proliferating_intratumor_CD44,2865.0,0.150237853213295
Tumor non-proliferating_tumorfront_pS6,2865.0,0.15030410029997068
CD8 T cells_intratumor_cellfrequency,2864.0,0.15038466500536016
Vessel_tumorfront_pSTAT1,2864.0,0.15146623832187725
B cells_stromal_aggregatedNeighbors.B.cells,2860.5,0.1531367900945731
Vessel_stromal_aggregatedNeighbors.Myeloid.M1.macrophages,2163.0,0.1538088746781644
Vessel_intratumor_cellfrequency,2174.0,0.15435446390856808
Myeloid Monocytes_tumorfront_aggregatedNeighbors.Vessel,2166.5,0.1577566766895171
Myeloid M1 macrophages_tumorfront_aggregatedNeighbors.Tumor.proliferating,2855.0,0.15818787801696388
CD4 T cells regulatory_stromal_VEGF,2857.0,0.15968862077607893
B cells_stromal_aggregatedNeighbors.CD8.T.cells,2856.0,0.15987431655024487
Myeloid Granulocytes_stromal_pp38,2854.0,0.16340495204250738
Vessel_tumorfront_aggregatedNeighbors.Vessel,2172.0,0.16470512823355854
Myeloid DCs_tumorfront_aggregatedNeighbors.B.cells,2832.0,0.1648582414325117
CD4 T cells regulatory_stromal_aggregatedNeighbors.CD4.T.cells.regulatory,2839.5,0.16555115740434867
CD4 T cells naive_stromal_CD36,2850.0,0.1683003247250502
Vessel_tumorfront_pS6,2176.0,0.16972943624398085
Fibroblasts_tumorfront_aggregatedNeighbors.Myeloid.Granulocytes,2844.0,0.17078578115405496
Myeloid M1 macrophages_tumorfront_pSTAT1,2848.0,0.1710032851530927
Myeloid M2 macrophages_tumorfront_aggregatedNeighbors.Myeloid.Granulocytes,2840.5,0.1717356819195065
Myeloid DCs_stromal_aggregatedNeighbors.Tumor.non.proliferating,2198.5,0.17201102321477502
Fibroblasts_tumorfront_aggregatedNeighbors.Myeloid.M1.macrophages,2179.5,0.17409373422804753
CD4 T cells memory_tumorfront_eccentricity,2845.5,0.17421424927742335
Myeloid Granulocytes_intratumor_cellfrequency,2826.0,0.17428745576235105
Tumor non-proliferating_stromal_pSTAT1,2181.0,0.17559411625408272
CD4 T cells naive_tumorfront_aggregatedNeighbors.Myeloid.DCs,2835.0,0.175648762551189
CD4 T cells naive_stromal_VEGF,2844.0,0.1760054004668462
Myeloid M1 macrophages_tumorfront_aggregatedNeighbors.Myeloid.M2.macrophages,2843.0,0.17613112119040342
Myeloid M2 macrophages_tumorfront_pp38,2843.5,0.17678620713040316
CD4 T cells regulatory_stromal_aggregatedNeighbors.Tumor.non.proliferating,2207.0,0.1770726218436932
CD8 T cells_intratumor_aggregatedNeighbors.Tumor.proliferating,2837.5,0.1782620909330308
Myeloid DCs_tumorfront_aggregatedNeighbors.CD4.T.cells.naive,2831.5,0.18002399083905174
Tumor non-proliferating_tumorfront_VEGF,2839.0,0.18279171340062716
CD8 T cells_tumorfront_aggregatedNeighbors.Myeloid.M2.macrophages,2837.5,0.18349321794468754
Myeloid DCs_tumorfront_pCREB,2837.0,0.18443004005679442
Myeloid Granulocytes_tumorfront_aggregatedNeighbors.B.cells,2812.0,0.18455930604446913
Tumor proliferating_tumorfront_pS6,2837.5,0.18480399371061718
Tumor proliferating_intratumor_aggregatedNeighbors.Tumor.proliferating,2837.0,0.184894158035936
Myeloid Granulocytes_stromal_CD36,2836.0,0.18682670523023426
CD4 T cells memory_tumorfront_pSTAT3,2836.0,0.18684240696239418
Tumor proliferating_tumorfront_pNFkB,2835.5,0.18752555532159332
Myeloid Monocytes_stromal_aggregatedNeighbors.Tumor.non.proliferating,2203.5,0.18758693028045892
CD4 T cells memory_tumorfront_aggregatedNeighbors.Tumor.proliferating,2831.0,0.1885679676604718
B cells_tumorfront_pNFkB,2831.5,0.18924454725253104
CD4 T cells regulatory_stromal_cellfrequency,2834.0,0.18948445089168842
Tumor non-proliferating_stromal_aggregatedNeighbors.Myeloid.M2.macrophages,2825.5,0.1895587005491315
Fibroblasts_stromal_CD36,2833.0,0.19097873510643248
CD8 T cells_tumorfront_aggregatedNeighbors.Vessel,2193.0,0.19228892226086658
Vessel_stromal_pS6,2193.0,0.19236907654466295
Myeloid Granulocytes_tumorfront_VEGF,2831.0,0.19350056429269802
CD4 T cells regulatory_tumorfront_Ki67,2830.0,0.19353202698169591
CD4 T cells naive_tumorfront_aggregatedNeighbors.CD4.T.cells.naive,2823.0,0.19490182087890184
B cells_tumorfront_aggregatedNeighbors.CD8.T.cells,2823.0,0.19560778644907106
Tumor non-proliferating_stromal_pp38,2196.0,0.19605201267498984
Myeloid Monocytes_stromal_aggregatedNeighbors.CD4.T.cells.regulatory,2823.5,0.19609742765835858
Myeloid M2 macrophages_stromal_aggregatedNeighbors.Myeloid.M2.macrophages,2828.0,0.19750821778327943
Fibroblasts_stromal_aggregatedNeighbors.CD4.T.cells.regulatory,2827.0,0.19848456614638443
B cells_stromal_pMAPKAPK2,2827.0,0.19909560989313746
Tumor non-proliferating_tumorfront_aggregatedNeighbors.CD4.T.cells.memory,2826.5,0.2000930278945393
Myeloid Monocytes_stromal_pp38,2826.0,0.20086716883128042
Myeloid M1 macrophages_stromal_pERK,2199.0,0.20086764073378072
B cells_stromal_VEGF,2824.0,0.20342155668172923
Tumor non-proliferating_tumorfront_pCREB,2824.0,0.20376049834848686
CD4 T cells naive_tumorfront_pSTAT3,2823.5,0.2040266400311922
Myeloid M2 macrophages_tumorfront_cellfrequency,2823.0,0.20519166067730665
CD4 T cells naive_tumorfront_cellfrequency,2821.0,0.20769386016399194
CD4 T cells naive_stromal_pSTAT1,2820.0,0.20946310501384002
CD4 T cells naive_stromal_aggregatedNeighbors.Fibroblasts,2819.0,0.21057782813778958
CD8 T cells_tumorfront_aggregatedNeighbors.CD4.T.cells.naive,2817.0,0.21185188718447834
Tumor non-proliferating_stromal_aggregatedNeighbors.Tumor.non.proliferating,2212.5,0.21203477990478137
Myeloid Granulocytes_tumorfront_aggregatedNeighbors.Tumor.non.proliferating,2208.5,0.21264842477787294
B cells_tumorfront_pCREB,2814.5,0.21414622566348251
CD4 T cells regulatory_stromal_aggregatedNeighbors.Myeloid.M1.macrophages,2212.5,0.2169415550453273
CD8 T cells_intratumor_pMAPKAPK2,2814.0,0.21746162560052074
CD8 T cells_stromal_pS6,2210.5,0.21791122202394686
Myeloid DCs_tumorfront_aggregatedNeighbors.CD4.T.cells.regulatory,2799.0,0.21949137818598463
CD4 T cells naive_stromal_pp38,2813.0,0.2200382160508494
CD8 T cells_intratumor_eccentricity,2812.0,0.22053330273001182
CD4 T cells naive_tumorfront_aggregatedNeighbors.CD4.T.cells.regulatory,2800.0,0.22072959370797318
B cells_stromal_pSTAT3,2812.0,0.22139938748092203
CD4 T cells memory_tumorfront_VEGF,2811.5,0.22252442484750412
Vessel_tumorfront_celldistance,2214.0,0.22330545682474467
Myeloid M2 macrophages_stromal_pS6,2214.5,0.22408260502106003
Tumor non-proliferating_stromal_eccentricity,2215.0,0.22457881886187048
Myeloid DCs_tumorfront_celldistance,2216.0,0.22530642350169694
Myeloid M1 macrophages_tumorfront_aggregatedNeighbors.Myeloid.Granulocytes,2807.0,0.22553245610689898
Tumor proliferating_tumorfront_pp38,2809.5,0.22562665836862317
Tumor proliferating_tumorfront_celldistance,2809.5,0.225633951469559
Myeloid M1 macrophages_stromal_aggregatedNeighbors.Tumor.non.proliferating,2221.0,0.22696537002077066
CD8 T cells_stromal_CD36,2807.5,0.22878468507631267
CD4 T cells regulatory_tumorfront_aggregatedNeighbors.Myeloid.M1.macrophages,2800.5,0.22909296954230696
Myeloid Granulocytes_tumorfront_pCREB,2807.0,0.22930244047498727
Tumor proliferating_tumorfront_aggregatedNeighbors.CD4.T.cells.regulatory,2790.5,0.23005603250996898
B cells_tumorfront_VEGF,2803.5,0.23114884721458373
CD4 T cells naive_stromal_pSTAT3,2805.0,0.23258680990363279
Myeloid M2 macrophages_tumorfront_aggregatedNeighbors.Myeloid.M2.macrophages,2802.0,0.23269603765542868
Tumor non-proliferating_tumorfront_pNFkB,2805.0,0.23276504553195154
CD4 T cells memory_tumorfront_celldistance,2221.5,0.23516833316282126
Myeloid DCs_tumorfront_cellfrequency,2801.0,0.23809293302340062
CD4 T cells regulatory_tumorfront_aggregatedNeighbors.CD4.T.cells.regulatory,2779.0,0.24077407080047364
Tumor non-proliferating_intratumor_Ki67,2225.0,0.24086246684690316
Tumor non-proliferating_stromal_aggregatedNeighbors.CD4.T.cells.regulatory,2248.5,0.24255610222653978
Myeloid M1 macrophages_stromal_E-Cadherin,2798.0,0.24415635176448203
CD4 T cells memory_stromal_pS6,2227.5,0.24498375339945122
CD8 T cells_stromal_pSTAT3,2796.5,0.24664248454039728
CD4 T cells regulatory_stromal_E-Cadherin,2796.0,0.2473628258086631
CD4 T cells naive_tumorfront_aggregatedNeighbors.Vessel,2231.0,0.2491679266961312
Tumor non-proliferating_stromal_pCREB,2232.0,0.2522386128666021
CD8 T cells_tumorfront_pS6,2793.0,0.25251116387098305
Myeloid M2 macrophages_stromal_CD36,2792.5,0.25337670758587627
Tumor non-proliferating_intratumor_GranzymeB,2787.0,0.2628378269273889
CD4 T cells memory_tumorfront_GranzymeB,2786.5,0.26370431662719496
CD4 T cells memory_stromal_pp38,2786.5,0.26370881983701133
CD4 T cells regulatory_stromal_aggregatedNeighbors.CD4.T.cells.memory,2785.0,0.26486428724540345
Myeloid M2 macrophages_stromal_aggregatedNeighbors.Myeloid.DCs,2243.0,0.26652478954436554
Fibroblasts_stromal_pp38,2784.0,0.2680997109251747
CD4 T cells memory_stromal_E-Cadherin,2782.5,0.27075661000957363
Myeloid M2 macrophages_stromal_pSTAT1,2782.5,0.27075711206708786
Myeloid Granulocytes_stromal_aggregatedNeighbors.Myeloid.M2.macrophages,2779.0,0.2723238717665005
Tumor non-proliferating_stromal_pMAPKAPK2,2244.0,0.27306735200846155
Myeloid Granulocytes_tumorfront_pp38,2781.0,0.27308647767761063
Myeloid Monocytes_tumorfront_GranzymeB,2780.5,0.2743239634846212
Tumor non-proliferating_stromal_pNFkB,2246.0,0.2766627441268902
Myeloid Granulocytes_tumorfront_CD36,2778.0,0.2785521692587787
Myeloid M1 macrophages_tumorfront_Ki67,2777.5,0.2797469290561646
Tumor non-proliferating_stromal_aggregatedNeighbors.CD4.T.cells.memory,2253.0,0.27993550736491246
Myeloid Granulocytes_tumorfront_pS6,2777.0,0.2803700028441426
Myeloid Granulocytes_stromal_aggregatedNeighbors.Myeloid.Granulocytes,2251.0,0.2813663594632464
CD4 T cells memory_tumorfront_pNFkB,2776.5,0.2815639200426727
CD4 T cells naive_tumorfront_VEGF,2776.0,0.28199385200886906
B cells_stromal_E-Cadherin,2776.0,0.2821226616808923
CD8 T cells_tumorfront_aggregatedNeighbors.B.cells,2771.0,0.2829806965987095
CD4 T cells memory_stromal_pMAPKAPK2,2775.5,0.2833985252449258
CD4 T cells regulatory_stromal_pp38,2775.0,0.2841237430681003
Myeloid M1 macrophages_tumorfront_aggregatedNeighbors.B.cells,2258.0,0.28547656799184995
CD8 T cells_tumorfront_aggregatedNeighbors.Myeloid.Granulocytes,2768.0,0.28804455918677474
Tumor proliferating_intratumor_pSTAT3,2772.0,0.2897897716049642
Fibroblasts_tumorfront_pSTAT1,2772.0,0.2898681171804023
B cells_stromal_aggregatedNeighbors.Myeloid.Monocytes,2256.0,0.29111465036791495
Myeloid M2 macrophages_tumorfront_Ki67,2770.0,0.2934640352972383
Myeloid DCs_tumorfront_pS6,2769.0,0.2943246398722301
CD4 T cells naive_stromal_pS6,2256.0,0.29530688699056407
Myeloid Monocytes_stromal_VEGF,2768.0,0.29738110221119585
Tumor non-proliferating_tumorfront_aggregatedNeighbors.B.cells,2762.0,0.2986693332268384
B cells_stromal_pNFkB,2767.0,0.2989178406353694
CD8 T cells_stromal_aggregatedNeighbors.Tumor.non.proliferating,2759.0,0.29907595442239776
CD4 T cells regulatory_stromal_pS6,2258.0,0.2991585890127455
CD8 T cells_stromal_Ki67,2767.0,0.29927457277111624
CD4 T cells naive_tumorfront_aggregatedNeighbors.Tumor.non.proliferating,2260.0,0.3009598720599964
Myeloid DCs_stromal_aggregatedNeighbors.Myeloid.M1.macrophages,2260.5,0.30229174263201875
Myeloid M1 macrophages_tumorfront_area,2765.0,0.30310091746795087
Fibroblasts_stromal_pS6,2261.0,0.305024175597051
Tumor proliferating_intratumor_pMAPKAPK2,2763.0,0.30687643115944563
Fibroblasts_intratumor_cellfrequency,2286.0,0.3074555435333123
Myeloid Granulocytes_stromal_pMAPKAPK2,2762.0,0.3088660271747591
Vessel_stromal_aggregatedNeighbors.Myeloid.DCs,2264.0,0.3098075210258474
CD8 T cells_tumorfront_pCREB,2760.0,0.3127777056632617
Fibroblasts_tumorfront_CD36,2758.0,0.3167303330740331
CD8 T cells_tumorfront_pSTAT1,2755.0,0.32267425210321976
Vessel_stromal_aggregatedNeighbors.B.cells,2754.0,0.3241702719871393
CD4 T cells naive_stromal_pMAPKAPK2,2754.0,0.3245114544222869
Fibroblasts_stromal_E-Cadherin,2754.0,0.3246960579445076
B cells_tumorfront_aggregatedNeighbors.Myeloid.Granulocytes,2734.5,0.32479605878127094
CD8 T cells_tumorfront_eccentricity,2753.0,0.32668944196035843
Myeloid DCs_stromal_aggregatedNeighbors.CD4.T.cells.regulatory,2741.5,0.33160227309375767
CD8 T cells_tumorfront_aggregatedNeighbors.Tumor.non.proliferating,2274.5,0.33170877563860124
B cells_stromal_aggregatedNeighbors.CD4.T.cells.memory,2748.5,0.33476574065956066
B cells_tumorfront_pS6,2746.5,0.3360143187209289
CD8 T cells_stromal_aggregatedNeighbors.Myeloid.Granulocytes,2278.0,0.3365075999715734
Tumor non-proliferating_stromal_CD44,2278.5,0.33960489598721144
Fibroblasts_stromal_VEGF,2746.0,0.34101522180151644
Tumor proliferating_tumorfront_CD36,2745.5,0.3420416955351713
Myeloid Monocytes_tumorfront_pNFkB,2745.5,0.34204675362529957
Fibroblasts_tumorfront_cellfrequency,2282.0,0.34726801618032377
CD4 T cells naive_tumorfront_aggregatedNeighbors.Myeloid.M1.macrophages,2284.0,0.34875809992830487
Myeloid Monocytes_tumorfront_pSTAT3,2742.0,0.3493481913959978
Tumor non-proliferating_tumorfront_pERK,2283.0,0.34936838996120734
Tumor non-proliferating_tumorfront_pp38,2742.0,0.34936838996120734
CD4 T cells regulatory_tumorfront_GranzymeB,2740.0,0.35273169934145276
Myeloid M2 macrophages_stromal_aggregatedNeighbors.Myeloid.Granulocytes,2287.0,0.3534462054328269
CD4 T cells memory_stromal_VEGF,2739.5,0.35465351471546047
Tumor non-proliferating_stromal_aggregatedNeighbors.Myeloid.M1.macrophages,2289.0,0.3556523865396004
Myeloid M2 macrophages_tumorfront_celldistance,2286.0,0.3556895511697086
Fibroblasts_tumorfront_pSTAT3,2739.0,0.35571777912583236
Tumor non-proliferating_tumorfront_aggregatedNeighbors.CD4.T.cells.naive,2737.5,0.35640292053981637
CD4 T cells memory_stromal_Ki67,2738.5,0.3567805240854185
Myeloid M2 macrophages_stromal_pERK,2286.5,0.3567820357153172
CD4 T cells naive_tumorfront_aggregatedNeighbors.Tumor.proliferating,2731.0,0.3570095458960455
Tumor proliferating_tumorfront_aggregatedNeighbors.CD4.T.cells.naive,2729.0,0.3595625029516849
CD4 T cells regulatory_stromal_pCREB,2736.0,0.3620187197104058
Tumor proliferating_tumorfront_aggregatedNeighbors.Fibroblasts,2292.0,0.3664904263307023
Myeloid Monocytes_tumorfront_aggregatedNeighbors.CD4.T.cells.naive,2729.5,0.367651151623013
CD4 T cells naive_stromal_E-Cadherin,2733.0,0.36845058738979963
CD4 T cells naive_stromal_aggregatedNeighbors.B.cells,2732.0,0.36885862404916236
CD4 T cells regulatory_stromal_aggregatedNeighbors.CD4.T.cells.naive,2730.0,0.37144459453065026
CD4 T cells naive_tumorfront_pMAPKAPK2,2730.0,0.3747132141719811
Vessel_tumorfront_aggregatedNeighbors.Myeloid.M1.macrophages,2295.0,0.37519359580609934
Myeloid Monocytes_stromal_GranzymeB,2295.0,0.3751985993698429
Vessel_stromal_eccentricity,2730.0,0.37519909971983445
Myeloid DCs_tumorfront_aggregatedNeighbors.Fibroblasts,2726.0,0.3766839768441177
CD8 T cells_stromal_pMAPKAPK2,2728.5,0.3785039310291741
Fibroblasts_stromal_pSTAT3,2727.0,0.38183666956112383
Myeloid M1 macrophages_tumorfront_aggregatedNeighbors.Vessel,2298.5,0.3829354360081322
CD8 T cells_tumorfront_aggregatedNeighbors.Myeloid.Monocytes,2725.0,0.3831650171945644
CD4 T cells regulatory_tumorfront_celldistance,2299.0,0.38323642424391224
Myeloid Monocytes_tumorfront_aggregatedNeighbors.Myeloid.Monocytes,2724.0,0.38449889312567564
Myeloid DCs_stromal_aggregatedNeighbors.B.cells,2720.5,0.3854233582184987
CD4 T cells naive_tumorfront_pS6,2300.0,0.3858182006896772
Myeloid M2 macrophages_tumorfront_VEGF,2724.0,0.3885179470058192
CD4 T cells regulatory_tumorfront_VEGF,2723.5,0.38872943649241565
CD4 T cells memory_stromal_aggregatedNeighbors.Myeloid.Granulocytes,2302.0,0.3899762736867488
Myeloid M2 macrophages_stromal_aggregatedNeighbors.Myeloid.Monocytes,2302.5,0.3912044701476113
Myeloid M1 macrophages_tumorfront_pERK,2303.0,0.3930581529043162
B cells_stromal_GranzymeB,2721.0,0.3949718522432504
Vessel_stromal_aggregatedNeighbors.Myeloid.Granulocytes,2305.5,0.3986728722580598
Myeloid Monocytes_stromal_pS6,2307.0,0.40217713859303084
Tumor proliferating_tumorfront_eccentricity,2717.5,0.4033160747279839
Myeloid Granulocytes_tumorfront_area,2717.0,0.4041938676210417
CD4 T cells regulatory_tumorfront_aggregatedNeighbors.Myeloid.Granulocytes,2706.5,0.40562993802429403
B cells_stromal_aggregatedNeighbors.Tumor.non.proliferating,2702.0,0.40584535542551003
CD4 T cells naive_tumorfront_pERK,2310.0,0.4085374723324181
Myeloid Granulocytes_stromal_aggregatedNeighbors.CD4.T.cells.naive,2713.5,0.4096052067927245
Vessel_stromal_aggregatedNeighbors.CD4.T.cells.regulatory,2714.0,0.41008491697988014
Myeloid DCs_tumorfront_pp38,2714.0,0.4102925067546497
Fibroblasts_stromal_cellfrequency,2714.0,0.4114228466457348
Vessel_stromal_CD36,2311.0,0.4114228466457348
B cells_tumorfront_E-Cadherin,2711.5,0.41324744515004264
Fibroblasts_stromal_aggregatedNeighbors.Myeloid.Granulocytes,2312.0,0.41361862343002553
Vessel_tumorfront_CD44,2713.0,0.41375370808999434
B cells_stromal_cellfrequency,2711.0,0.4180898643214135
Myeloid M1 macrophages_tumorfront_aggregatedNeighbors.Fibroblasts,2314.0,0.41824171963228796
Myeloid M1 macrophages_stromal_cellfrequency,2315.0,0.4207930274313477
CD4 T cells memory_stromal_aggregatedNeighbors.Myeloid.Monocytes,2709.5,0.4216191786652047
Fibroblasts_stromal_pSTAT1,2709.0,0.4231550008774957
CD4 T cells memory_tumorfront_aggregatedNeighbors.B.cells,2703.0,0.42430699575555053
CD8 T cells_stromal_E-Cadherin,2708.5,0.42433403809031345
Myeloid M2 macrophages_stromal_pMAPKAPK2,2706.5,0.42909329835254884
Myeloid DCs_stromal_pp38,2706.0,0.4300165907763134
Myeloid M1 macrophages_tumorfront_pp38,2706.0,0.4302873260693624
Myeloid DCs_tumorfront_GranzymeB,2705.0,0.4315680165701592
Tumor proliferating_intratumor_GranzymeB,2705.0,0.4326054376281413
Vessel_tumorfront_pp38,2705.0,0.4326801873496263
Myeloid Granulocytes_stromal_aggregatedNeighbors.CD4.T.cells.regulatory,2699.0,0.4338472425038826
CD8 T cells_tumorfront_pERK,2704.0,0.435063409724047
Fibroblasts_stromal_aggregatedNeighbors.Myeloid.DCs,2322.5,0.43727702142683733
Vessel_tumorfront_aggregatedNeighbors.Myeloid.DCs,2701.0,0.43914552396739026
B cells_tumorfront_aggregatedNeighbors.Tumor.non.proliferating,2698.0,0.4402989171371898
Tumor non-proliferating_tumorfront_aggregatedNeighbors.Myeloid.Granulocytes,2700.0,0.4425755969177565
Myeloid M2 macrophages_tumorfront_CD36,2700.0,0.4447327287725934
Myeloid DCs_tumorfront_pNFkB,2699.0,0.4461001142855505
CD8 T cells_tumorfront_celldistance,2327.0,0.44962739633766113
Fibroblasts_stromal_Ki67,2327.0,0.4496444947770881
Tumor non-proliferating_tumorfront_eccentricity,2698.0,0.4496444947770881
Myeloid Granulocytes_tumorfront_pSTAT1,2697.0,0.45136249661634253
Vessel_stromal_aggregatedNeighbors.Myeloid.M2.macrophages,2697.0,0.45209648568158556
Myeloid Monocytes_stromal_cellfrequency,2697.0,0.45209790716666154
Tumor non-proliferating_tumorfront_CD36,2695.0,0.45702879071312474
Myeloid Granulocytes_stromal_aggregatedNeighbors.Vessel,2330.5,0.4580898697322471
B cells_stromal_aggregatedNeighbors.Myeloid.M2.macrophages,2334.0,0.4654896701838568
Myeloid M1 macrophages_tumorfront_CD36,2691.0,0.4669796448133692
CD8 T cells_tumorfront_aggregatedNeighbors.Myeloid.M1.macrophages,2335.0,0.4688994242660347
Myeloid DCs_tumorfront_pERK,2689.0,0.47092879212310546
CD4 T cells naive_tumorfront_pNFkB,2689.0,0.4715488875584618
Tumor proliferating_tumorfront_pERK,2336.5,0.4732497135902932
Myeloid M1 macrophages_stromal_pS6,2337.0,0.4745209627227658
Myeloid Monocytes_stromal_aggregatedNeighbors.Myeloid.M1.macrophages,2337.5,0.475506245649608
Tumor non-proliferating_stromal_aggregatedNeighbors.Fibroblasts,2339.0,0.47557751501749623
Myeloid DCs_stromal_aggregatedNeighbors.Myeloid.DCs,2683.0,0.47565383473871736
B cells_stromal_aggregatedNeighbors.CD4.T.cells.regulatory,2683.0,0.4773726103223692
Vessel_stromal_pSTAT1,2686.0,0.4795854354961038
B cells_stromal_pCREB,2685.0,0.4818001886164476
Myeloid Granulocytes_tumorfront_E-Cadherin,2684.5,0.48308652348572256
Myeloid M2 macrophages_tumorfront_aggregatedNeighbors.Fibroblasts,2683.5,0.48511580174802504
B cells_tumorfront_aggregatedNeighbors.Fibroblasts,2677.5,0.48612672566447446
CD4 T cells regulatory_tumorfront_aggregatedNeighbors.Fibroblasts,2346.0,0.4887369134156164
CD4 T cells memory_stromal_aggregatedNeighbors.Tumor.non.proliferating,2678.0,0.4931023731399943
Tumor non-proliferating_tumorfront_aggregatedNeighbors.Myeloid.M2.macrophages,2677.0,0.5025732065082458
Myeloid Granulocytes_stromal_pSTAT3,2677.0,0.5026896535270718
Myeloid M1 macrophages_tumorfront_aggregatedNeighbors.Myeloid.Monocytes,2675.5,0.5058907504178096
CD4 T cells regulatory_stromal_eccentricity,2674.5,0.5091570484192081
Myeloid M1 macrophages_tumorfront_VEGF,2674.0,0.5105823747798632
Myeloid M1 macrophages_stromal_pMAPKAPK2,2674.0,0.5105823747798632
CD8 T cells_stromal_pERK,2351.5,0.5118918426157318
Myeloid Monocytes_tumorfront_aggregatedNeighbors.Myeloid.M1.macrophages,2672.5,0.5135765461544279
Myeloid Granulocytes_tumorfront_aggregatedNeighbors.CD4.T.cells.naive,2668.0,0.5138590027995811
Tumor proliferating_tumorfront_area,2352.5,0.5145200741446273
Myeloid DCs_stromal_aggregatedNeighbors.Fibroblasts,2353.5,0.5149450381842511
B cells_stromal_aggregatedNeighbors.Vessel,2353.5,0.5166108776175663
CD4 T cells regulatory_stromal_pSTAT1,2669.5,0.5222965792372041
Myeloid M2 macrophages_stromal_pp38,2669.5,0.5224701152041762
Myeloid M1 macrophages_tumorfront_pSTAT3,2669.5,0.5224701152041762
Myeloid M2 macrophages_tumorfront_eccentricity,2669.0,0.5237758249335361
Vessel_tumorfront_aggregatedNeighbors.Fibroblasts,2356.0,0.5237949648578226
Tumor proliferating_tumorfront_aggregatedNeighbors.B.cells,2656.5,0.5263044176553769
Myeloid DCs_stromal_GranzymeB,2668.0,0.5263068501932275
Fibroblasts_tumorfront_pS6,2357.0,0.5264646472747926
B cells_tumorfront_cellfrequency,2666.5,0.527090890375399
Myeloid DCs_tumorfront_aggregatedNeighbors.Myeloid.Monocytes,2361.5,0.5319936937448958
Tumor non-proliferating_tumorfront_pSTAT3,2665.0,0.5344993627876519
Vessel_tumorfront_Ki67,2665.0,0.5344993627876519
CD4 T cells regulatory_stromal_aggregatedNeighbors.Myeloid.Monocytes,2661.5,0.536391251551142
Tumor proliferating_tumorfront_aggregatedNeighbors.Myeloid.Granulocytes,2658.5,0.5384921411962043
CD4 T cells memory_stromal_GranzymeB,2663.5,0.5385389477632418
Fibroblasts_tumorfront_pp38,2663.0,0.5398900069555741
Myeloid M1 macrophages_stromal_aggregatedNeighbors.CD4.T.cells.regulatory,2363.5,0.5404894569602399
CD4 T cells regulatory_tumorfront_aggregatedNeighbors.B.cells,2649.5,0.5418054166822563
Myeloid Monocytes_tumorfront_E-Cadherin,2662.0,0.5425895751189249
Myeloid DCs_stromal_aggregatedNeighbors.Myeloid.Granulocytes,2367.5,0.54838379673224
Myeloid Monocytes_tumorfront_aggregatedNeighbors.Myeloid.DCs,2367.5,0.5484262166694057
Myeloid Granulocytes_stromal_pCREB,2659.0,0.5507293277269876
Myeloid Monocytes_stromal_CD36,2659.0,0.5507518729500472
CD8 T cells_tumorfront_aggregatedNeighbors.Myeloid.DCs,2657.5,0.5512479463419531
Myeloid DCs_stromal_pMAPKAPK2,2658.0,0.5533332054271862
CD4 T cells memory_stromal_aggregatedNeighbors.CD4.T.cells.regulatory,2657.0,0.5549920323345836
CD4 T cells naive_stromal_pNFkB,2657.0,0.5560727876134908
Tumor non-proliferating_stromal_CD36,2368.5,0.5573268253806019
Tumor proliferating_tumorfront_Ki67,2656.5,0.5575867258333409
CD4 T cells naive_tumorfront_aggregatedNeighbors.Fibroblasts,2655.0,0.5579045017895121
Fibroblasts_tumorfront_VEGF,2656.0,0.5589689654894652
Myeloid M1 macrophages_tumorfront_GranzymeB,2656.0,0.5589689654894652
CD4 T cells naive_stromal_aggregatedNeighbors.Myeloid.Granulocytes,2654.0,0.5621425903279476
Tumor non-proliferating_stromal_GranzymeB,2371.0,0.5641340136138873
Myeloid DCs_stromal_pNFkB,2654.0,0.5643310194530448
Vessel_tumorfront_pMAPKAPK2,2371.0,0.5644796196873876
B cells_stromal_Ki67,2653.0,0.5668901712807655
CD8 T cells_tumorfront_pMAPKAPK2,2653.0,0.5672300968447934
Myeloid DCs_stromal_cellfrequency,2373.0,0.5698691070967016
B cells_tumorfront_aggregatedNeighbors.CD4.T.cells.memory,2646.5,0.5730792377051277
Fibroblasts_tumorfront_aggregatedNeighbors.Myeloid.Monocytes,2650.0,0.5752826924395825
Myeloid M1 macrophages_tumorfront_pS6,2375.0,0.5755787167821864
Myeloid M1 macrophages_tumorfront_eccentricity,2649.0,0.5783695143684153
CD4 T cells regulatory_stromal_aggregatedNeighbors.Myeloid.Granulocytes,2381.5,0.58200327435084
CD4 T cells naive_tumorfront_aggregatedNeighbors.Myeloid.Granulocytes,2643.0,0.5829214818792068
Myeloid DCs_stromal_VEGF,2646.5,0.5851952555841449
CD4 T cells naive_stromal_Ki67,2646.5,0.5851952555841449
Fibroblasts_tumorfront_pMAPKAPK2,2381.0,0.5924180334625854
Myeloid Monocytes_stromal_aggregatedNeighbors.Myeloid.DCs,2382.5,0.5929797819691567
Myeloid M1 macrophages_tumorfront_cellfrequency,2382.0,0.595246412824076
Tumor proliferating_tumorfront_aggregatedNeighbors.Myeloid.M1.macrophages,2384.0,0.595382345078876
B cells_tumorfront_aggregatedNeighbors.Myeloid.DCs,2634.5,0.5962449334705802
Myeloid DCs_stromal_aggregatedNeighbors.Myeloid.Monocytes,2641.0,0.5971261076471566
Myeloid Monocytes_stromal_aggregatedNeighbors.Myeloid.Monocytes,2383.5,0.598060059225426
Tumor non-proliferating_tumorfront_area,2641.0,0.6009215783764661
B cells_tumorfront_aggregatedNeighbors.B.cells,2634.5,0.6067452394634241
CD4 T cells memory_stromal_pNFkB,2638.5,0.6080489423274208
Tumor proliferating_tumorfront_pSTAT3,2637.5,0.6108901530043495
CD4 T cells memory_tumorfront_aggregatedNeighbors.Myeloid.DCs,2390.5,0.6145450585004031
Tumor non-proliferating_stromal_aggregatedNeighbors.B.cells,2398.0,0.6160378027334856
Myeloid M2 macrophages_tumorfront_E-Cadherin,2635.5,0.6166217941515555
Myeloid M2 macrophages_stromal_aggregatedNeighbors.Tumor.non.proliferating,2392.5,0.6167794020327678
Myeloid M2 macrophages_stromal_VEGF,2634.5,0.6195319691191546
CD4 T cells regulatory_stromal_aggregatedNeighbors.Myeloid.M2.macrophages,2633.0,0.6198061935707555
CD4 T cells naive_tumorfront_Ki67,2634.0,0.6205551049074156
Myeloid Monocytes_tumorfront_aggregatedNeighbors.B.cells,2396.5,0.6231811978052227
CD4 T cells regulatory_tumorfront_pS6,2633.0,0.623257671067134
CD4 T cells naive_stromal_aggregatedNeighbors.Myeloid.M2.macrophages,2632.5,0.6249521716727529
Myeloid M2 macrophages_tumorfront_aggregatedNeighbors.B.cells,2398.0,0.6264656987805755
Myeloid Granulocytes_stromal_cellfrequency,2393.0,0.6267367833106876
Myeloid Monocytes_stromal_pMAPKAPK2,2632.0,0.626756290573047
Tumor non-proliferating_tumorfront_aggregatedNeighbors.Myeloid.Monocytes,2394.0,0.6295771448191618
Myeloid Granulocytes_stromal_pNFkB,2394.0,0.6296191547891918
Myeloid Granulocytes_stromal_aggregatedNeighbors.CD8.T.cells,2630.5,0.630033217474185
Myeloid M2 macrophages_tumorfront_pSTAT1,2630.0,0.6325192449864208
Myeloid M1 macrophages_tumorfront_aggregatedNeighbors.Myeloid.M1.macrophages,2395.5,0.6331943501697352
CD8 T cells_stromal_pp38,2628.5,0.6369274810079832
Myeloid M1 macrophages_stromal_aggregatedNeighbors.Fibroblasts,2397.5,0.6398478952104292
B cells_tumorfront_aggregatedNeighbors.CD4.T.cells.naive,2403.0,0.6400975293268572
Myeloid M2 macrophages_tumorfront_pS6,2398.0,0.6412930734714406
Myeloid DCs_stromal_pERK,2398.5,0.6426174321952485
Myeloid M1 macrophages_stromal_aggregatedNeighbors.B.cells,2625.5,0.6447554926971361
Myeloid Granulocytes_tumorfront_celldistance,2400.0,0.6469777073807592
Myeloid M2 macrophages_tumorfront_aggregatedNeighbors.Myeloid.M1.macrophages,2624.5,0.6476167989941117
CD8 T cells_stromal_VEGF,2623.5,0.6515815447968616
Myeloid M2 macrophages_tumorfront_GranzymeB,2623.0,0.6530388752770595
B cells_stromal_pERK,2622.0,0.655720512224335
Myeloid DCs_tumorfront_aggregatedNeighbors.Myeloid.M2.macrophages,2618.5,0.660071314035978
CD4 T cells naive_tumorfront_aggregatedNeighbors.Myeloid.Monocytes,2407.5,0.6634028327412017
Myeloid DCs_stromal_area,2406.0,0.6647677156954226
Myeloid DCs_tumorfront_area,2618.5,0.6656163974822868
Tumor non-proliferating_stromal_aggregatedNeighbors.Myeloid.DCs,2414.0,0.6694223503800651
Myeloid M2 macrophages_stromal_cellfrequency,2616.5,0.6723272317542315
Vessel_tumorfront_pCREB,2409.0,0.6738189965248078
Myeloid Granulocytes_stromal_aggregatedNeighbors.Myeloid.DCs,2411.5,0.6758241569982204
CD4 T cells memory_stromal_aggregatedNeighbors.Myeloid.M2.macrophages,2615.0,0.6765879380213422
Myeloid DCs_stromal_pSTAT1,2615.0,0.6766266663225716
Myeloid Monocytes_tumorfront_pCREB,2614.5,0.6782974996236266
Vessel_stromal_VEGF,2613.0,0.6827944130021657
Myeloid DCs_intratumor_cellfrequency,2606.0,0.6861532801024295
Myeloid Granulocytes_stromal_pS6,2414.0,0.6887861403436658
Myeloid M1 macrophages_stromal_GranzymeB,2414.0,0.688803137244138
Tumor proliferating_intratumor_cellfrequency,2415.0,0.6917674119022874
Myeloid Granulocytes_tumorfront_pNFkB,2609.0,0.6945804076574744
CD4 T cells regulatory_stromal_pNFkB,2609.0,0.6947385909220904
Tumor non-proliferating_tumorfront_pMAPKAPK2,2416.0,0.6948315610228825
Myeloid M1 macrophages_stromal_aggregatedNeighbors.Myeloid.Monocytes,2608.5,0.6961168135521996
Myeloid M2 macrophages_tumorfront_aggregatedNeighbors.Myeloid.DCs,2419.5,0.6990312831304237
Myeloid M1 macrophages_stromal_VEGF,2607.0,0.7008793449267233
CD4 T cells regulatory_tumorfront_aggregatedNeighbors.Vessel,2606.0,0.7025454368888279
Myeloid Monocytes_tumorfront_Ki67,2606.0,0.7038556903411046
Myeloid M1 macrophages_stromal_aggregatedNeighbors.Myeloid.DCs,2420.0,0.7059506318345892
Tumor proliferating_tumorfront_aggregatedNeighbors.Myeloid.M2.macrophages,2603.5,0.7060191988091689
Vessel_stromal_pMAPKAPK2,2420.0,0.7069461458634521
B cells_tumorfront_aggregatedNeighbors.Myeloid.M2.macrophages,2599.5,0.7094494336554074
Fibroblasts_tumorfront_pCREB,2421.0,0.7099865695104823
Myeloid M2 macrophages_stromal_GranzymeB,2421.5,0.711508229307769
Myeloid Monocytes_stromal_aggregatedNeighbors.Myeloid.Granulocytes,2422.5,0.7127983946010833
CD4 T cells naive_stromal_aggregatedNeighbors.Tumor.non.proliferating,2598.0,0.7139640676186726
Vessel_tumorfront_aggregatedNeighbors.Myeloid.Monocytes,2601.5,0.717544301229857
Tumor proliferating_intratumor_pERK,2601.0,0.719091716001548
Myeloid M1 macrophages_stromal_aggregatedNeighbors.Myeloid.M2.macrophages,2600.5,0.7206333255056636
Myeloid M1 macrophages_tumorfront_pCREB,2600.0,0.7221940636444089
Fibroblasts_stromal_pNFkB,2600.0,0.7221940636444089
Vessel_stromal_aggregatedNeighbors.Myeloid.Monocytes,2425.5,0.7237189537947899
Myeloid Granulocytes_tumorfront_pSTAT3,2598.0,0.7281358311090549
Myeloid DCs_stromal_E-Cadherin,2598.0,0.7282250999336835
Myeloid M2 macrophages_tumorfront_aggregatedNeighbors.Myeloid.Monocytes,2597.0,0.7297233120368387
B cells_tumorfront_Ki67,2596.0,0.7321361651681078
Myeloid DCs_tumorfront_Ki67,2596.5,0.7321433582518132
B cells_tumorfront_aggregatedNeighbors.Myeloid.Monocytes,2592.5,0.7330568673490561
Tumor non-proliferating_tumorfront_aggregatedNeighbors.Myeloid.DCs,2596.0,0.7332608290962743
CD4 T cells regulatory_tumorfront_aggregatedNeighbors.CD4.T.cells.naive,2593.0,0.734913746720508
CD4 T cells memory_tumorfront_E-Cadherin,2595.5,0.7360094673706544
CD4 T cells naive_stromal_pERK,2595.0,0.737456688277338
CD4 T cells regulatory_stromal_GranzymeB,2595.0,0.7374720652687987
CD4 T cells naive_stromal_aggregatedNeighbors.Myeloid.Monocytes,2594.0,0.7398649403040976
Myeloid Monocytes_stromal_aggregatedNeighbors.Fibroblasts,2593.5,0.7421535665851393
Myeloid M2 macrophages_stromal_pNFkB,2593.5,0.7421814486195961
Myeloid Monocytes_stromal_E-Cadherin,2593.0,0.743726387816
Fibroblasts_tumorfront_aggregatedNeighbors.Fibroblasts,2592.0,0.7468085966488793
Fibroblasts_stromal_pMAPKAPK2,2592.0,0.7468196136792855
Myeloid Granulocytes_stromal_pSTAT1,2591.5,0.7483204911470044
Myeloid Monocytes_stromal_pCREB,2591.0,0.7499164103369371
Myeloid Monocytes_tumorfront_pp38,2590.5,0.7514639351984624
CD4 T cells memory_tumorfront_pCREB,2590.5,0.7514639351984624
Vessel_tumorfront_E-Cadherin,2590.0,0.7530177503317694
Myeloid DCs_stromal_pCREB,2589.0,0.7560327152658078
Tumor non-proliferating_intratumor_aggregatedNeighbors.Tumor.proliferating,2589.0,0.7561208478135023
Myeloid DCs_stromal_aggregatedNeighbors.Myeloid.M2.macrophages,2437.0,0.756719473673828
Myeloid DCs_tumorfront_aggregatedNeighbors.Myeloid.DCs,2587.0,0.757312957094377
Myeloid Monocytes_tumorfront_VEGF,2588.5,0.7576719282044233
Myeloid M2 macrophages_stromal_aggregatedNeighbors.Fibroblasts,2588.0,0.7592267133545123
Myeloid M1 macrophages_stromal_Ki67,2588.0,0.7592318475087567
Vessel_tumorfront_pSTAT3,2587.0,0.7623447642103577
Tumor proliferating_tumorfront_pMAPKAPK2,2586.5,0.7638976281469038
Myeloid DCs_tumorfront_aggregatedNeighbors.Vessel,2439.0,0.7641088197869389
Myeloid Granulocytes_tumorfront_aggregatedNeighbors.Myeloid.Granulocytes,2584.0,0.7670330984767137
CD4 T cells naive_tumorfront_GranzymeB,2585.0,0.7683532635247924
Myeloid M1 macrophages_stromal_aggregatedNeighbors.Myeloid.M1.macrophages,2440.5,0.7700196368843183
CD4 T cells naive_stromal_aggregatedNeighbors.CD4.T.cells.regulatory,2441.0,0.7702125210901559
Myeloid M2 macrophages_stromal_eccentricity,2441.5,0.773269743233489
B cells_tumorfront_aggregatedNeighbors.Myeloid.M1.macrophages,2444.5,0.7745446456226182
Myeloid DCs_stromal_Ki67,2583.0,0.7745720600744028
Tumor non-proliferating_stromal_cellfrequency,2442.0,0.7747002645532938
Vessel_tumorfront_aggregatedNeighbors.Myeloid.Granulocytes,2582.5,0.7759671041860968
CD8 T cells_stromal_aggregatedNeighbors.Fibroblasts,2582.0,0.7779602462123238
Tumor non-proliferating_tumorfront_aggregatedNeighbors.Fibroblasts,2443.0,0.7779636445969148
Myeloid Monocytes_stromal_pERK,2443.0,0.77796523045634
Vessel_stromal_pCREB,2443.0,0.7779661366464738
CD4 T cells regulatory_tumorfront_aggregatedNeighbors.Myeloid.DCs,2578.5,0.7783189878103454
Myeloid Monocytes_stromal_aggregatedNeighbors.Myeloid.M2.macrophages,2581.5,0.7793492547180609
CD4 T cells naive_tumorfront_pCREB,2581.0,0.7808842994606986
Myeloid M1 macrophages_stromal_pNFkB,2580.0,0.7842402955288084
CD4 T cells regulatory_stromal_aggregatedNeighbors.Fibroblasts,2578.0,0.789993543583414
Myeloid Granulocytes_stromal_aggregatedNeighbors.Myeloid.Monocytes,2447.5,0.7909372882097336
CD8 T cells_stromal_aggregatedNeighbors.B.cells,2577.0,0.7930931610082259
CD4 T cells memory_stromal_pERK,2448.5,0.795253241426269
CD4 T cells memory_stromal_pCREB,2448.5,0.795253241426269
Fibroblasts_tumorfront_GranzymeB,2450.0,0.799986333777846
Vessel_tumorfront_CD36,2573.0,0.8063079778616449
Myeloid M2 macrophages_stromal_aggregatedNeighbors.B.cells,2572.0,0.8087709208279878
Tumor proliferating_tumorfront_CD44,2571.5,0.8110534755984486
Myeloid Granulocytes_stromal_eccentricity,2571.0,0.8126317054956451
Myeloid M2 macrophages_tumorfront_area,2570.5,0.8142163521636361
Myeloid M2 macrophages_stromal_pCREB,2454.5,0.8142276278678725
Fibroblasts_tumorfront_E-Cadherin,2455.0,0.8158140964054512
CD8 T cells_stromal_pNFkB,2455.5,0.8173992494628561
CD4 T cells naive_stromal_aggregatedNeighbors.Vessel,2456.0,0.8188838898772977
Myeloid M1 macrophages_stromal_pCREB,2569.0,0.8189889104856449
CD4 T cells naive_stromal_pCREB,2457.0,0.8220999664999384
Myeloid M2 macrophages_stromal_Ki67,2568.0,0.8221659621143272
Myeloid DCs_stromal_CD36,2457.5,0.8236739836407408
Myeloid M1 macrophages_tumorfront_pNFkB,2567.5,0.8237565037850141
CD4 T cells memory_tumorfront_pMAPKAPK2,2565.5,0.830121892999736
CD4 T cells memory_stromal_aggregatedNeighbors.Myeloid.DCs,2460.0,0.8311733545020328
CD4 T cells memory_tumorfront_Ki67,2564.5,0.8333097117057023
Myeloid M2 macrophages_intratumor_cellfrequency,2464.0,0.8363801363846333
CD4 T cells memory_tumorfront_aggregatedNeighbors.Myeloid.M2.macrophages,2563.0,0.8370715822671497
B cells_tumorfront_aggregatedNeighbors.Vessel,2561.5,0.8394959269262006
Tumor non-proliferating_stromal_pSTAT3,2463.0,0.8411411223338073
Vessel_stromal_pp38,2562.0,0.8412929519600153
CD4 T cells naive_tumorfront_aggregatedNeighbors.B.cells,2466.0,0.8443177279262264
Myeloid Monocytes_tumorfront_eccentricity,2464.5,0.8460879049466936
CD4 T cells naive_stromal_GranzymeB,2560.0,0.8476324234489385
Tumor non-proliferating_tumorfront_CD44,2465.0,0.8476898359718075
Myeloid M1 macrophages_tumorfront_E-Cadherin,2560.0,0.8476898359718075
Vessel_stromal_GranzymeB,2466.0,0.8508920722930482
CD4 T cells memory_tumorfront_aggregatedNeighbors.Fibroblasts,2467.0,0.8540395967790162
Myeloid Monocytes_stromal_pNFkB,2558.0,0.8540966183104786
Myeloid M2 macrophages_tumorfront_pCREB,2557.0,0.8572955920276246
Vessel_stromal_pNFkB,2468.0,0.857303875842762
CD4 T cells memory_tumorfront_aggregatedNeighbors.Myeloid.M1.macrophages,2468.5,0.8586870528583788
Tumor proliferating_tumorfront_aggregatedNeighbors.Myeloid.DCs,2471.0,0.8610325607889772
CD4 T cells regulatory_stromal_aggregatedNeighbors.Myeloid.DCs,2554.0,0.8615115415020691
Vessel_stromal_aggregatedNeighbors.Tumor.non.proliferating,2469.5,0.8617064717422414
CD8 T cells_intratumor_aggregatedNeighbors.Tumor.non.proliferating,2554.5,0.8649537488649433
Myeloid DCs_tumorfront_pMAPKAPK2,2553.0,0.8698440999285629
CD8 T cells_stromal_aggregatedNeighbors.Myeloid.Monocytes,2553.0,0.8699626406304928
Fibroblasts_tumorfront_aggregatedNeighbors.B.cells,2551.5,0.8718910822151769
Myeloid M2 macrophages_tumorfront_pNFkB,2552.0,0.8733663610407162
Myeloid M1 macrophages_stromal_eccentricity,2473.0,0.8733737290019297
CD4 T cells regulatory_tumorfront_aggregatedNeighbors.Tumor.non.proliferating,2551.0,0.8757545273248708
Myeloid DCs_tumorfront_eccentricity,2551.0,0.8762981196068341
B cells_tumorfront_aggregatedNeighbors.CD4.T.cells.regulatory,2478.0,0.8784396982851271
Vessel_tumorfront_pNFkB,2550.0,0.8798167133283222
CD4 T cells memory_tumorfront_aggregatedNeighbors.Myeloid.Monocytes,2549.5,0.8810570196613897
Myeloid Granulocytes_stromal_VEGF,2548.0,0.8862586683499292
Tumor non-proliferating_intratumor_pERK,2477.0,0.8862676646377377
Myeloid Monocytes_tumorfront_pS6,2547.5,0.8878803142006728
Myeloid M2 macrophages_tumorfront_pMAPKAPK2,2479.0,0.8927199043902271
CD4 T cells regulatory_stromal_Ki67,2545.0,0.8958821475066806
Vessel_stromal_E-Cadherin,2482.0,0.9024271281625499
CD8 T cells_stromal_pCREB,2482.5,0.9040444127979912
Myeloid Monocytes_intratumor_cellfrequency,2484.0,0.9058768027015058
Myeloid Monocytes_stromal_aggregatedNeighbors.B.cells,2539.5,0.9130036838515267
Myeloid Monocytes_tumorfront_cellfrequency,2486.5,0.9170045336642523
Myeloid Monocytes_tumorfront_aggregatedNeighbors.Myeloid.M2.macrophages,2488.5,0.9228458245326355
CD8 T cells_stromal_aggregatedNeighbors.Myeloid.DCs,2536.5,0.9231012655306099
B cells_stromal_pS6,2489.0,0.9250609718515311
Vessel_tumorfront_GranzymeB,2535.0,0.9283637924567931
Vessel_tumorfront_VEGF,2535.0,0.9283637924567931
Myeloid Monocytes_tumorfront_pMAPKAPK2,2490.5,0.9299868494864576
Myeloid Monocytes_stromal_Ki67,2491.0,0.93161166487149
Fibroblasts_tumorfront_pNFkB,2533.0,0.9348609624702551
B cells_stromal_aggregatedNeighbors.Myeloid.DCs,2532.0,0.9364220309606393
Myeloid Monocytes_tumorfront_aggregatedNeighbors.Fibroblasts,2494.0,0.9412549132832158
Myeloid M2 macrophages_tumorfront_pERK,2494.0,0.9413590391875974
Fibroblasts_tumorfront_Ki67,2531.0,0.9413624739457432
Myeloid Granulocytes_tumorfront_aggregatedNeighbors.Fibroblasts,2496.0,0.9471737559461326
CD4 T cells naive_stromal_aggregatedNeighbors.Myeloid.DCs,2496.0,0.9474856173068129
Myeloid Granulocytes_tumorfront_pERK,2496.5,0.9494429924336427
Tumor non-proliferating_intratumor_pMAPKAPK2,2498.0,0.9543767938371214
CD8 T cells_stromal_aggregatedNeighbors.Myeloid.M2.macrophages,2499.0,0.9576143938478866
Fibroblasts_stromal_GranzymeB,2526.0,0.9576324118199436
CD8 T cells_tumorfront_aggregatedNeighbors.Fibroblasts,2525.0,0.9608325582010051
Vessel_stromal_pSTAT3,2524.0,0.9641457141235134
Tumor non-proliferating_stromal_area,2501.5,0.965753157991863
Myeloid Granulocytes_tumorfront_eccentricity,2523.0,0.9673838151061076
Fibroblasts_stromal_aggregatedNeighbors.Fibroblasts,2523.0,0.9674032899365687
CD4 T cells memory_stromal_aggregatedNeighbors.Fibroblasts,2522.5,0.9690318636371945
Myeloid DCs_tumorfront_E-Cadherin,2505.0,0.977116655699616
CD4 T cells memory_tumorfront_pS6,2505.5,0.9788084889052991
CD4 T cells regulatory_stromal_pERK,2506.0,0.9804298778037163
Vessel_tumorfront_aggregatedNeighbors.B.cells,2507.0,0.983359587942682
Myeloid M1 macrophages_tumorfront_pMAPKAPK2,2507.0,0.9836982428624989
CD8 T cells_stromal_GranzymeB,2507.5,0.9853280709017532
CD4 T cells memory_tumorfront_pERK,2509.0,0.9902183051719124
Fibroblasts_stromal_pCREB,2509.0,0.9902185101486883
Tumor non-proliferating_stromal_aggregatedNeighbors.CD4.T.cells.naive,2514.5,0.9948565000932721
Myeloid Monocytes_tumorfront_pERK,2510.5,0.9951086814127026
Myeloid Granulocytes_tumorfront_aggregatedNeighbors.Tumor.proliferating,2514.0,0.9966401451068978
Myeloid DCs_stromal_pS6,2514.0,0.9967381865020846
Vessel_stromal_aggregatedNeighbors.Fibroblasts,2514.0,0.9967394307837298
CD4 T cells memory_stromal_aggregatedNeighbors.B.cells,2513.0,1.0
CD4 T cells naive_intratumor_cellfrequency,,
CD4 T cells memory_intratumor_cellfrequency,,
CD4 T cells regulatory_intratumor_cellfrequency,,
