,Mann-Whitney U-test,p-value
Myeloid M2 macrophages_tumorfront_aggregatedNeighbors.Tumor.non.proliferating,1574.0,0.00012563988622765027
Myeloid Monocytes_tumorfront_aggregatedNeighbors.Tumor.non.proliferating,1578.0,0.000134665483662413
Myeloid M2 macrophages_tumorfront_aggregatedNeighbors.CD8.T.cells,3394.0,0.0003055012926988725
Myeloid M2 macrophages_tumorfront_aggregatedNeighbors.CD4.T.cells.memory,3386.0,0.00034324156272505697
CD4 T cells naive_tumorfront_aggregatedNeighbors.CD8.T.cells,3358.5,0.0005015034857037716
CD8 T cells_intratumor_aggregatedNeighbors.CD8.T.cells,3353.5,0.0005249731768989395
Myeloid Monocytes_stromal_aggregatedNeighbors.CD4.T.cells.memory,3358.5,0.0005443073469718184
Vessel_tumorfront_aggregatedNeighbors.CD4.T.cells.memory,3343.5,0.0006888482824392769
Myeloid M1 macrophages_tumorfront_aggregatedNeighbors.Tumor.non.proliferating,1682.0,0.0006941769251043943
Tumor non-proliferating_tumorfront_aggregatedNeighbors.Tumor.non.proliferating,1689.0,0.0007704082418324413
CD4 T cells regulatory_tumorfront_aggregatedNeighbors.CD8.T.cells,3297.5,0.0011035670993165257
Myeloid Granulocytes_tumorfront_aggregatedNeighbors.CD4.T.cells.memory,3292.5,0.0012463101405799817
Myeloid DCs_tumorfront_aggregatedNeighbors.CD8.T.cells,3279.0,0.0015558726874766874
Vessel_stromal_aggregatedNeighbors.CD4.T.cells.memory,3278.5,0.0017584800208456446
Vessel_tumorfront_aggregatedNeighbors.Tumor.non.proliferating,1754.0,0.0019509760733410842
Myeloid M1 macrophages_tumorfront_aggregatedNeighbors.CD4.T.cells.memory,3269.5,0.0019669485435102993
Myeloid Monocytes_tumorfront_aggregatedNeighbors.CD8.T.cells,3264.5,0.002010528345324146
Myeloid DCs_stromal_aggregatedNeighbors.CD4.T.cells.naive,3240.5,0.002755627551506205
CD4 T cells memory_tumorfront_aggregatedNeighbors.Tumor.non.proliferating,1780.0,0.0027709014777429863
CD4 T cells memory_tumorfront_aggregatedNeighbors.CD8.T.cells,3240.0,0.0029087437873637125
CD8 T cells_tumorfront_aggregatedNeighbors.CD8.T.cells,3240.0,0.002951857179439227
Myeloid M2 macrophages_stromal_aggregatedNeighbors.CD4.T.cells.memory,3239.0,0.0029846025003060815
Myeloid M2 macrophages_stromal_aggregatedNeighbors.CD8.T.cells,3202.5,0.004793911007270988
Fibroblasts_stromal_aggregatedNeighbors.CD8.T.cells,3192.5,0.005489068183902374
CD4 T cells regulatory_stromal_aggregatedNeighbors.Vessel,1841.5,0.006053948788428369
CD4 T cells memory_stromal_aggregatedNeighbors.CD8.T.cells,3181.0,0.006316047919250933
Tumor non-proliferating_tumorfront_aggregatedNeighbors.Tumor.proliferating,3177.5,0.0066170403291817385
Tumor proliferating_tumorfront_aggregatedNeighbors.Tumor.non.proliferating,1852.0,0.006992595962732331
Vessel_tumorfront_aggregatedNeighbors.CD8.T.cells,3168.0,0.007428050283746641
Fibroblasts_stromal_aggregatedNeighbors.CD4.T.cells.naive,3166.0,0.0075468855090217585
CD4 T cells memory_tumorfront_aggregatedNeighbors.CD4.T.cells.memory,3164.5,0.007616121470943622
CD8 T cells_stromal_aggregatedNeighbors.Vessel,1860.0,0.007710849410035853
Myeloid DCs_stromal_aggregatedNeighbors.Vessel,1861.5,0.007751546682055891
Myeloid M2 macrophages_tumorfront_aggregatedNeighbors.CD4.T.cells.regulatory,3140.0,0.008352293173478308
Myeloid DCs_tumorfront_aggregatedNeighbors.CD4.T.cells.memory,3143.5,0.009111334256659753
Myeloid Granulocytes_tumorfront_aggregatedNeighbors.CD8.T.cells,3138.5,0.009131605036436273
CD8 T cells_stromal_aggregatedNeighbors.CD4.T.cells.naive,3147.5,0.009340519215878126
CD4 T cells naive_stromal_aggregatedNeighbors.CD4.T.cells.naive,3146.0,0.009438317586347356
B cells_tumorfront_aggregatedNeighbors.Tumor.proliferating,3099.5,0.009891411179827196
Myeloid M1 macrophages_tumorfront_aggregatedNeighbors.CD8.T.cells,3140.0,0.010315284448223792
Myeloid M1 macrophages_stromal_aggregatedNeighbors.CD4.T.cells.naive,3129.5,0.011655987711808435
CD4 T cells naive_stromal_aggregatedNeighbors.CD8.T.cells,3126.0,0.012057165532099201
CD4 T cells memory_stromal_aggregatedNeighbors.CD4.T.cells.memory,3127.0,0.012077996114729933
Myeloid M2 macrophages_tumorfront_aggregatedNeighbors.CD4.T.cells.naive,3116.5,0.013142806488592212
Fibroblasts_stromal_aggregatedNeighbors.CD4.T.cells.memory,3117.0,0.013574975901800209
Fibroblasts_tumorfront_aggregatedNeighbors.Tumor.non.proliferating,1910.5,0.013968683133756925
Myeloid Granulocytes_stromal_aggregatedNeighbors.CD4.T.cells.memory,3104.5,0.015456102687553923
Tumor proliferating_tumorfront_aggregatedNeighbors.CD8.T.cells,3097.5,0.016504615682798065
Myeloid Granulocytes_stromal_aggregatedNeighbors.Tumor.non.proliferating,1956.5,0.016768157799986808
Fibroblasts_tumorfront_aggregatedNeighbors.Myeloid.M2.macrophages,3097.5,0.016816228485905044
CD8 T cells_tumorfront_aggregatedNeighbors.CD4.T.cells.memory,3096.5,0.016917898810761643
Fibroblasts_tumorfront_aggregatedNeighbors.CD8.T.cells,3095.5,0.017212075710156052
CD8 T cells_stromal_aggregatedNeighbors.CD8.T.cells,3095.0,0.017342741636590553
CD8 T cells_tumorfront_aggregatedNeighbors.CD4.T.cells.regulatory,3082.0,0.01805791786880163
Tumor proliferating_intratumor_aggregatedNeighbors.CD8.T.cells,3078.0,0.01861274679497051
Myeloid Monocytes_tumorfront_aggregatedNeighbors.Tumor.proliferating,3071.5,0.02077830224574469
Myeloid DCs_tumorfront_aggregatedNeighbors.Tumor.non.proliferating,1952.0,0.021481615671086987
Vessel_stromal_aggregatedNeighbors.CD4.T.cells.naive,3069.0,0.022999411590195543
Myeloid Granulocytes_tumorfront_aggregatedNeighbors.CD4.T.cells.regulatory,3039.5,0.02306236510733801
Tumor non-proliferating_tumorfront_aggregatedNeighbors.CD8.T.cells,3062.0,0.0248459906355149
Fibroblasts_tumorfront_aggregatedNeighbors.CD4.T.cells.memory,3052.0,0.027579509286680497
Myeloid M2 macrophages_stromal_aggregatedNeighbors.CD4.T.cells.regulatory,3043.0,0.027975170811180068
Vessel_stromal_aggregatedNeighbors.CD8.T.cells,3050.0,0.028201099810111967
CD4 T cells memory_stromal_aggregatedNeighbors.Myeloid.M1.macrophages,1975.5,0.028292172567806688
CD8 T cells_stromal_aggregatedNeighbors.Myeloid.M1.macrophages,1978.5,0.02917971636911335
CD4 T cells memory_tumorfront_aggregatedNeighbors.CD4.T.cells.regulatory,3041.5,0.02920288230402925
Myeloid DCs_stromal_aggregatedNeighbors.CD8.T.cells,3043.5,0.029384761289107747
CD8 T cells_tumorfront_aggregatedNeighbors.Tumor.proliferating,3041.0,0.03034837293458031
Vessel_tumorfront_aggregatedNeighbors.Tumor.proliferating,3038.5,0.0315762923937015
Fibroblasts_tumorfront_aggregatedNeighbors.Vessel,1986.5,0.03175491508795007
Myeloid DCs_tumorfront_aggregatedNeighbors.Myeloid.M1.macrophages,3023.0,0.0348754842943931
CD4 T cells naive_stromal_aggregatedNeighbors.CD4.T.cells.memory,3026.0,0.035912034968531265
CD4 T cells regulatory_stromal_aggregatedNeighbors.CD8.T.cells,3021.5,0.036994815757892395
CD4 T cells naive_stromal_aggregatedNeighbors.Myeloid.M1.macrophages,2008.5,0.039429443496750295
Myeloid M1 macrophages_tumorfront_aggregatedNeighbors.CD4.T.cells.regulatory,3003.5,0.040033211724825546
CD8 T cells_stromal_aggregatedNeighbors.CD4.T.cells.regulatory,3010.0,0.041513201365237486
Myeloid Monocytes_stromal_aggregatedNeighbors.CD4.T.cells.naive,3010.0,0.04169000777476169
Fibroblasts_stromal_aggregatedNeighbors.Myeloid.M1.macrophages,2015.5,0.04245982131573125
CD4 T cells naive_tumorfront_aggregatedNeighbors.CD4.T.cells.memory,3003.0,0.04353103118558232
Myeloid Monocytes_stromal_aggregatedNeighbors.CD8.T.cells,3006.5,0.04355723560956323
Myeloid Monocytes_stromal_aggregatedNeighbors.Vessel,2019.5,0.044144885678563166
Myeloid M1 macrophages_stromal_aggregatedNeighbors.CD8.T.cells,3000.5,0.04625806890797151
Myeloid Monocytes_tumorfront_aggregatedNeighbors.CD4.T.cells.memory,2998.0,0.04656453954452928
Tumor non-proliferating_stromal_aggregatedNeighbors.Myeloid.Granulocytes,2050.5,0.047300000378792305
Myeloid Monocytes_tumorfront_aggregatedNeighbors.CD4.T.cells.regulatory,2982.0,0.04745252439236148
Tumor proliferating_tumorfront_aggregatedNeighbors.CD4.T.cells.memory,2993.0,0.04755829454590025
Myeloid DCs_stromal_aggregatedNeighbors.CD4.T.cells.memory,2994.5,0.04848391504174008
Tumor non-proliferating_tumorfront_aggregatedNeighbors.Vessel,2030.0,0.04887173340027464
Myeloid DCs_tumorfront_aggregatedNeighbors.Myeloid.Granulocytes,2981.0,0.04904877841936857
CD4 T cells memory_stromal_aggregatedNeighbors.CD4.T.cells.naive,2989.5,0.05136478232130173
Tumor non-proliferating_stromal_aggregatedNeighbors.Myeloid.Monocytes,2056.0,0.052190546589784295
Vessel_stromal_aggregatedNeighbors.Vessel,2038.0,0.05274354847854747
CD4 T cells regulatory_tumorfront_aggregatedNeighbors.Tumor.proliferating,2961.0,0.054174564384279776
Myeloid M2 macrophages_tumorfront_aggregatedNeighbors.Vessel,2044.0,0.055714331734106094
CD8 T cells_stromal_aggregatedNeighbors.CD4.T.cells.memory,2980.0,0.05621805316882274
Myeloid Monocytes_tumorfront_aggregatedNeighbors.Myeloid.Granulocytes,2971.0,0.05744440888780562
CD4 T cells naive_tumorfront_aggregatedNeighbors.Myeloid.M2.macrophages,2973.0,0.05849594804871272
Myeloid Granulocytes_tumorfront_aggregatedNeighbors.Myeloid.M2.macrophages,2967.0,0.058805589611038454
Fibroblasts_stromal_aggregatedNeighbors.Myeloid.M2.macrophages,2973.0,0.06013113384214067
B cells_stromal_aggregatedNeighbors.Fibroblasts,2970.5,0.06100814787973079
Vessel_tumorfront_aggregatedNeighbors.CD4.T.cells.regulatory,2968.5,0.061183752296080474
Myeloid M1 macrophages_tumorfront_aggregatedNeighbors.Myeloid.DCs,2959.5,0.06473834757726069
Myeloid Granulocytes_tumorfront_aggregatedNeighbors.Myeloid.DCs,2945.0,0.06898000677380428
CD4 T cells memory_tumorfront_aggregatedNeighbors.CD4.T.cells.naive,2954.5,0.0693191940858717
Myeloid M2 macrophages_stromal_aggregatedNeighbors.CD4.T.cells.naive,2949.5,0.07420253273211722
Tumor non-proliferating_tumorfront_aggregatedNeighbors.CD4.T.cells.regulatory,2945.0,0.0750909665995102
Fibroblasts_stromal_aggregatedNeighbors.Vessel,2077.0,0.07546268420865133
Myeloid Granulocytes_stromal_aggregatedNeighbors.B.cells,2084.5,0.07590613296823365
Fibroblasts_stromal_aggregatedNeighbors.B.cells,2943.0,0.07837271125081834
CD4 T cells regulatory_tumorfront_aggregatedNeighbors.CD4.T.cells.memory,2938.0,0.07844636212894113
Tumor proliferating_tumorfront_aggregatedNeighbors.Vessel,2082.5,0.07898657787031366
Myeloid M2 macrophages_tumorfront_aggregatedNeighbors.Tumor.proliferating,2932.0,0.0827616823941531
CD4 T cells memory_stromal_aggregatedNeighbors.Vessel,2089.5,0.08424374257231752
Fibroblasts_tumorfront_aggregatedNeighbors.Tumor.proliferating,2931.0,0.08623987762785414
Tumor non-proliferating_intratumor_aggregatedNeighbors.CD8.T.cells,2931.0,0.08714478795304485
Myeloid M2 macrophages_stromal_aggregatedNeighbors.Myeloid.M1.macrophages,2093.5,0.08715837910480406
Myeloid Granulocytes_tumorfront_aggregatedNeighbors.Vessel,2095.0,0.08775291888062225
Myeloid M1 macrophages_stromal_aggregatedNeighbors.CD4.T.cells.memory,2930.5,0.08785421172568539
B cells_stromal_aggregatedNeighbors.Myeloid.Granulocytes,2101.5,0.08786744185304741
Tumor non-proliferating_tumorfront_aggregatedNeighbors.Myeloid.M1.macrophages,2096.5,0.08951298710550042
Tumor proliferating_tumorfront_aggregatedNeighbors.Myeloid.Monocytes,2922.5,0.08999518700584797
CD4 T cells regulatory_tumorfront_aggregatedNeighbors.Myeloid.Monocytes,2904.5,0.09872401832122837
Fibroblasts_tumorfront_aggregatedNeighbors.CD4.T.cells.regulatory,2909.0,0.09964088964400968
Tumor proliferating_intratumor_aggregatedNeighbors.Tumor.non.proliferating,2110.0,0.10031634610601242
CD4 T cells memory_tumorfront_aggregatedNeighbors.Vessel,2111.0,0.10124824845856717
Myeloid M2 macrophages_stromal_aggregatedNeighbors.Vessel,2112.0,0.10212260137242109
Myeloid Granulocytes_stromal_aggregatedNeighbors.Myeloid.M1.macrophages,2114.0,0.10288866661078674
CD4 T cells memory_tumorfront_aggregatedNeighbors.Myeloid.Granulocytes,2903.0,0.1064127490391965
Tumor non-proliferating_stromal_aggregatedNeighbors.Vessel,2118.5,0.10647471423205052
Myeloid M1 macrophages_tumorfront_aggregatedNeighbors.CD4.T.cells.naive,2903.5,0.10857059288899343
B cells_stromal_aggregatedNeighbors.CD4.T.cells.naive,2904.0,0.10865373758738066
Myeloid DCs_tumorfront_aggregatedNeighbors.Tumor.proliferating,2888.0,0.10930346846964678
Tumor proliferating_tumorfront_aggregatedNeighbors.Tumor.proliferating,2904.0,0.10981814580823654
Myeloid Granulocytes_stromal_aggregatedNeighbors.Fibroblasts,2904.0,0.10993632113771167
Tumor non-proliferating_stromal_aggregatedNeighbors.CD8.T.cells,2892.5,0.1108367741869449
Myeloid Granulocytes_tumorfront_aggregatedNeighbors.Myeloid.M1.macrophages,2891.5,0.11865849683073927
Myeloid M1 macrophages_stromal_aggregatedNeighbors.Vessel,2131.5,0.11996178644850058
B cells_stromal_aggregatedNeighbors.Myeloid.M1.macrophages,2133.0,0.1202104636547912
Fibroblasts_stromal_aggregatedNeighbors.Tumor.non.proliferating,2136.0,0.12158994519257947
Myeloid M1 macrophages_stromal_aggregatedNeighbors.Myeloid.Granulocytes,2134.5,0.12180421854336057
Vessel_tumorfront_aggregatedNeighbors.CD4.T.cells.naive,2890.0,0.12209691327257545
Vessel_tumorfront_aggregatedNeighbors.Myeloid.M2.macrophages,2888.0,0.1253643223459019
CD4 T cells regulatory_stromal_aggregatedNeighbors.B.cells,2877.0,0.12905372106376095
Tumor non-proliferating_intratumor_aggregatedNeighbors.Tumor.non.proliferating,2143.0,0.1315726605082971
Fibroblasts_tumorfront_aggregatedNeighbors.Myeloid.DCs,2876.0,0.13195333624447658
Myeloid Granulocytes_tumorfront_aggregatedNeighbors.Myeloid.Monocytes,2875.5,0.13324312265704363
CD4 T cells regulatory_tumorfront_aggregatedNeighbors.Myeloid.M2.macrophages,2860.5,0.14114708739639026
Fibroblasts_tumorfront_aggregatedNeighbors.CD4.T.cells.naive,2870.0,0.14206180233064
Fibroblasts_stromal_aggregatedNeighbors.Myeloid.Monocytes,2870.0,0.14450089587596035
B cells_stromal_aggregatedNeighbors.B.cells,2860.5,0.1531367900945731
Vessel_stromal_aggregatedNeighbors.Myeloid.M1.macrophages,2163.0,0.1538088746781644
Myeloid Monocytes_tumorfront_aggregatedNeighbors.Vessel,2166.5,0.1577566766895171
Myeloid M1 macrophages_tumorfront_aggregatedNeighbors.Tumor.proliferating,2855.0,0.15818787801696388
B cells_stromal_aggregatedNeighbors.CD8.T.cells,2856.0,0.15987431655024487
Vessel_tumorfront_aggregatedNeighbors.Vessel,2172.0,0.16470512823355854
Myeloid DCs_tumorfront_aggregatedNeighbors.B.cells,2832.0,0.1648582414325117
CD4 T cells regulatory_stromal_aggregatedNeighbors.CD4.T.cells.regulatory,2839.5,0.16555115740434867
Fibroblasts_tumorfront_aggregatedNeighbors.Myeloid.Granulocytes,2844.0,0.17078578115405496
Myeloid M2 macrophages_tumorfront_aggregatedNeighbors.Myeloid.Granulocytes,2840.5,0.1717356819195065
Myeloid DCs_stromal_aggregatedNeighbors.Tumor.non.proliferating,2198.5,0.17201102321477502
Fibroblasts_tumorfront_aggregatedNeighbors.Myeloid.M1.macrophages,2179.5,0.17409373422804753
CD4 T cells naive_tumorfront_aggregatedNeighbors.Myeloid.DCs,2835.0,0.175648762551189
Myeloid M1 macrophages_tumorfront_aggregatedNeighbors.Myeloid.M2.macrophages,2843.0,0.17613112119040342
CD4 T cells regulatory_stromal_aggregatedNeighbors.Tumor.non.proliferating,2207.0,0.1770726218436932
CD8 T cells_intratumor_aggregatedNeighbors.Tumor.proliferating,2837.5,0.1782620909330308
Myeloid DCs_tumorfront_aggregatedNeighbors.CD4.T.cells.naive,2831.5,0.18002399083905174
CD8 T cells_tumorfront_aggregatedNeighbors.Myeloid.M2.macrophages,2837.5,0.18349321794468754
Myeloid Granulocytes_tumorfront_aggregatedNeighbors.B.cells,2812.0,0.18455930604446913
Tumor proliferating_intratumor_aggregatedNeighbors.Tumor.proliferating,2837.0,0.184894158035936
Myeloid Monocytes_stromal_aggregatedNeighbors.Tumor.non.proliferating,2203.5,0.18758693028045892
CD4 T cells memory_tumorfront_aggregatedNeighbors.Tumor.proliferating,2831.0,0.1885679676604718
Tumor non-proliferating_stromal_aggregatedNeighbors.Myeloid.M2.macrophages,2825.5,0.1895587005491315
CD8 T cells_tumorfront_aggregatedNeighbors.Vessel,2193.0,0.19228892226086658
CD4 T cells naive_tumorfront_aggregatedNeighbors.CD4.T.cells.naive,2823.0,0.19490182087890184
B cells_tumorfront_aggregatedNeighbors.CD8.T.cells,2823.0,0.19560778644907106
Myeloid Monocytes_stromal_aggregatedNeighbors.CD4.T.cells.regulatory,2823.5,0.19609742765835858
Myeloid M2 macrophages_stromal_aggregatedNeighbors.Myeloid.M2.macrophages,2828.0,0.19750821778327943
Fibroblasts_stromal_aggregatedNeighbors.CD4.T.cells.regulatory,2827.0,0.19848456614638443
Tumor non-proliferating_tumorfront_aggregatedNeighbors.CD4.T.cells.memory,2826.5,0.2000930278945393
CD4 T cells naive_stromal_aggregatedNeighbors.Fibroblasts,2819.0,0.21057782813778958
CD8 T cells_tumorfront_aggregatedNeighbors.CD4.T.cells.naive,2817.0,0.21185188718447834
Tumor non-proliferating_stromal_aggregatedNeighbors.Tumor.non.proliferating,2212.5,0.21203477990478137
Myeloid Granulocytes_tumorfront_aggregatedNeighbors.Tumor.non.proliferating,2208.5,0.21264842477787294
CD4 T cells regulatory_stromal_aggregatedNeighbors.Myeloid.M1.macrophages,2212.5,0.2169415550453273
Myeloid DCs_tumorfront_aggregatedNeighbors.CD4.T.cells.regulatory,2799.0,0.21949137818598463
CD4 T cells naive_tumorfront_aggregatedNeighbors.CD4.T.cells.regulatory,2800.0,0.22072959370797318
Myeloid M1 macrophages_tumorfront_aggregatedNeighbors.Myeloid.Granulocytes,2807.0,0.22553245610689898
Myeloid M1 macrophages_stromal_aggregatedNeighbors.Tumor.non.proliferating,2221.0,0.22696537002077066
CD4 T cells regulatory_tumorfront_aggregatedNeighbors.Myeloid.M1.macrophages,2800.5,0.22909296954230696
Tumor proliferating_tumorfront_aggregatedNeighbors.CD4.T.cells.regulatory,2790.5,0.23005603250996898
Myeloid M2 macrophages_tumorfront_aggregatedNeighbors.Myeloid.M2.macrophages,2802.0,0.23269603765542868
CD4 T cells regulatory_tumorfront_aggregatedNeighbors.CD4.T.cells.regulatory,2779.0,0.24077407080047364
Tumor non-proliferating_stromal_aggregatedNeighbors.CD4.T.cells.regulatory,2248.5,0.24255610222653978
CD4 T cells naive_tumorfront_aggregatedNeighbors.Vessel,2231.0,0.2491679266961312
CD4 T cells regulatory_stromal_aggregatedNeighbors.CD4.T.cells.memory,2785.0,0.26486428724540345
Myeloid M2 macrophages_stromal_aggregatedNeighbors.Myeloid.DCs,2243.0,0.26652478954436554
Myeloid Granulocytes_stromal_aggregatedNeighbors.Myeloid.M2.macrophages,2779.0,0.2723238717665005
Tumor non-proliferating_stromal_aggregatedNeighbors.CD4.T.cells.memory,2253.0,0.27993550736491246
Myeloid Granulocytes_stromal_aggregatedNeighbors.Myeloid.Granulocytes,2251.0,0.2813663594632464
CD8 T cells_tumorfront_aggregatedNeighbors.B.cells,2771.0,0.2829806965987095
Myeloid M1 macrophages_tumorfront_aggregatedNeighbors.B.cells,2258.0,0.28547656799184995
CD8 T cells_tumorfront_aggregatedNeighbors.Myeloid.Granulocytes,2768.0,0.28804455918677474
B cells_stromal_aggregatedNeighbors.Myeloid.Monocytes,2256.0,0.29111465036791495
Tumor non-proliferating_tumorfront_aggregatedNeighbors.B.cells,2762.0,0.2986693332268384
CD8 T cells_stromal_aggregatedNeighbors.Tumor.non.proliferating,2759.0,0.29907595442239776
CD4 T cells naive_tumorfront_aggregatedNeighbors.Tumor.non.proliferating,2260.0,0.3009598720599964
Myeloid DCs_stromal_aggregatedNeighbors.Myeloid.M1.macrophages,2260.5,0.30229174263201875
Vessel_stromal_aggregatedNeighbors.Myeloid.DCs,2264.0,0.3098075210258474
Vessel_stromal_aggregatedNeighbors.B.cells,2754.0,0.3241702719871393
B cells_tumorfront_aggregatedNeighbors.Myeloid.Granulocytes,2734.5,0.32479605878127094
Myeloid DCs_stromal_aggregatedNeighbors.CD4.T.cells.regulatory,2741.5,0.33160227309375767
CD8 T cells_tumorfront_aggregatedNeighbors.Tumor.non.proliferating,2274.5,0.33170877563860124
B cells_stromal_aggregatedNeighbors.CD4.T.cells.memory,2748.5,0.33476574065956066
CD8 T cells_stromal_aggregatedNeighbors.Myeloid.Granulocytes,2278.0,0.3365075999715734
CD4 T cells naive_tumorfront_aggregatedNeighbors.Myeloid.M1.macrophages,2284.0,0.34875809992830487
Myeloid M2 macrophages_stromal_aggregatedNeighbors.Myeloid.Granulocytes,2287.0,0.3534462054328269
Tumor non-proliferating_stromal_aggregatedNeighbors.Myeloid.M1.macrophages,2289.0,0.3556523865396004
Tumor non-proliferating_tumorfront_aggregatedNeighbors.CD4.T.cells.naive,2737.5,0.35640292053981637
CD4 T cells naive_tumorfront_aggregatedNeighbors.Tumor.proliferating,2731.0,0.3570095458960455
Tumor proliferating_tumorfront_aggregatedNeighbors.CD4.T.cells.naive,2729.0,0.3595625029516849
Tumor proliferating_tumorfront_aggregatedNeighbors.Fibroblasts,2292.0,0.3664904263307023
Myeloid Monocytes_tumorfront_aggregatedNeighbors.CD4.T.cells.naive,2729.5,0.367651151623013
CD4 T cells naive_stromal_aggregatedNeighbors.B.cells,2732.0,0.36885862404916236
CD4 T cells regulatory_stromal_aggregatedNeighbors.CD4.T.cells.naive,2730.0,0.37144459453065026
Vessel_tumorfront_aggregatedNeighbors.Myeloid.M1.macrophages,2295.0,0.37519359580609934
Myeloid DCs_tumorfront_aggregatedNeighbors.Fibroblasts,2726.0,0.3766839768441177
Myeloid M1 macrophages_tumorfront_aggregatedNeighbors.Vessel,2298.5,0.3829354360081322
CD8 T cells_tumorfront_aggregatedNeighbors.Myeloid.Monocytes,2725.0,0.3831650171945644
Myeloid Monocytes_tumorfront_aggregatedNeighbors.Myeloid.Monocytes,2724.0,0.38449889312567564
Myeloid DCs_stromal_aggregatedNeighbors.B.cells,2720.5,0.3854233582184987
CD4 T cells memory_stromal_aggregatedNeighbors.Myeloid.Granulocytes,2302.0,0.3899762736867488
Myeloid M2 macrophages_stromal_aggregatedNeighbors.Myeloid.Monocytes,2302.5,0.3912044701476113
Vessel_stromal_aggregatedNeighbors.Myeloid.Granulocytes,2305.5,0.3986728722580598
CD4 T cells regulatory_tumorfront_aggregatedNeighbors.Myeloid.Granulocytes,2706.5,0.40562993802429403
B cells_stromal_aggregatedNeighbors.Tumor.non.proliferating,2702.0,0.40584535542551003
Myeloid Granulocytes_stromal_aggregatedNeighbors.CD4.T.cells.naive,2713.5,0.4096052067927245
Vessel_stromal_aggregatedNeighbors.CD4.T.cells.regulatory,2714.0,0.41008491697988014
Fibroblasts_stromal_aggregatedNeighbors.Myeloid.Granulocytes,2312.0,0.41361862343002553
Myeloid M1 macrophages_tumorfront_aggregatedNeighbors.Fibroblasts,2314.0,0.41824171963228796
CD4 T cells memory_stromal_aggregatedNeighbors.Myeloid.Monocytes,2709.5,0.4216191786652047
CD4 T cells memory_tumorfront_aggregatedNeighbors.B.cells,2703.0,0.42430699575555053
Myeloid Granulocytes_stromal_aggregatedNeighbors.CD4.T.cells.regulatory,2699.0,0.4338472425038826
Fibroblasts_stromal_aggregatedNeighbors.Myeloid.DCs,2322.5,0.43727702142683733
Vessel_tumorfront_aggregatedNeighbors.Myeloid.DCs,2701.0,0.43914552396739026
B cells_tumorfront_aggregatedNeighbors.Tumor.non.proliferating,2698.0,0.4402989171371898
Tumor non-proliferating_tumorfront_aggregatedNeighbors.Myeloid.Granulocytes,2700.0,0.4425755969177565
Vessel_stromal_aggregatedNeighbors.Myeloid.M2.macrophages,2697.0,0.45209648568158556
Myeloid Granulocytes_stromal_aggregatedNeighbors.Vessel,2330.5,0.4580898697322471
B cells_stromal_aggregatedNeighbors.Myeloid.M2.macrophages,2334.0,0.4654896701838568
CD8 T cells_tumorfront_aggregatedNeighbors.Myeloid.M1.macrophages,2335.0,0.4688994242660347
Myeloid Monocytes_stromal_aggregatedNeighbors.Myeloid.M1.macrophages,2337.5,0.475506245649608
Tumor non-proliferating_stromal_aggregatedNeighbors.Fibroblasts,2339.0,0.47557751501749623
Myeloid DCs_stromal_aggregatedNeighbors.Myeloid.DCs,2683.0,0.47565383473871736
B cells_stromal_aggregatedNeighbors.CD4.T.cells.regulatory,2683.0,0.4773726103223692
Myeloid M2 macrophages_tumorfront_aggregatedNeighbors.Fibroblasts,2683.5,0.48511580174802504
B cells_tumorfront_aggregatedNeighbors.Fibroblasts,2677.5,0.48612672566447446
CD4 T cells regulatory_tumorfront_aggregatedNeighbors.Fibroblasts,2346.0,0.4887369134156164
CD4 T cells memory_stromal_aggregatedNeighbors.Tumor.non.proliferating,2678.0,0.4931023731399943
Tumor non-proliferating_tumorfront_aggregatedNeighbors.Myeloid.M2.macrophages,2677.0,0.5025732065082458
Myeloid M1 macrophages_tumorfront_aggregatedNeighbors.Myeloid.Monocytes,2675.5,0.5058907504178096
Myeloid Monocytes_tumorfront_aggregatedNeighbors.Myeloid.M1.macrophages,2672.5,0.5135765461544279
Myeloid Granulocytes_tumorfront_aggregatedNeighbors.CD4.T.cells.naive,2668.0,0.5138590027995811
Myeloid DCs_stromal_aggregatedNeighbors.Fibroblasts,2353.5,0.5149450381842511
B cells_stromal_aggregatedNeighbors.Vessel,2353.5,0.5166108776175663
Vessel_tumorfront_aggregatedNeighbors.Fibroblasts,2356.0,0.5237949648578226
Tumor proliferating_tumorfront_aggregatedNeighbors.B.cells,2656.5,0.5263044176553769
Myeloid DCs_tumorfront_aggregatedNeighbors.Myeloid.Monocytes,2361.5,0.5319936937448958
CD4 T cells regulatory_stromal_aggregatedNeighbors.Myeloid.Monocytes,2661.5,0.536391251551142
Tumor proliferating_tumorfront_aggregatedNeighbors.Myeloid.Granulocytes,2658.5,0.5384921411962043
Myeloid M1 macrophages_stromal_aggregatedNeighbors.CD4.T.cells.regulatory,2363.5,0.5404894569602399
CD4 T cells regulatory_tumorfront_aggregatedNeighbors.B.cells,2649.5,0.5418054166822563
Myeloid DCs_stromal_aggregatedNeighbors.Myeloid.Granulocytes,2367.5,0.54838379673224
Myeloid Monocytes_tumorfront_aggregatedNeighbors.Myeloid.DCs,2367.5,0.5484262166694057
CD8 T cells_tumorfront_aggregatedNeighbors.Myeloid.DCs,2657.5,0.5512479463419531
CD4 T cells memory_stromal_aggregatedNeighbors.CD4.T.cells.regulatory,2657.0,0.5549920323345836
CD4 T cells naive_tumorfront_aggregatedNeighbors.Fibroblasts,2655.0,0.5579045017895121
CD4 T cells naive_stromal_aggregatedNeighbors.Myeloid.Granulocytes,2654.0,0.5621425903279476
B cells_tumorfront_aggregatedNeighbors.CD4.T.cells.memory,2646.5,0.5730792377051277
Fibroblasts_tumorfront_aggregatedNeighbors.Myeloid.Monocytes,2650.0,0.5752826924395825
CD4 T cells regulatory_stromal_aggregatedNeighbors.Myeloid.Granulocytes,2381.5,0.58200327435084
CD4 T cells naive_tumorfront_aggregatedNeighbors.Myeloid.Granulocytes,2643.0,0.5829214818792068
Myeloid Monocytes_stromal_aggregatedNeighbors.Myeloid.DCs,2382.5,0.5929797819691567
Tumor proliferating_tumorfront_aggregatedNeighbors.Myeloid.M1.macrophages,2384.0,0.595382345078876
B cells_tumorfront_aggregatedNeighbors.Myeloid.DCs,2634.5,0.5962449334705802
Myeloid DCs_stromal_aggregatedNeighbors.Myeloid.Monocytes,2641.0,0.5971261076471566
Myeloid Monocytes_stromal_aggregatedNeighbors.Myeloid.Monocytes,2383.5,0.598060059225426
B cells_tumorfront_aggregatedNeighbors.B.cells,2634.5,0.6067452394634241
CD4 T cells memory_tumorfront_aggregatedNeighbors.Myeloid.DCs,2390.5,0.6145450585004031
Tumor non-proliferating_stromal_aggregatedNeighbors.B.cells,2398.0,0.6160378027334856
Myeloid M2 macrophages_stromal_aggregatedNeighbors.Tumor.non.proliferating,2392.5,0.6167794020327678
CD4 T cells regulatory_stromal_aggregatedNeighbors.Myeloid.M2.macrophages,2633.0,0.6198061935707555
Myeloid Monocytes_tumorfront_aggregatedNeighbors.B.cells,2396.5,0.6231811978052227
CD4 T cells naive_stromal_aggregatedNeighbors.Myeloid.M2.macrophages,2632.5,0.6249521716727529
Myeloid M2 macrophages_tumorfront_aggregatedNeighbors.B.cells,2398.0,0.6264656987805755
Tumor non-proliferating_tumorfront_aggregatedNeighbors.Myeloid.Monocytes,2394.0,0.6295771448191618
Myeloid Granulocytes_stromal_aggregatedNeighbors.CD8.T.cells,2630.5,0.630033217474185
Myeloid M1 macrophages_tumorfront_aggregatedNeighbors.Myeloid.M1.macrophages,2395.5,0.6331943501697352
Myeloid M1 macrophages_stromal_aggregatedNeighbors.Fibroblasts,2397.5,0.6398478952104292
B cells_tumorfront_aggregatedNeighbors.CD4.T.cells.naive,2403.0,0.6400975293268572
Myeloid M1 macrophages_stromal_aggregatedNeighbors.B.cells,2625.5,0.6447554926971361
Myeloid M2 macrophages_tumorfront_aggregatedNeighbors.Myeloid.M1.macrophages,2624.5,0.6476167989941117
Myeloid DCs_tumorfront_aggregatedNeighbors.Myeloid.M2.macrophages,2618.5,0.660071314035978
CD4 T cells naive_tumorfront_aggregatedNeighbors.Myeloid.Monocytes,2407.5,0.6634028327412017
Tumor non-proliferating_stromal_aggregatedNeighbors.Myeloid.DCs,2414.0,0.6694223503800651
Myeloid Granulocytes_stromal_aggregatedNeighbors.Myeloid.DCs,2411.5,0.6758241569982204
CD4 T cells memory_stromal_aggregatedNeighbors.Myeloid.M2.macrophages,2615.0,0.6765879380213422
Myeloid M1 macrophages_stromal_aggregatedNeighbors.Myeloid.Monocytes,2608.5,0.6961168135521996
Myeloid M2 macrophages_tumorfront_aggregatedNeighbors.Myeloid.DCs,2419.5,0.6990312831304237
CD4 T cells regulatory_tumorfront_aggregatedNeighbors.Vessel,2606.0,0.7025454368888279
Myeloid M1 macrophages_stromal_aggregatedNeighbors.Myeloid.DCs,2420.0,0.7059506318345892
Tumor proliferating_tumorfront_aggregatedNeighbors.Myeloid.M2.macrophages,2603.5,0.7060191988091689
B cells_tumorfront_aggregatedNeighbors.Myeloid.M2.macrophages,2599.5,0.7094494336554074
Myeloid Monocytes_stromal_aggregatedNeighbors.Myeloid.Granulocytes,2422.5,0.7127983946010833
CD4 T cells naive_stromal_aggregatedNeighbors.Tumor.non.proliferating,2598.0,0.7139640676186726
Vessel_tumorfront_aggregatedNeighbors.Myeloid.Monocytes,2601.5,0.717544301229857
Myeloid M1 macrophages_stromal_aggregatedNeighbors.Myeloid.M2.macrophages,2600.5,0.7206333255056636
Vessel_stromal_aggregatedNeighbors.Myeloid.Monocytes,2425.5,0.7237189537947899
Myeloid M2 macrophages_tumorfront_aggregatedNeighbors.Myeloid.Monocytes,2597.0,0.7297233120368387
B cells_tumorfront_aggregatedNeighbors.Myeloid.Monocytes,2592.5,0.7330568673490561
Tumor non-proliferating_tumorfront_aggregatedNeighbors.Myeloid.DCs,2596.0,0.7332608290962743
CD4 T cells regulatory_tumorfront_aggregatedNeighbors.CD4.T.cells.naive,2593.0,0.734913746720508
CD4 T cells naive_stromal_aggregatedNeighbors.Myeloid.Monocytes,2594.0,0.7398649403040976
Myeloid Monocytes_stromal_aggregatedNeighbors.Fibroblasts,2593.5,0.7421535665851393
Fibroblasts_tumorfront_aggregatedNeighbors.Fibroblasts,2592.0,0.7468085966488793
Tumor non-proliferating_intratumor_aggregatedNeighbors.Tumor.proliferating,2589.0,0.7561208478135023
Myeloid DCs_stromal_aggregatedNeighbors.Myeloid.M2.macrophages,2437.0,0.756719473673828
Myeloid DCs_tumorfront_aggregatedNeighbors.Myeloid.DCs,2587.0,0.757312957094377
Myeloid M2 macrophages_stromal_aggregatedNeighbors.Fibroblasts,2588.0,0.7592267133545123
Myeloid DCs_tumorfront_aggregatedNeighbors.Vessel,2439.0,0.7641088197869389
Myeloid Granulocytes_tumorfront_aggregatedNeighbors.Myeloid.Granulocytes,2584.0,0.7670330984767137
Myeloid M1 macrophages_stromal_aggregatedNeighbors.Myeloid.M1.macrophages,2440.5,0.7700196368843183
CD4 T cells naive_stromal_aggregatedNeighbors.CD4.T.cells.regulatory,2441.0,0.7702125210901559
B cells_tumorfront_aggregatedNeighbors.Myeloid.M1.macrophages,2444.5,0.7745446456226182
Vessel_tumorfront_aggregatedNeighbors.Myeloid.Granulocytes,2582.5,0.7759671041860968
CD8 T cells_stromal_aggregatedNeighbors.Fibroblasts,2582.0,0.7779602462123238
Tumor non-proliferating_tumorfront_aggregatedNeighbors.Fibroblasts,2443.0,0.7779636445969148
CD4 T cells regulatory_tumorfront_aggregatedNeighbors.Myeloid.DCs,2578.5,0.7783189878103454
Myeloid Monocytes_stromal_aggregatedNeighbors.Myeloid.M2.macrophages,2581.5,0.7793492547180609
CD4 T cells regulatory_stromal_aggregatedNeighbors.Fibroblasts,2578.0,0.789993543583414
Myeloid Granulocytes_stromal_aggregatedNeighbors.Myeloid.Monocytes,2447.5,0.7909372882097336
CD8 T cells_stromal_aggregatedNeighbors.B.cells,2577.0,0.7930931610082259
Myeloid M2 macrophages_stromal_aggregatedNeighbors.B.cells,2572.0,0.8087709208279878
CD4 T cells naive_stromal_aggregatedNeighbors.Vessel,2456.0,0.8188838898772977
CD4 T cells memory_stromal_aggregatedNeighbors.Myeloid.DCs,2460.0,0.8311733545020328
CD4 T cells memory_tumorfront_aggregatedNeighbors.Myeloid.M2.macrophages,2563.0,0.8370715822671497
B cells_tumorfront_aggregatedNeighbors.Vessel,2561.5,0.8394959269262006
CD4 T cells naive_tumorfront_aggregatedNeighbors.B.cells,2466.0,0.8443177279262264
CD4 T cells memory_tumorfront_aggregatedNeighbors.Fibroblasts,2467.0,0.8540395967790162
CD4 T cells memory_tumorfront_aggregatedNeighbors.Myeloid.M1.macrophages,2468.5,0.8586870528583788
Tumor proliferating_tumorfront_aggregatedNeighbors.Myeloid.DCs,2471.0,0.8610325607889772
CD4 T cells regulatory_stromal_aggregatedNeighbors.Myeloid.DCs,2554.0,0.8615115415020691
Vessel_stromal_aggregatedNeighbors.Tumor.non.proliferating,2469.5,0.8617064717422414
CD8 T cells_intratumor_aggregatedNeighbors.Tumor.non.proliferating,2554.5,0.8649537488649433
CD8 T cells_stromal_aggregatedNeighbors.Myeloid.Monocytes,2553.0,0.8699626406304928
Fibroblasts_tumorfront_aggregatedNeighbors.B.cells,2551.5,0.8718910822151769
CD4 T cells regulatory_tumorfront_aggregatedNeighbors.Tumor.non.proliferating,2551.0,0.8757545273248708
B cells_tumorfront_aggregatedNeighbors.CD4.T.cells.regulatory,2478.0,0.8784396982851271
CD4 T cells memory_tumorfront_aggregatedNeighbors.Myeloid.Monocytes,2549.5,0.8810570196613897
Myeloid Monocytes_stromal_aggregatedNeighbors.B.cells,2539.5,0.9130036838515267
Myeloid Monocytes_tumorfront_aggregatedNeighbors.Myeloid.M2.macrophages,2488.5,0.9228458245326355
CD8 T cells_stromal_aggregatedNeighbors.Myeloid.DCs,2536.5,0.9231012655306099
B cells_stromal_aggregatedNeighbors.Myeloid.DCs,2532.0,0.9364220309606393
Myeloid Monocytes_tumorfront_aggregatedNeighbors.Fibroblasts,2494.0,0.9412549132832158
Myeloid Granulocytes_tumorfront_aggregatedNeighbors.Fibroblasts,2496.0,0.9471737559461326
CD4 T cells naive_stromal_aggregatedNeighbors.Myeloid.DCs,2496.0,0.9474856173068129
CD8 T cells_stromal_aggregatedNeighbors.Myeloid.M2.macrophages,2499.0,0.9576143938478866
CD8 T cells_tumorfront_aggregatedNeighbors.Fibroblasts,2525.0,0.9608325582010051
Fibroblasts_stromal_aggregatedNeighbors.Fibroblasts,2523.0,0.9674032899365687
CD4 T cells memory_stromal_aggregatedNeighbors.Fibroblasts,2522.5,0.9690318636371945
Vessel_tumorfront_aggregatedNeighbors.B.cells,2507.0,0.983359587942682
Tumor non-proliferating_stromal_aggregatedNeighbors.CD4.T.cells.naive,2514.5,0.9948565000932721
Myeloid Granulocytes_tumorfront_aggregatedNeighbors.Tumor.proliferating,2514.0,0.9966401451068978
Vessel_stromal_aggregatedNeighbors.Fibroblasts,2514.0,0.9967394307837298
CD4 T cells memory_stromal_aggregatedNeighbors.B.cells,2513.0,1.0
