,Fold selected features,Fold nb of features
Fold 0,"['ACE2', 'ACP5', 'ACTN4', 'ADAMTS13', 'ADAMTS15', 'ALPP', 'ANGPTL2', 'ANGPTL3', 'ANXA5', 'BAIAP2', 'CCL20', 'CCL7', 'CD164', 'CD276', 'CD63', 'CDHR1', 'CDHR2', 'CES2', 'CHI3L1', 'CLEC4C', 'CLUL1', 'CPA2', 'CRELD2', 'CRTAC1', 'DKKL1', 'DSG2', 'ENPP7', 'FABP1', 'FABP4', 'FASLG', 'FBP1', 'FCAR', 'FCGR2B', 'FCN2', 'FCRL5', 'FCRLB', 'FGF21', 'GDF15', 'GFRA2', 'GGT5', 'GH2', 'GPA33', 'HBQ1', 'HCLS1', 'HDGF', 'ICAM1', 'ICAM4', 'IGF2R', 'IGFBPL1', 'IL11', 'IL17A', 'IL1A', 'IL1RAP', 'IL2RB', 'IL33', 'KCNIP4', 'KIR2DL3', 'KLB', 'LAMA4', 'LGALS1', 'LRPAP1', 'LYPD1', 'LYPD8', 'MARCO', 'MDGA1', 'MET', 'MGMT', 'MUC13', 'MZB1', 'NCLN', 'NEFL', 'NINJ1', 'NOMO1', 'NOS1', 'NPTN', 'NPTXR', 'PAEP', 'PCOLCE', 'PDGFC', 'PDGFRA', 'PLAUR', 'PLIN1', 'PM20D1', 'PON3', 'PPY', 'PRKRA', 'PRSS8', 'PSIP1', 'RANGAP1', 'S100A16', 'SCARB1', 'SCGN', 'SCP2', 'SEZ6L2', 'SMOC2', 'SMPDL3A', 'SOST', 'SPINT1', 'SRP14', 'SSC5D', 'STC1', 'TDGF1', 'TFPI2', 'THPO', 'TLR3', 'TMPRSS5', 'TMSB10', 'TNFRSF11A', 'TNFRSF11B', 'TNFRSF4', 'TP53INP1', 'TPT1', 'TXLNA', 'TXNDC5', 'ULBP2', 'WFIKKN1', 'XPNPEP2']",117
Fold 1,"['CCL7', 'MZB1']",2
Fold 2,"['CCL7', 'CDCP1', 'CRTAC1', 'CXCL8', 'FOSB', 'LGALS1', 'MZB1', 'PON3', 'SIGLEC9', 'TNFRSF8']",10
Fold 3,"['ADAM15', 'ADAMTS13', 'ADAMTS16', 'AMY2A', 'AMY2B', 'ANXA3', 'AOC1', 'ASAH2', 'ATP6V1D', 'B4GAT1', 'BAIAP2', 'BCAN', 'BGN', 'BTC', 'CAPG', 'CCL15', 'CCL19', 'CCL20', 'CCL23', 'CD300C', 'CD63', 'CEACAM3', 'CELA3A', 'CES2', 'CHIT1', 'CNTN1', 'COLEC12', 'CPA2', 'CRTAC1', 'CSF1', 'CTSF', 'CTSH', 'CXCL8', 'DDC', 'DKKL1', 'DLL1', 'DPP6', 'FBP1', 'FCGR2B', 'FGF21', 'FOSB', 'FUCA1', 'GCG', 'GFRA2', 'GGT1', 'GNLY', 'GPC5', 'GZMH', 'HAVCR1', 'HLA-DRA', 'HPGDS', 'IGF2R', 'IL10', 'IL13', 'IL13RA1', 'IL16', 'IL1RAP', 'IL2', 'IL2RA', 'IL33', 'ILKAP', 'ISM1', 'KCNIP4', 'KLK12', 'KLK14', 'LAMA4', 'LILRB1', 'LY96', 'MDGA1', 'MET', 'MMP13', 'MSLN', 'MSTN', 'MTPN', 'MUC13', 'MZB1', 'NCLN', 'NPTN', 'NPY', 'OMG', 'PADI2', 'PCSK9', 'PIGR', 'PILRB', 'PLAUR', 'PM20D1', 'PROC', 'PRSS8', 'QPCT', 'RAB6B', 'RANGAP1', 'RARRES1', 'RBP2', 'RET', 'S100A11', 'S100P', 'SELPLG', 'SFTPA2', 'SIGLEC9', 'SMOC2', 'SPINK1', 'SPINK6', 'SPINT1', 'SPOCK1', 'SRP14', 'TDGF1', 'THBS2', 'TIGAR', 'TMPRSS5', 'TNC', 'TSHB', 'VWF', 'XPNPEP2', 'XRCC4']",114
Fold 4,"['ACAN', 'ACP6', 'ADAM15', 'ADAMTS13', 'APEX1', 'ASAH2', 'ATP6V1D', 'B4GAT1', 'BGN', 'BST1', 'C19orf12', 'CALB2', 'CASP1', 'CCL15', 'CCL19', 'CCL20', 'CD5', 'CD63', 'CDHR1', 'CDKN1A', 'CES2', 'CHIT1', 'CNTN1', 'CNTN5', 'CRTAC1', 'CSTB', 'CTSB', 'CTSF', 'CTSL', 'CXCL8', 'DKKL1', 'DSG4', 'EGLN1', 'FABP4', 'FCAR', 'FCGR2B', 'FCN2', 'FCRL5', 'FGF21', 'GFAP', 'GFRA2', 'GGH', 'GH2', 'GNLY', 'GP2', 'GPNMB', 'GRN', 'HDGF', 'HLA-DRA', 'HSP90B1', 'IGF2R', 'IL11', 'IL13', 'IL22RA1', 'IL5', 'IL6', 'KCNIP4', 'KLK1', 'LAMA4', 'LEP', 'LGALS1', 'LILRA5', 'LILRB1', 'LY96', 'LYPD3', 'MAGED1', 'MARCO', 'MCAM', 'MDGA1', 'MUC13', 'MZB1', 'NAMPT', 'NCAM2', 'NDRG1', 'NINJ1', 'NPM1', 'NPTN', 'NRP1', 'NRTN', 'PCOLCE', 'PCSK9', 'PDGFC', 'PPY', 'PRL', 'RANGAP1', 'RETN', 'S100A16', 'SIGLEC9', 'SLC39A5', 'SMOC2', 'SRP14', 'TCL1A', 'TFPI2', 'THPO', 'TMPRSS5', 'TMSB10', 'TPSAB1', 'ULBP2', 'VEGFD', 'VWA1', 'WIF1', 'XPNPEP2', 'XRCC4']",103
Fold 5,"['CCL7', 'LGALS9']",2
Fold 6,"['ACTN4', 'ADAMTS13', 'ADAMTS15', 'AMIGO2', 'AMN', 'AMY2A', 'ANGPTL2', 'AOC1', 'BAIAP2', 'CAMKK1', 'CCL20', 'CD164', 'CD63', 'CDHR1', 'CES2', 'CHIT1', 'CHL1', 'CLEC4C', 'CNDP1', 'CPA1', 'CPA2', 'CRTAC1', 'CTRB1', 'CTSH', 'CXCL13', 'DKKL1', 'DOK2', 'DSG4', 'ENPP7', 'FABP4', 'FASLG', 'FBP1', 'FCN2', 'FGF21', 'FOPNL', 'FOSB', 'GFRA2', 'GGT1', 'GGT5', 'GH2', 'GPA33', 'HBQ1', 'HDGF', 'HEBP1', 'HLA-DRA', 'IGF2R', 'IGFBPL1', 'IKBKG', 'IL10', 'IL11', 'IL13', 'IL18RAP', 'IL1A', 'IL22RA1', 'IL33', 'ILKAP', 'ING1', 'ISLR2', 'ISM1', 'JUN', 'KCNIP4', 'KLB', 'KLK12', 'KLRB1', 'LAMA4', 'LGALS1', 'LILRB1', 'LRP11', 'LTA', 'LY96', 'LYPD1', 'MAGED1', 'MDGA1', 'MET', 'MGMT', 'MMP13', 'MSR1', 'MUC13', 'MUC16', 'MZB1', 'NCLN', 'NDRG1', 'NOS1', 'NPDC1', 'NPTN', 'NPTXR', 'PAEP', 'PDGFC', 'PIGR', 'PLA2G10', 'PLAUR', 'PM20D1', 'PNLIPRP2', 'PON3', 'PPY', 'PRKRA', 'PRSS8', 'PSIP1', 'PSPN', 'PTEN', 'RANGAP1', 'RARRES1', 'S100A16', 'SCARB1', 'SELPLG', 'SIGLEC9', 'SLC16A1', 'SMOC2', 'SPINT1', 'SRP14', 'SSC5D', 'TDGF1', 'THPO', 'TMPRSS5', 'TNC', 'TNFRSF13B', 'TNFRSF4', 'TNFRSF8', 'TNFSF12', 'TSLP', 'TXNDC5', 'XPNPEP2']",122
Fold 7,"['ADAM15', 'ANGPTL2', 'BAIAP2', 'CCL20', 'CD5', 'CES2', 'COPE', 'CRTAC1', 'CXCL14', 'FCRL5', 'FOSB', 'ICAM4', 'IL13', 'IL5', 'KIR2DL3', 'MDGA1', 'MZB1', 'NFATC3', 'NRP1', 'SIGLEC9', 'SIT1', 'SMOC2', 'SSB', 'TFRC', 'TMPRSS5', 'TNFRSF13C', 'VEGFD', 'XPNPEP2']",28
Fold 8,"['ACAN', 'ADAM15', 'ADAMTS15', 'ADAMTS16', 'ADGRG2', 'AHSP', 'AMY2A', 'AMY2B', 'ANGPTL2', 'ATP6V1D', 'B4GAT1', 'C4BPB', 'CASP1', 'CCL15', 'CD300C', 'CD300LG', 'CD5', 'CD63', 'CD70', 'CDHR1', 'CEACAM5', 'CES2', 'CHIT1', 'CHL1', 'CLEC4G', 'CLUL1', 'CNTN5', 'CPA1', 'CPA2', 'CRTAC1', 'CSF2RA', 'CTSH', 'CXCL8', 'DKK4', 'DKKL1', 'DPT', 'ERBB3', 'ERBB4', 'FABP1', 'FABP4', 'FCAR', 'FCGR2B', 'FOSB', 'FUT3_FUT5', 'GFOD2', 'GFRA2', 'GGT5', 'HLA-DRA', 'HMBS', 'ICAM1', 'IGF2R', 'IKZF2', 'IL11', 'IL13', 'IL2RB', 'IL32', 'KCNIP4', 'KIR2DL3', 'KLK14', 'LAMA4', 'LGALS1', 'LGALS9', 'LILRB1', 'LILRB4', 'LY9', 'MDGA1', 'MICB_MICA', 'MILR1', 'MMP1', 'MMP13', 'MUC13', 'MZB1', 'NCAM2', 'NPTN', 'NTRK3', 'PDGFC', 'PM20D1', 'PON3', 'PPY', 'PRTG', 'RANGAP1', 'RASSF2', 'SCARB1', 'SDC1', 'SIGLEC7', 'SIGLEC9', 'SMOC2', 'SPINK1', 'TCN2', 'TDGF1', 'TIGAR', 'TMPRSS5', 'TNC', 'TNFRSF10A', 'TNFRSF11A', 'TNFRSF8', 'TSHB', 'VAMP5', 'WFIKKN1', 'WIF1', 'XPNPEP2']",101
Fold 9,"['CCL20', 'FOSB', 'GDF15', 'LGALS1', 'LILRB1', 'MZB1', 'PON3']",7
Fold 10,"['CCL20', 'CDCP1', 'CRTAC1', 'CTSV', 'FOSB', 'GNLY', 'HDGF', 'IL5RA', 'MDGA1', 'MZB1', 'PON3', 'TINAGL1', 'TNFRSF8']",13
Fold 11,['MZB1'],1
Fold 12,"['ADAMTS15', 'ADGRG1', 'ADGRG2', 'ADM', 'AFP', 'AMBP', 'ATP6V1D', 'B4GAT1', 'BAIAP2', 'C19orf12', 'CALB2', 'CCL15', 'CD164', 'CD5', 'CD63', 'CD74', 'CDHR1', 'CES2', 'CHIT1', 'CLEC4G', 'CNTN5', 'COL6A3', 'COLEC12', 'CRH', 'CRTAC1', 'CTSH', 'DKKL1', 'DLL1', 'DPT', 'DSG4', 'EPCAM', 'ERBB3', 'FABP1', 'FBP1', 'FCGR2A', 'FCGR2B', 'FGF21', 'FOSB', 'GCG', 'GDF15', 'GFRA2', 'GGT1', 'GGT5', 'GHRHR', 'GPA33', 'IGFBPL1', 'IL13', 'IL16', 'IL1RAP', 'IL2RA', 'ISLR2', 'ISM1', 'KCNIP4', 'KIR2DL3', 'KLK12', 'KRT5', 'LEP', 'LGALS9', 'LILRA5', 'LILRB1', 'LRIG1', 'LY9', 'MARCO', 'MDGA1', 'MET', 'MSLN', 'MUC13', 'MZB1', 'NEFL', 'NOMO1', 'NPY', 'NTRK3', 'PON3', 'PPY', 'PSIP1', 'RAB6B', 'RANGAP1', 'RBP2', 'REN', 'S100A16', 'SCARB1', 'SIRT5', 'SPINK1', 'SPINT1', 'SRP14', 'SSB', 'ST3GAL1', 'TDGF1', 'TFPI2', 'THBS2', 'THPO', 'TIGAR', 'TLR3', 'TNC', 'TNFRSF11A', 'TNFRSF8', 'TSLP', 'TYRO3', 'VWF', 'XRCC4']",100
Fold 13,"['CRTAC1', 'FABP4', 'MZB1', 'TNFRSF10A']",4
Fold 14,"['ACP6', 'ADAMTS13', 'ADAMTS15', 'ADAMTS16', 'ADGRG2', 'AMY2A', 'AMY2B', 'AOC1', 'BAIAP2', 'C19orf12', 'CAMKK1', 'CCL17', 'CCL19', 'CCL20', 'CD109', 'CD22', 'CD276', 'CD63', 'CD79B', 'CDHR1', 'CETN2', 'CHIT1', 'CHL1', 'CLEC4G', 'CNDP1', 'COL4A1', 'CPA2', 'CRTAC1', 'CTSH', 'CXCL8', 'DNAJB1', 'DPT', 'DSG4', 'ENPP7', 'FCAR', 'FCN2', 'FCRL5', 'FGF2', 'FOSB', 'GFOD2', 'GFRA2', 'GFRA3', 'GGH', 'GGT5', 'GNE', 'GPC5', 'HDGF', 'HLA-DRA', 'HSP90B1', 'IDI2', 'IFNGR1', 'IFNLR1', 'IGF2R', 'IGFBPL1', 'IGSF3', 'IKZF2', 'IL11', 'IL13', 'IL1A', 'IL2RA', 'IL32', 'ISLR2', 'ISM1', 'KCNIP4', 'KLB', 'KLK10', 'LAMA4', 'LGALS1', 'LHB', 'LILRB1', 'LY96', 'MAGED1', 'MAPT', 'MARCO', 'MDGA1', 'MILR1', 'MUC13', 'MZB1', 'NCLN', 'NINJ1', 'NOMO1', 'NOS1', 'NRP1', 'NTRK3', 'NUCB2', 'PDGFC', 'PON3', 'PRKRA', 'RARRES1', 'RASSF2', 'S100A16', 'SDC1', 'SELPLG', 'SIGLEC7', 'SIGLEC9', 'SMOC2', 'TDGF1', 'TFRC', 'TNFRSF13B', 'TNFRSF13C', 'TP53INP1', 'TSHB', 'WFIKKN1', 'XPNPEP2']",104
Fold 15,"['ANGPTL2', 'CRTAC1', 'FCAR', 'FOSB', 'IGF2R', 'LGALS1', 'MZB1', 'PLAUR', 'PON3', 'TMSB10', 'TNFRSF8']",11
Fold 16,"['CCL20', 'CCL7', 'CES2', 'CXCL8', 'FGF21', 'FOSB', 'GDF15', 'LGALS1', 'MDGA1', 'MSLN', 'MZB1', 'PON3', 'PRSS8']",13
Fold 17,[],0
Fold 18,[],0
Fold 19,"['CCL7', 'JUN', 'LGALS1', 'MAD1L1', 'MZB1']",5
Fold 20,"['CCL7', 'CRTAC1', 'LGALS1', 'MZB1']",4
Fold 21,"['ADAMTS13', 'CCL20', 'CCL7', 'CRTAC1', 'CXCL8', 'FBP1', 'FOSB', 'IL22RA1', 'LGALS1', 'MDGA1', 'MZB1', 'PON3', 'TFPI2']",13
Fold 22,"['BAIAP2', 'CCL20', 'CRTAC1', 'CXCL8', 'GGT1', 'JUN', 'LGALS1', 'MZB1', 'PLAUR', 'TMSB10', 'TNFRSF8']",11
Fold 23,"['ADAM15', 'ADAMTS13', 'ADAMTS15', 'ADCYAP1R1', 'ADGRG2', 'AMY2A', 'AMY2B', 'ANGPTL2', 'ANGPTL3', 'ANXA5', 'AOC1', 'BAIAP2', 'C19orf12', 'CCL17', 'CCL20', 'CD164', 'CD63', 'CDH17', 'CDHR1', 'CEACAM21', 'CES2', 'CHIT1', 'CHL1', 'CLEC4G', 'CLUL1', 'CPA1', 'CPA2', 'CRTAC1', 'CTSF', 'CTSH', 'CTSL', 'CXCL16', 'DKK4', 'DKKL1', 'DLL1', 'DNER', 'DPT', 'DSG4', 'ECE1', 'ENPP7', 'EPCAM', 'FCAR', 'FCGR2A', 'FCN2', 'FCRL5', 'FCRL6', 'FGF21', 'FOSB', 'GFOD2', 'GFRA2', 'GGT5', 'GH2', 'GP2', 'GPA33', 'GRN', 'HBQ1', 'HDGF', 'HMBS', 'IFNGR2', 'IGF2R', 'IKBKG', 'IL10', 'IL11', 'IL13', 'IL16', 'IL17C', 'IL22RA1', 'IL2RA', 'IL2RB', 'IL33', 'IL5RA', 'ILKAP', 'ISM1', 'KCNIP4', 'KIR2DL3', 'KLB', 'KLK1', 'KLK14', 'LAMA4', 'LGALS1', 'LGALS9', 'LILRB1', 'LY96', 'LYPD1', 'LYPD8', 'MAGED1', 'MARCO', 'MDGA1', 'MET', 'MMP13', 'MSR1', 'MUC13', 'MUC16', 'MZB1', 'NELL2', 'NPTN', 'NTRK3', 'PDCD5', 'PDGFC', 'PIGR', 'PM20D1', 'PODXL2', 'PON3', 'PPY', 'PREB', 'PRSS8', 'PTH1R', 'RANGAP1', 'RETN', 'SAMD9L', 'SCARB1', 'SCGN', 'SEZ6L2', 'SIGLEC9', 'SMOC2', 'SOST', 'SPINT1', 'TDGF1', 'TFRC', 'THPO', 'TMPRSS5', 'TNC', 'TNFRSF13C', 'TNFRSF8', 'TSLP', 'TSPAN1', 'TXLNA', 'ULBP2', 'VEGFA', 'XPNPEP2']",130
Fold 24,"['ACE2', 'ADAM15', 'ADAMTS13', 'ADAMTS15', 'AMY2A', 'ANGPTL7', 'ANXA3', 'ARNT', 'ATP6V1D', 'B4GAT1', 'BAIAP2', 'CAPG', 'CASP1', 'CCL15', 'CCL19', 'CCL20', 'CD276', 'CD5', 'CDH17', 'CDHR1', 'CDHR2', 'CEACAM5', 'CELA3A', 'CES2', 'CPA2', 'CRH', 'CRIP2', 'CRLF1', 'CRTAC1', 'CTRB1', 'CTSF', 'CTSH', 'DKKL1', 'DLL1', 'DPT', 'DSG4', 'ERBB4', 'FCGR2B', 'FCRL5', 'FCRLB', 'FGF21', 'FOSB', 'FUT3_FUT5', 'GFOD2', 'GFRA2', 'GGT1', 'GHRHR', 'GNLY', 'GPA33', 'GPC5', 'HAVCR1', 'HLA-DRA', 'HSPB6', 'ICAM4', 'IFNGR2', 'IGF2R', 'IGFBPL1', 'IL10', 'IL13', 'IL1B', 'IL1RAP', 'IL2', 'IL2RA', 'IL32', 'IL33', 'ISM1', 'KLK12', 'KLRD1', 'LAMA4', 'LGALS1', 'LILRA5', 'LILRB1', 'LY9', 'LY96', 'MATN2', 'MDGA1', 'MME', 'MSLN', 'MTPN', 'MZB1', 'NCAM2', 'NCLN', 'NINJ1', 'NPTN', 'NPY', 'NXPH1', 'PCSK9', 'PDGFC', 'PDGFRA', 'PM20D1', 'PNLIPRP2', 'PPY', 'PRL', 'RAB6B', 'RANGAP1', 'RBP2', 'SMOC2', 'SMPDL3A', 'SPINK6', 'SPINT1', 'SSB', 'STC2', 'TDGF1', 'TFPI2', 'THBS2', 'TMPRSS15', 'TNC', 'TSHB', 'TYRO3', 'XPNPEP2']",110
Fold 25,['MZB1'],1
Fold 26,"['ACP5', 'ADAMTS13', 'ADAMTS15', 'AHSP', 'ANGPTL2', 'ANXA5', 'AOC1', 'ASAH2', 'ATF2', 'BAIAP2', 'CALB2', 'CCL20', 'CCL7', 'CD63', 'CDHR1', 'CHIT1', 'CLEC4G', 'COL6A3', 'COLEC12', 'CPA2', 'CRTAC1', 'CTSF', 'CTSH', 'CTSL', 'CXCL16', 'CXCL8', 'DKKL1', 'DLL1', 'DPT', 'DSG4', 'FABP4', 'FBP1', 'FCN2', 'FOSB', 'GDF15', 'GFAP', 'GFOD2', 'GFRA2', 'GGT5', 'GRN', 'HBQ1', 'HDGF', 'HEBP1', 'HMBS', 'ICAM1', 'IL10', 'IL11', 'IL13', 'IL17C', 'IL1RAP', 'IL22RA1', 'IL2RA', 'ISLR2', 'KCNIP4', 'KLK10', 'KLK12', 'L1CAM', 'LAMA4', 'LGALS1', 'LILRA5', 'LILRB1', 'LRP11', 'LRPAP1', 'LRRC25', 'LY96', 'LYPD1', 'MDGA1', 'MET', 'MGMT', 'MUC13', 'MZB1', 'NDRG1', 'NPY', 'NRP2', 'NTRK3', 'PDGFC', 'PIGR', 'PKLR', 'PLA2G7', 'PLAUR', 'PON3', 'PRSS8', 'PSIP1', 'RANGAP1', 'RBP2', 'RETN', 'S100A16', 'SCGN', 'SIGLEC9', 'SIRT5', 'SMOC2', 'SPINT1', 'SRP14', 'SSB', 'TAFA5', 'TFPI2', 'THBS2', 'THPO', 'TNFRSF11A', 'TNFRSF11B', 'TNFRSF8', 'TPT1', 'TSHB', 'TSLP', 'VWA1', 'XG', 'XPNPEP2', 'XRCC4']",108
Fold 27,"['CCL20', 'CRTAC1', 'CTSH', 'CXCL13', 'CXCL8', 'IGF2R', 'LGALS1', 'MDGA1', 'MSR1', 'MZB1', 'PON3', 'SIGLEC9', 'TNFRSF8']",13
Fold 28,[],0
Fold 29,"['ADAM15', 'ADAMTS13', 'ADAMTS15', 'AOC1', 'APEX1', 'B4GAT1', 'BAIAP2', 'CCL20', 'CD164', 'CD276', 'CD38', 'CD5', 'CD63', 'CDHR1', 'CES2', 'CHI3L1', 'CHIT1', 'CHL1', 'COL6A3', 'CRTAC1', 'CSTB', 'CTSH', 'CXCL8', 'DKKL1', 'DNER', 'DPT', 'EPCAM', 'FABP4', 'FASLG', 'FCAR', 'FCN2', 'FCRL5', 'FOSB', 'GFOD2', 'GFRA2', 'GGT5', 'GPA33', 'HCLS1', 'HDGF', 'HSPB1', 'ICAM1', 'ICAM4', 'IGF2R', 'IL11', 'IL13', 'IL16', 'IL17F', 'IL17RB', 'IL1A', 'IL32', 'IL5RA', 'ISM1', 'KCNIP4', 'KIR2DL3', 'KLB', 'LAMA4', 'LILRA5', 'LRP11', 'LY96', 'MASP1', 'MDGA1', 'MET', 'MGMT', 'MUC13', 'MZB1', 'NCLN', 'NFASC', 'NINJ1', 'NPTN', 'PDGFC', 'PM20D1', 'PON3', 'PPY', 'PRKRA', 'PRL', 'PRSS8', 'PSIP1', 'S100A16', 'SCARB1', 'SELPLG', 'SIGLEC9', 'SMOC2', 'SMPDL3A', 'SRP14', 'SSC5D', 'TDGF1', 'TFPI2', 'TFRC', 'TLR3', 'TMPRSS5', 'TNC', 'TNFRSF13B', 'TNFRSF13C', 'TNFRSF4', 'TP53INP1', 'TPT1', 'VASN', 'XPNPEP2']",98
Fold 30,"['CCL20', 'CCL7', 'CTSH', 'LGALS1', 'MUC13', 'MZB1', 'PON3']",7
Fold 31,"['ADAMTS13', 'ADAMTS15', 'ANGPTL2', 'AOC1', 'APEX1', 'B4GAT1', 'BAIAP2', 'CCL14', 'CCL15', 'CCL20', 'CD200R1', 'CD276', 'CD28', 'CD74', 'CNTN5', 'COL9A1', 'COLEC12', 'CPE', 'CPPED1', 'CRLF1', 'CRTAC1', 'CSF1', 'CSF2RA', 'CSTB', 'CTSH', 'DKKL1', 'DLL1', 'DPT', 'DSG4', 'ENG', 'EPCAM', 'FABP4', 'FBP1', 'FCAR', 'FCN2', 'FGR', 'FOSB', 'GBP2', 'GCG', 'GFAP', 'GFRA1', 'GFRA2', 'GGH', 'GGT1', 'GPA33', 'GPC5', 'GPKOW', 'HBQ1', 'HCLS1', 'HDGF', 'ICAM1', 'IDS', 'IGF2R', 'IL13', 'IL16', 'IL17A', 'IL17C', 'IL1RAP', 'IL2', 'IL24', 'IL2RA', 'IL5', 'ISLR2', 'KLK12', 'KLRD1', 'L1CAM', 'LEFTY2', 'LGALS1', 'LGALS3', 'LILRB1', 'LRPAP1', 'LRRC25', 'LSP1', 'LY96', 'LYPD1', 'MARCO', 'MDGA1', 'MET', 'MTPN', 'MZB1', 'NCLN', 'NEFL', 'NFKBIE', 'NMNAT1', 'NOS1', 'NPM1', 'NPTN', 'NTF4', 'OMG', 'PAEP', 'PARP1', 'PDGFC', 'PKLR', 'PLAUR', 'PON3', 'PRKRA', 'PSIP1', 'PTPRM', 'RASA1', 'S100A16', 'SCARB1', 'SCP2', 'SH2D1A', 'SIGLEC9', 'SLC39A5', 'SMOC2', 'SPINT1', 'SRP14', 'THPO', 'TMSB10', 'TNFRSF13B', 'TNFRSF8', 'TPT1', 'TSHB', 'VWF', 'WFIKKN1', 'WISP2', 'XPNPEP2']",118
Fold 32,"['ACE2', 'ADAM15', 'ADAMTS15', 'AMIGO2', 'ANG', 'AOC1', 'ARNT', 'ATP6V1D', 'B4GAT1', 'BSG', 'CA11', 'CCL15', 'CCL20', 'CD177', 'CD27', 'CD63', 'CDH17', 'CDHR1', 'CDHR2', 'CEACAM3', 'CES2', 'CHIT1', 'CLUL1', 'COL4A1', 'COL6A3', 'COLEC12', 'CPA2', 'CRTAC1', 'CSTB', 'CTSF', 'CTSH', 'CTSL', 'DCXR', 'DDC', 'DKKL1', 'DLL1', 'DSG2', 'ENPP7', 'FABP4', 'FASLG', 'FBP1', 'FCGR2A', 'FCN2', 'FCRL5', 'FGF21', 'GDF2', 'GFRA2', 'GGT1', 'GNLY', 'GRN', 'HDGF', 'HLA-DRA', 'HSP90B1', 'IFNGR1', 'IFNGR2', 'IGF2R', 'IGFBPL1', 'IL16', 'IL17C', 'IL22RA1', 'IL33', 'IL5', 'ILKAP', 'ING1', 'ISM1', 'KCNIP4', 'KIR2DL3', 'KLB', 'KLK10', 'KLK14', 'KLRD1', 'LAMA4', 'LILRB1', 'LRP11', 'LTO1', 'MDGA1', 'MET', 'MGMT', 'MMP13', 'MSLN', 'MUC13', 'MZB1', 'NCLN', 'NDRG1', 'NFATC3', 'NPTN', 'NTRK3', 'PCSK9', 'PDGFC', 'PDGFRA', 'PM20D1', 'PPY', 'PRL', 'PRSS8', 'PSPN', 'PTH1R', 'PTPRM', 'RANGAP1', 'RASSF2', 'RETN', 'S100A16', 'SEMA7A', 'SERPINB9', 'SMOC2', 'SPINK1', 'SPINK6', 'SPINT1', 'SRP14', 'SSB', 'TDGF1', 'TFPI2', 'THBS2', 'THPO', 'TMPRSS5', 'TNC', 'TNFRSF10A', 'TNFRSF11A', 'TNFRSF11B', 'TNFRSF13B', 'TNFRSF13C', 'TNFRSF4', 'TNFRSF8', 'TNFSF12', 'XPNPEP2', 'XRCC4']",125
Fold 33,"['CCL7', 'CDCP1', 'CXCL8', 'FOSB', 'MDGA1', 'MZB1', 'PON3', 'VWA1']",8
Fold 34,"['BAIAP2', 'CCL20', 'CRTAC1', 'CSTB', 'CXCL8', 'LGALS1', 'MSR1', 'MUC13', 'MZB1', 'PIGR', 'PON3']",11
Fold 35,"['ABL1', 'ACP5', 'ADAM15', 'ADAMTS13', 'ADAMTS15', 'ALPP', 'AMY2B', 'ANGPTL3', 'AOC1', 'ATP6V1D', 'BSG', 'CCL20', 'CD109', 'CD164', 'CD276', 'CD40LG', 'CD63', 'CDHR1', 'CES2', 'CHIT1', 'CHL1', 'CLEC4C', 'CLUL1', 'CPA2', 'CRTAC1', 'CSF2RA', 'CTSD', 'CTSL', 'DKK4', 'DNER', 'DSG2', 'ENPP7', 'EPCAM', 'ERBB3', 'FABP4', 'FASLG', 'FCGR2B', 'FCN2', 'FCRL5', 'FCRLB', 'FGF21', 'FKBP5', 'FOSB', 'GFOD2', 'GFRA2', 'GGT1', 'GGT5', 'GZMH', 'HBQ1', 'HCLS1', 'HDGF', 'HLA-DRA', 'HMOX2', 'IGF2R', 'IL11', 'IL13', 'IL17C', 'IL22RA1', 'IL2RB', 'IL33', 'ISM1', 'KCNIP4', 'KIR2DL3', 'KLB', 'KLK10', 'LAMA4', 'LGALS1', 'LHB', 'LRPAP1', 'LTA', 'LY96', 'LYPD1', 'MDGA1', 'MSLN', 'MUC13', 'MUC16', 'MZB1', 'NCLN', 'NELL2', 'NFATC3', 'NINJ1', 'NOMO1', 'NPTN', 'NRP2', 'NRTN', 'PCOLCE', 'PDGFC', 'PLIN1', 'PM20D1', 'PON3', 'PPY', 'PRL', 'PRSS8', 'PSPN', 'RANGAP1', 'RARRES1', 'RASSF2', 'S100A16', 'SIGLEC9', 'SMPDL3A', 'SNX9', 'SPINK1', 'SPINK6', 'SRP14', 'STX8', 'TDGF1', 'TFPI2', 'THPO', 'TMPRSS5', 'TMSB10', 'TNFRSF11A', 'TNFRSF4', 'TNFRSF8', 'TP53INP1', 'TYMP', 'ULBP2', 'WIF1', 'XPNPEP2']",118
Fold 36,"['CCL20', 'CCL7', 'MZB1', 'SPINT1']",4
Fold 37,"['BAIAP2', 'CCL20', 'CNTN5', 'CXCL8', 'DSG4', 'LGALS1', 'LRRC25', 'MZB1', 'PLAUR', 'TIMP1', 'TNFRSF8']",11
Fold 38,"['ADAM15', 'BAIAP2', 'BST1', 'CASP1', 'CCL19', 'CCL20', 'CDH17', 'CEACAM21', 'CLC', 'CPA2', 'CRTAC1', 'CTSH', 'DKKL1', 'ENG', 'EPCAM', 'FOSB', 'GH2', 'GPA33', 'GZMA', 'HLA-DRA', 'HSP90B1', 'IL18RAP', 'IL32', 'KIR2DL3', 'KLK12', 'KLRD1', 'LILRB1', 'LY9', 'MDGA1', 'MSR1', 'MUC13', 'MZB1', 'PDCD1', 'PDGFC', 'PIGR', 'PM20D1', 'PPY', 'S100A11', 'SCP2', 'SDC1', 'SELPLG', 'SIGLEC7', 'SIGLEC9', 'SMOC2', 'SSB', 'SSC5D', 'TDGF1', 'THBS2', 'TMPRSS5', 'TNFRSF13B', 'TNFRSF8', 'TSLP', 'XPNPEP2']",53
Fold 39,"['ADCYAP1R1', 'ANGPTL2', 'CCL19', 'CCL20', 'CES2', 'DKKL1', 'DSG4', 'EREG', 'FCGR2B', 'FCN2', 'FCRL5', 'GFAP', 'GNLY', 'HDGF', 'IGF2R', 'KCNIP4', 'MDGA1', 'MUC13', 'MZB1', 'NDRG1', 'NPTN', 'PSIP1', 'RANGAP1', 'SMOC2', 'SRP14', 'TMPRSS5', 'TNFRSF13C', 'XPNPEP2', 'XRCC4']",29
Fold 40,"['ADAMTS15', 'ANXA3', 'AOC1', 'APBB1IP', 'ATP6V1D', 'CASP1', 'CCL15', 'CCL20', 'CCL7', 'CD300LG', 'CD63', 'CHIT1', 'CLEC10A', 'COL4A1', 'COLEC12', 'CRLF1', 'CRTAC1', 'CTSH', 'CXCL14', 'CXCL8', 'DEFA1_DEFA1B', 'DKKL1', 'DNAJB1', 'DPT', 'DSG4', 'ENPP7', 'FABP4', 'FOSB', 'GFRA2', 'GGT5', 'GNLY', 'ICAM1', 'IGF2R', 'IGFBPL1', 'IL12RB1', 'IL13', 'IL17C', 'IL17RA', 'IL17RB', 'KCNIP4', 'KIR2DL3', 'KLK10', 'LAIR2', 'LAMA4', 'LGALS1', 'LGALS3', 'LILRB1', 'LYPD1', 'MARCO', 'MDGA1', 'MET', 'MILR1', 'MME', 'MSR1', 'MUC13', 'MZB1', 'NCLN', 'NINJ1', 'NPTN', 'NTRK3', 'PADI2', 'PDGFC', 'PIGR', 'PLAUR', 'PM20D1', 'PRKRA', 'PSIP1', 'PTH1R', 'RANGAP1', 'RASSF2', 'RETN', 'SELPLG', 'SIGLEC9', 'SMOC2', 'SPINK1', 'SPINK6', 'SPINT1', 'SRP14', 'TDGF1', 'TFRC', 'THBS2', 'TIMP1', 'TMPRSS5', 'TMSB10', 'TNC', 'TNFRSF13B', 'TSLP', 'TSPAN1', 'XPNPEP2']",89
Fold 41,"['ACE2', 'ACP5', 'ADAM15', 'ADAMTS13', 'ADAMTS15', 'AMY2A', 'ANGPTL2', 'AOC1', 'ARNT', 'ATP6V1D', 'BAIAP2', 'BPIFB1', 'BST1', 'CA5A', 'CALB2', 'CCL20', 'CD177', 'CD276', 'CDH17', 'CDHR1', 'CEACAM3', 'CES2', 'CHL1', 'CLEC4G', 'COLEC12', 'CPA2', 'CRIM1', 'CRTAC1', 'CTSL', 'CXCL8', 'DKKL1', 'DLL1', 'DNER', 'DPT', 'DSG2', 'DSG4', 'EPCAM', 'FABP1', 'FABP4', 'FASLG', 'FCN2', 'FCRLB', 'FOSB', 'FST', 'GFOD2', 'GFRA2', 'GGT1', 'GGT5', 'GPA33', 'HDGF', 'HLA-DRA', 'HSPG2', 'ICAM4', 'IGF2R', 'IGSF3', 'IL11', 'IL13', 'IL17C', 'IL17D', 'IL22RA1', 'IL32', 'IL33', 'ISM1', 'KIR2DL3', 'KLB', 'KLK1', 'KLK10', 'KLRD1', 'LAMA4', 'LGALS9', 'LILRA5', 'LILRB1', 'LRP11', 'LRPAP1', 'LYPD3', 'MAPT', 'MDGA1', 'MET', 'MUC13', 'MZB1', 'NOMO1', 'NPTN', 'NPY', 'NRP1', 'NTRK3', 'PCSK9', 'PDGFC', 'PM20D1', 'PODXL', 'PODXL2', 'PON3', 'PPY', 'PTH1R', 'RANGAP1', 'SCGN', 'SIGLEC9', 'SMOC2', 'SMPDL3A', 'SPINT1', 'SSB', 'ST3GAL1', 'TDGF1', 'THBD', 'THPO', 'TNC', 'TNFRSF11A', 'TNFRSF13C', 'TNFRSF4', 'TNFRSF8', 'TPT1', 'TSHB', 'ULBP2', 'VASN', 'WIF1', 'XPNPEP2']",115
Fold 42,"['CCL7', 'MZB1']",2
Fold 43,"['CCL7', 'LGALS9', 'MZB1']",3
Fold 44,"['ACTN4', 'ADAM15', 'ADAMTS13', 'ADAMTS15', 'AMY2B', 'AOC1', 'B4GAT1', 'BAIAP2', 'BSG', 'CCL19', 'CCL20', 'CD200', 'CD276', 'CD63', 'CDC27', 'CDH17', 'CDHR1', 'CES2', 'CHIT1', 'CHL1', 'CLEC4C', 'CLPS', 'COL4A1', 'CPA2', 'CRELD2', 'CRTAC1', 'CTRB1', 'CTSF', 'CTSL', 'CXCL16', 'CXCL8', 'DKKL1', 'DLL1', 'ENPP7', 'EPCAM', 'ERBB3', 'FABP4', 'FASLG', 'FBP1', 'FCGR2B', 'FCN2', 'FCRL5', 'FGF21', 'FOSB', 'GDF15', 'GFAP', 'GFRA2', 'GFRA3', 'GGH', 'GGT5', 'GH2', 'GP2', 'HCLS1', 'HDGF', 'HEBP1', 'HLA-DRA', 'HMBS', 'IFNGR1', 'IGF2R', 'IGFBPL1', 'IGSF3', 'IL11', 'IL13', 'IL17RB', 'IL1RAP', 'IL22RA1', 'IL2RA', 'IL33', 'IL5', 'ISLR2', 'KCNIP4', 'KLK10', 'KLK12', 'KLRB1', 'LAIR2', 'LAMA4', 'LGALS1', 'LHB', 'LRP11', 'LRPAP1', 'LY96', 'LYPD1', 'MAGED1', 'MARCO', 'MDGA1', 'MSR1', 'MUC13', 'MZB1', 'NCLN', 'NDRG1', 'NGF', 'NINJ1', 'NOS1', 'NPTN', 'NRP2', 'NTF4', 'PCOLCE', 'PDGFC', 'PDGFRA', 'PIGR', 'PLIN1', 'PM20D1', 'PON2', 'PON3', 'PRSS8', 'RANGAP1', 'RARRES1', 'S100A16', 'SCG3', 'SELPLG', 'SEMA7A', 'SEZ6L2', 'SIGLEC9', 'SLC16A1', 'SMOC2', 'SPINT1', 'SSC5D', 'TDGF1', 'THBD', 'THBS2', 'THPO', 'TMPRSS5', 'TNC', 'TNFRSF11A', 'TNFRSF11B', 'TNFRSF13B', 'TNFRSF13C', 'TNFRSF4', 'TNFRSF8', 'TPSAB1', 'TPT1', 'ULBP2', 'WFIKKN1', 'XPNPEP2', 'XRCC4']",135
Fold 45,"['ACE2', 'ACP5', 'ADAM15', 'ADAMTS15', 'ADGRG1', 'AMBN', 'AMN', 'AMY2A', 'AMY2B', 'AOC1', 'APOM', 'ARSA', 'BAIAP2', 'BSG', 'CALB2', 'CCL20', 'CD27', 'CD276', 'CD38', 'CDH17', 'CES2', 'CLEC4C', 'CNTN2', 'COL6A3', 'COLEC12', 'COPE', 'CPA2', 'CRTAC1', 'CSF3', 'CSTB', 'CTSL', 'DKKL1', 'DPT', 'ENPP7', 'EPCAM', 'FABP4', 'FASLG', 'FBP1', 'FCN2', 'FCRL5', 'FGFBP1', 'GFRA2', 'GFRA3', 'GGT5', 'GH2', 'GP2', 'GPA33', 'HBQ1', 'HCLS1', 'HDGF', 'HLA-DRA', 'IFNGR2', 'IGF2R', 'IL11', 'IL17C', 'IL1RAP', 'IL20', 'IL2RB', 'IL6', 'ILKAP', 'KCNIP4', 'KDR', 'KLB', 'KLK1', 'KLK10', 'KLRD1', 'LGALS1', 'LILRB1', 'LRPAP1', 'LTBP3', 'LY96', 'LYPD1', 'MARCO', 'MDGA1', 'MET', 'MUC13', 'MZB1', 'NCLN', 'NGF', 'NOMO1', 'NOS1', 'NPTN', 'NPTXR', 'NRP1', 'PCOLCE', 'PDGFC', 'PLA2G7', 'PLIN1', 'PM20D1', 'PON3', 'PPY', 'PRKRA', 'PRTG', 'PTPRM', 'RANGAP1', 'REN', 'S100A16', 'SCP2', 'SIRT5', 'SMOC2', 'SOST', 'SPINK6', 'SPINT1', 'SRP14', 'SSC5D', 'TDGF1', 'TEK', 'TFPI2', 'THBS2', 'THPO', 'TMPRSS5', 'TMSB10', 'TNC', 'TNFRSF11A', 'TNFRSF11B', 'TNFRSF13B', 'TNFRSF4', 'TNFRSF8', 'TSLP', 'TYRO3', 'ULBP2', 'VWF', 'XPNPEP2']",123
Fold 46,"['ACP5', 'ADAMTS13', 'ADAMTS15', 'ADGRG2', 'ANGPTL2', 'ANGPTL3', 'AOC1', 'B4GAT1', 'BAIAP2', 'CALB2', 'CCL20', 'CD164', 'CD209', 'CD276', 'CD38', 'CD5', 'CES2', 'CHIT1', 'CNTN5', 'CRH', 'CRTAC1', 'CTSH', 'CXCL8', 'DKKL1', 'DLL1', 'DPT', 'ECE1', 'EPCAM', 'FABP4', 'FCAR', 'FCGR2B', 'FCN2', 'FGF21', 'FOSB', 'GDF15', 'GFAP', 'GFRA2', 'GGT1', 'GGT5', 'GPA33', 'GRN', 'HBQ1', 'ICAM1', 'IGF2R', 'IGFBPL1', 'IL11', 'IL13', 'IL17C', 'IL24', 'IL2RA', 'IL5', 'JUN', 'KCNIP4', 'KLK12', 'L1CAM', 'LAMA4', 'LEP', 'LGALS1', 'LILRA5', 'LILRB1', 'LRP11', 'LY96', 'MAGED1', 'MDGA1', 'MET', 'MSR1', 'MUC13', 'MZB1', 'NECTIN2', 'NPTN', 'NPY', 'PCOLCE', 'PDGFRA', 'PLA2G7', 'PLAUR', 'PON3', 'PPY', 'PSIP1', 'RANGAP1', 'RASA1', 'S100A16', 'SCARB1', 'SIGLEC9', 'SMOC2', 'SPINT1', 'SSC5D', 'TDGF1', 'TFPI2', 'TFRC', 'TNC', 'TNFRSF11A', 'TNFRSF13B', 'TNFRSF13C', 'TNFRSF8', 'TPT1', 'XPNPEP2']",96
Fold 47,"['ACP6', 'ADAMTS13', 'ARNT', 'BAIAP2', 'BSG', 'C19orf12', 'CCL20', 'CD63', 'CDHR1', 'CES2', 'CHIT1', 'CRTAC1', 'HDGF', 'IL22RA1', 'KIR2DL3', 'LAMA4', 'LGALS1', 'LILRA5', 'LY96', 'MDGA1', 'MUC13', 'MZB1', 'NDRG1', 'NOMO1', 'NPTN', 'PPY', 'XPNPEP2']",27
Fold 48,"['ANGPTL2', 'CRTAC1', 'CTSH', 'DSG4', 'LGALS1', 'MDGA1', 'MZB1', 'SIGLEC9', 'TNFRSF8']",9
Fold 49,"['ADAM15', 'ADGRG2', 'ALPP', 'AMY2A', 'AMY2B', 'ANGPTL3', 'CAPG', 'CCL20', 'CD276', 'CD300C', 'CD5', 'CD63', 'CDHR1', 'CEACAM5', 'CES2', 'CHIT1', 'CHL1', 'CPA2', 'CRTAC1', 'CTRB1', 'CTSL', 'CXCL8', 'DDC', 'DKK4', 'DLL1', 'DPT', 'ENG', 'ERBB4', 'FCGR2B', 'FCN2', 'FCRL6', 'FGF21', 'FKBP5', 'FOSB', 'FUCA1', 'GAL', 'GGT5', 'GPA33', 'GPR37', 'HLA-DRA', 'HPGDS', 'IGF2R', 'IGSF3', 'IL11', 'IL12RB1', 'IL13', 'IL13RA1', 'IL16', 'IL17RB', 'IL1R1', 'IL2', 'IL2RA', 'IL2RB', 'IL5RA', 'ISM1', 'KCNIP4', 'KIR2DL3', 'KLK12', 'KLK14', 'LILRB1', 'LRP11', 'LYPD8', 'MDGA1', 'MICB_MICA', 'MILR1', 'MSLN', 'MUC13', 'MZB1', 'NCAM2', 'NPTN', 'NRP1', 'PDCD1LG2', 'PDGFC', 'PM20D1', 'PON3', 'RBP2', 'RETN', 'SCARB1', 'SMOC2', 'SPINK1', 'SPOCK1', 'SRP14', 'TDGF1', 'TFRC', 'THBS2', 'THPO', 'TIGAR', 'TMPRSS5', 'TNC', 'TNFRSF8', 'TNNI3', 'TSHB', 'WISP1', 'XPNPEP2', 'XRCC4']",95
Fold 50,"['CCL20', 'FOSB', 'HDGF', 'MDGA1', 'MZB1', 'PON3', 'SIGLEC9', 'SRP14', 'TMPRSS5', 'TNFRSF8', 'XPNPEP2']",11
Fold 51,"['ACE2', 'ACP5', 'ADAMTS13', 'ADAMTS15', 'AKR1C4', 'AMBP', 'AOC1', 'APOM', 'ATP6V1D', 'B4GAT1', 'BAIAP2', 'BSG', 'CALB2', 'CAPG', 'CCL20', 'CD276', 'CD63', 'CDH17', 'CDHR1', 'CEACAM5', 'CES2', 'COL4A1', 'COLEC12', 'CPA2', 'CRTAC1', 'CSTB', 'CTSH', 'DKK1', 'DKKL1', 'DPT', 'DSG4', 'ERBB4', 'FABP4', 'FASLG', 'FCAR', 'FCGR2B', 'FCN2', 'FCRL5', 'FCRLB', 'FOSB', 'FST', 'GCG', 'GFRA2', 'GGT1', 'GGT5', 'GH2', 'GP2', 'GPA33', 'GSAP', 'HAVCR1', 'HDGF', 'HEBP1', 'HLA-DRA', 'ICAM1', 'ICAM5', 'IGF2R', 'IGFBPL1', 'IL11', 'IL13', 'IL16', 'IL17F', 'IL1RAP', 'IL22RA1', 'IL2RA', 'IL33', 'ISLR2', 'ISM1', 'KIFBP', 'KLK1', 'KLK10', 'KLK12', 'KRT14', 'LAMA4', 'LHB', 'LRPAP1', 'LRRC25', 'LY96', 'LYPD1', 'MAGED1', 'MARCO', 'MDGA1', 'MET', 'MGMT', 'MME', 'MSLN', 'MSR1', 'MUC13', 'MZB1', 'NCLN', 'NDRG1', 'NEFL', 'NINJ1', 'NPTN', 'NPTXR', 'NPY', 'NRP2', 'NTF4', 'PAEP', 'PDGFC', 'PLIN1', 'PM20D1', 'PNLIPRP2', 'PPY', 'PRSS8', 'PSIP1', 'RANGAP1', 'RARRES1', 'SCGN', 'SELPLG', 'SIGLEC9', 'SIRT5', 'SMOC2', 'SMPDL3A', 'SPINT1', 'SRP14', 'SSB', 'ST3GAL1', 'TAFA5', 'TDGF1', 'THPO', 'TIMP3', 'TLR3', 'TMPRSS5', 'TNC', 'TNFRSF11A', 'TNFRSF13C', 'TNFRSF4', 'TNFRSF8', 'TPT1', 'TSHB', 'TXLNA', 'WISP1', 'XG', 'XPNPEP2', 'XRCC4']",135
Fold 52,"['ADAMTS16', 'ADGRG2', 'AMY2A', 'AMY2B', 'ANGPTL2', 'APEX1', 'ARNT', 'ATP6AP2', 'ATP6V1D', 'BAIAP2', 'BGN', 'CCL15', 'CCL20', 'CD300C', 'CD63', 'CEACAM3', 'CHIT1', 'CLEC11A', 'CLUL1', 'CNTN1', 'CNTN2', 'CPA2', 'CRTAC1', 'CST5', 'CTSH', 'CTSL', 'DEFA1_DEFA1B', 'DKKL1', 'DLL1', 'DPEP2', 'DPT', 'EPHA1', 'ERBB4', 'FABP1', 'FCAR', 'FCER2', 'FCRL5', 'GH2', 'GHRHR', 'HLA-DRA', 'HPGDS', 'ICAM3', 'IFNGR2', 'IGF2R', 'IL32', 'IL33', 'IL5RA', 'ILKAP', 'ISM1', 'KCNIP4', 'KIR2DL3', 'KLB', 'KRT5', 'LAMA4', 'LGALS9', 'LHB', 'LILRA5', 'LILRB1', 'LRRC25', 'LY9', 'LY96', 'LYPD1', 'MAGED1', 'MDGA1', 'METAP1', 'MUC13', 'MZB1', 'NINJ1', 'NOMO1', 'NPTN', 'NRP1', 'NTRK3', 'PDGFC', 'PPY', 'PRTG', 'RABEPK', 'RANGAP1', 'RELT', 'SIGLEC10', 'SNCG', 'TDGF1', 'THBS2', 'THPO', 'TIMP1', 'TNC', 'TNFRSF11B', 'TNFRSF13C', 'TSPAN1', 'UMOD', 'WIF1', 'XPNPEP2', 'XRCC4']",92
Fold 53,"['ACE2', 'ADAM15', 'ADAMTS13', 'ADAMTS15', 'ADGRG2', 'AFP', 'AHSP', 'AKR1C4', 'AMBP', 'ANGPTL3', 'AOC1', 'APEX1', 'B4GAT1', 'BAIAP2', 'BSG', 'C4BPB', 'CA11', 'CCL20', 'CD164', 'CD1C', 'CD209', 'CD22', 'CD27', 'CD276', 'CD38', 'CDHR1', 'CES2', 'CGA', 'CHIT1', 'CLPS', 'CLUL1', 'CNTN5', 'COLEC12', 'CPA2', 'CRTAC1', 'CSF2RA', 'CXCL8', 'DKKL1', 'DPT', 'DSG2', 'EPCAM', 'ERBB3', 'FABP4', 'FAP', 'FASLG', 'FBP1', 'FCAR', 'FCN2', 'FCRL5', 'FOLR1', 'FOSB', 'FST', 'GFAP', 'GFOD2', 'GFRA2', 'GGT1', 'GGT5', 'GLT8D2', 'GPA33', 'GPKOW', 'GRN', 'HBQ1', 'HMBS', 'HSP90B1', 'IGF2R', 'IGFBPL1', 'IL11', 'IL13', 'IL16', 'IL17C', 'IL2RA', 'IL33', 'ILKAP', 'ISLR2', 'JCHAIN', 'JUN', 'KCNIP4', 'KIR2DL3', 'KLK12', 'KLK14', 'L1CAM', 'LAMA4', 'LEP', 'LGALS1', 'LHB', 'LILRA5', 'LILRB1', 'LPO', 'LRP11', 'LRPAP1', 'LY9', 'LYPD1', 'LYPD8', 'MAGED1', 'MARCO', 'MDGA1', 'MET', 'MUC13', 'MZB1', 'NEFL', 'NELL2', 'NMNAT1', 'NOS1', 'NPM1', 'NPTN', 'NPY', 'NRP2', 'NTRK3', 'PAEP', 'PDGFC', 'PKLR', 'PLA2G7', 'PLAUR', 'PM20D1', 'PON3', 'PPY', 'PSIP1', 'PSPN', 'PTH1R', 'RANGAP1', 'RASA1', 'RGS8', 'S100A16', 'SCARB1', 'SCP2', 'SEZ6L2', 'SPINK1', 'SPINT1', 'SRP14', 'TCL1A', 'TCL1B', 'TDGF1', 'TFPI2', 'THPO', 'TNC', 'TNFRSF11A', 'TNFRSF13C', 'TNFRSF4', 'TNFRSF8', 'TPT1', 'TSHB', 'XG', 'XPNPEP2']",143
Fold 54,"['CCL7', 'LGALS9', 'MZB1']",3
Fold 55,"['BAIAP2', 'CCL20', 'CRTAC1', 'DSG4', 'FOSB', 'HDGF', 'IGF2R', 'LGALS1', 'MAGED1', 'MDGA1', 'MUC13', 'MZB1', 'SMOC2', 'TNC', 'XPNPEP2']",15
Fold 56,"['ACP5', 'ACP6', 'ADAMTS13', 'ADAMTS15', 'ADGRG1', 'AGR3', 'ANGPTL3', 'AOC1', 'BAIAP2', 'BSG', 'CALB2', 'CAPG', 'CCL15', 'CCL20', 'CD33', 'CD63', 'CDHR1', 'CES2', 'CHIT1', 'CHL1', 'CLEC11A', 'CLEC4G', 'CLPS', 'CPA2', 'CRELD2', 'CRHBP', 'CRTAC1', 'CTSF', 'CTSH', 'CTSL', 'CXCL8', 'DKKL1', 'DLL1', 'DNER', 'ENAH', 'EREG', 'F3', 'FABP2', 'FASLG', 'FBP1', 'FCGR2B', 'FCN2', 'FGF21', 'FOSB', 'GFRA2', 'GGT1', 'GGT5', 'GH2', 'HDGF', 'HEBP1', 'HLA-DRA', 'HSPB6', 'IFNGR1', 'IGF2R', 'IGSF3', 'IL10', 'IL11', 'IL1RAP', 'IL22RA1', 'IL2RB', 'IL33', 'IL7R', 'KCNIP4', 'KLB', 'KLK10', 'LAMA4', 'LGALS1', 'LILRA5', 'LRP11', 'LRPAP1', 'LRRC25', 'LSP1', 'LTA', 'LY96', 'MDGA1', 'MET', 'MSLN', 'MUC13', 'MUC16', 'MZB1', 'NCLN', 'NDUFS6', 'NECTIN2', 'NOMO1', 'NPTN', 'NPTXR', 'NTF3', 'PCOLCE', 'PDGFC', 'PNLIPRP2', 'PPY', 'PRKRA', 'PRL', 'RARRES1', 'RBP2', 'SEZ6L2', 'SIGLEC7', 'SIGLEC9', 'SLC39A5', 'SMOC2', 'SPINK6', 'SPINT1', 'SRP14', 'SSC5D', 'STC2', 'TDGF1', 'TFPI2', 'THPO', 'TMSB10', 'TNC', 'TNFRSF4', 'TNFSF11', 'TP53INP1', 'TPT1', 'TSHB', 'ULBP2', 'VWA1', 'XPNPEP2']",118
Fold 57,"['ADAM15', 'AMBN', 'AMY2A', 'AMY2B', 'BAIAP2', 'BCAN', 'C19orf12', 'CCL15', 'CCL20', 'CCL7', 'CD79B', 'CDCP1', 'CEACAM5', 'CES2', 'CNTN1', 'CPA2', 'CRTAC1', 'CSF1', 'CTSH', 'CTSL', 'DKKL1', 'DLL1', 'EPCAM', 'FCGR2B', 'FCN2', 'FCRL5', 'FCRL6', 'FCRLB', 'FGF21', 'FOSB', 'GDF15', 'GGT5', 'GH2', 'GPA33', 'HDGF', 'HLA-DRA', 'IGF2R', 'IGSF3', 'IL11', 'IL15RA', 'IL18RAP', 'IL2RB', 'IL5RA', 'ISM1', 'KCNIP4', 'KIR2DL3', 'KLK14', 'KRT18', 'LGALS9', 'LILRB1', 'LILRB5', 'MDGA1', 'MET', 'MUC13', 'MZB1', 'NEFL', 'NFATC3', 'NINJ1', 'NOMO1', 'NPTN', 'NRP2', 'OXT', 'PM20D1', 'PRTG', 'RASSF2', 'SDC1', 'SPINK6', 'SPINT1', 'SSC5D', 'TDGF1', 'THBS2', 'THPO', 'TLR3', 'TNC', 'TNFRSF11B', 'TNFRSF8', 'VWA1', 'XPNPEP2', 'XRCC4']",79
Fold 58,"['CAPG', 'CCL20', 'CRTAC1', 'CSTB', 'EGLN1', 'MSR1', 'MZB1']",7
Fold 59,"['ACE2', 'ADAMTS13', 'AKR1C4', 'ANGPTL2', 'ANGPTL3', 'ANXA5', 'AOC1', 'APEX1', 'ARNT', 'ATP6V1D', 'BAIAP2', 'BSG', 'C19orf12', 'CCL19', 'CCL20', 'CD164', 'CD1C', 'CD200', 'CD28', 'CD38', 'CD63', 'CD74', 'CDC27', 'CDHR1', 'CEACAM5', 'CES2', 'CHIT1', 'CLEC11A', 'CLPS', 'CLUL1', 'CNTN5', 'CRTAC1', 'CTRB1', 'CXCL8', 'DDR1', 'DKKL1', 'DPT', 'DSG4', 'ECE1', 'EREG', 'FABP4', 'FAP', 'FBP1', 'FCRL5', 'FGF21', 'GFAP', 'GFRA2', 'GGT5', 'GLT8D2', 'GP2', 'GPA33', 'GRN', 'HBQ1', 'HDGF', 'HMOX1', 'ICAM1', 'IDUA', 'IGF2R', 'IL13', 'IL16', 'IL17C', 'IL17RB', 'IL1RAP', 'IL24', 'IL2RA', 'IL5', 'ISLR2', 'JCHAIN', 'JUN', 'KCNIP4', 'KEL', 'KLK12', 'L1CAM', 'LAMA4', 'LEP', 'LGALS1', 'LILRA5', 'LILRB1', 'LRRC25', 'LY9', 'LY96', 'LYPD1', 'MAGED1', 'MARCO', 'MATN3', 'MDGA1', 'MET', 'MILR1', 'MME', 'MSLN', 'MSR1', 'MUC13', 'MZB1', 'NCLN', 'NELL2', 'NOMO1', 'NPTN', 'NPY', 'NTRK3', 'PCOLCE', 'PDGFC', 'PDGFRA', 'PIGR', 'PLA2G7', 'PLAUR', 'PNLIPRP2', 'PON2', 'PON3', 'PPY', 'PREB', 'PRKRA', 'PRSS8', 'PSIP1', 'PTH1R', 'PXN', 'RAB6B', 'RANGAP1', 'RARRES1', 'S100A16', 'SCARB1', 'SDC1', 'SIGLEC9', 'SOD2', 'SPINT1', 'SRP14', 'SSB', 'TANK', 'TDGF1', 'TFPI2', 'THBS2', 'THPO', 'TIMP3', 'TMPRSS5', 'TNFRSF8', 'TPT1', 'TSLP', 'TSPAN1', 'VTCN1', 'WFIKKN2', 'XPNPEP2', 'XRCC4']",141
Fold 60,"['CRTAC1', 'FOSB', 'GZMA', 'MDGA1', 'MSR1', 'MUC13', 'MZB1', 'PCSK9', 'PIGR', 'PON3', 'TNFRSF8']",11
Fold 61,['MZB1'],1
Fold 62,"['ACP6', 'ADAM15', 'ADAMTS13', 'ADAMTS15', 'ADCYAP1R1', 'ADGRG2', 'ANGPTL2', 'ARNT', 'B4GAT1', 'C19orf12', 'CA5A', 'CALB2', 'CARHSP1', 'CCL15', 'CCL20', 'CCL22', 'CEACAM3', 'CES2', 'CNTN1', 'CNTNAP2', 'COL4A1', 'CPA2', 'CPM', 'CRTAC1', 'CTSF', 'CTSH', 'DKKL1', 'DPT', 'DSG2', 'ECE1', 'ENPP7', 'EREG', 'FABP4', 'FBP1', 'FCAR', 'FCN2', 'FGF21', 'GFAP', 'GFRA2', 'GGT1', 'GGT5', 'GNLY', 'GPKOW', 'GZMB', 'HBQ1', 'HLA-DRA', 'ICAM5', 'IGF2R', 'IL11', 'IL13', 'IL16', 'IL17C', 'IL17F', 'IL22RA1', 'IL24', 'IL33', 'ILKAP', 'KCNIP4', 'KLB', 'KLK1', 'KLK10', 'KLK11', 'KLK14', 'LAMA4', 'LBR', 'LGALS1', 'LGALS9', 'LILRA5', 'LRPAP1', 'LTO1', 'LY96', 'MDGA1', 'MET', 'MSR1', 'MUC13', 'MZB1', 'NCLN', 'NDRG1', 'NFKBIE', 'NOMO1', 'NPTN', 'NRTN', 'NTRK3', 'PCOLCE', 'PDGFC', 'PKLR', 'PLAUR', 'PODXL2', 'POLR2F', 'PPP3R1', 'PPY', 'PQBP1', 'PRL', 'PTPRM', 'RANGAP1', 'SCGN', 'SERPINA12', 'SERPINB8', 'SH2D1A', 'SMOC2', 'SMPDL3A', 'SPINT1', 'SRP14', 'TFPI2', 'THPO', 'TMPRSS5', 'TNC', 'TNFRSF11A', 'TNFRSF13C', 'TNFRSF4', 'TNFSF13', 'TSPAN1', 'ULBP2', 'VEGFA', 'VWA1', 'VWF', 'WIF1', 'XPNPEP2', 'XRCC4']",119
Fold 63,[],0
Fold 64,"['ACE2', 'ACP5', 'ACP6', 'ACY1', 'ADCYAP1R1', 'ADGRG1', 'ALPP', 'AMY2A', 'AMY2B', 'AOC1', 'APOM', 'BAIAP2', 'CCL15', 'CCL20', 'CD63', 'CDHR1', 'CES3', 'CHI3L1', 'CLUL1', 'COL4A1', 'CRTAC1', 'CTSF', 'CTSV', 'DKK1', 'DKKL1', 'DLL1', 'ENPP7', 'ERBB4', 'FCN2', 'FCRL1', 'FCRL5', 'FCRLB', 'FGF21', 'FOSB', 'GFRA2', 'GGT5', 'GH2', 'HAVCR2', 'HBQ1', 'HDGF', 'IGF2R', 'IGFBPL1', 'IGSF3', 'IL17C', 'IL5RA', 'ISM1', 'KCNIP4', 'KLB', 'KLK1', 'KLK10', 'KLRB1', 'LGALS1', 'LHB', 'LRPAP1', 'LY9', 'LY96', 'MDGA1', 'MET', 'MILR1', 'MMP13', 'MUC13', 'MZB1', 'NCLN', 'NINJ1', 'NPTN', 'NRP1', 'NTRK3', 'PCOLCE', 'PDGFC', 'PDGFRA', 'PM20D1', 'PRSS8', 'PTH1R', 'RANGAP1', 'S100A16', 'SIGLEC9', 'SMOC2', 'SMPDL3A', 'SPINK6', 'SPINT1', 'TDGF1', 'THBS2', 'THPO', 'TMPRSS5', 'TNC', 'TNFRSF13B', 'TNFRSF8', 'TPT1', 'VEGFA', 'VWA1', 'XPNPEP2']",91
Fold 65,"['ADAM15', 'ADAMTS13', 'BST1', 'CAPG', 'CASP1', 'CCL15', 'CCL20', 'CCL23', 'CD177', 'CD63', 'CEACAM5', 'CHIT1', 'CNTN1', 'CPA2', 'CRTAC1', 'CTSF', 'CTSH', 'CXCL13', 'DKKL1', 'FBP1', 'FCGR2B', 'FGF21', 'FOSB', 'FUCA1', 'GPC5', 'HCLS1', 'HLA-DRA', 'HPGDS', 'IGF2R', 'IL10', 'IL13', 'IL16', 'IL18RAP', 'IL22RA1', 'IL33', 'KIR2DL3', 'KLK1', 'KLK14', 'LAMP3', 'LGALS1', 'LYN', 'MDGA1', 'MSLN', 'MUC13', 'MZB1', 'PIGR', 'PRL', 'PTPRM', 'RANGAP1', 'RBP2', 'S100A11', 'S100P', 'SCP2', 'SIGLEC9', 'SMOC2', 'SPINK6', 'SPINT1', 'SRP14', 'SSB', 'TDGF1', 'THBS2', 'THPO', 'TNFRSF8', 'VTCN1', 'XPNPEP2']",65
Fold 66,"['ACP5', 'ACP6', 'ADAM15', 'ADAMTS13', 'ADAMTS15', 'AMY2A', 'AMY2B', 'AOC1', 'APOM', 'ATP6V1D', 'BAIAP2', 'CCL15', 'CCL17', 'CCL20', 'CDHR1', 'CES2', 'CHIT1', 'CLPS', 'COL4A1', 'COLEC12', 'CRELD2', 'CRTAC1', 'CTRB1', 'CTSH', 'CXCL8', 'DKKL1', 'DPT', 'ENPP7', 'FABP4', 'FCRL5', 'FOSB', 'GFAP', 'GFRA2', 'GGT1', 'GGT5', 'GH2', 'HDGF', 'ICAM1', 'IGF2R', 'IGFBPL1', 'IL13', 'IL17C', 'ISLR2', 'ISM1', 'KCNIP4', 'LAMA4', 'LEP', 'LGALS1', 'LHB', 'LRRC25', 'LY96', 'LYPD1', 'MARCO', 'MASP1', 'MDGA1', 'MET', 'MME', 'MSLN', 'MUC13', 'MZB1', 'NCLN', 'NINJ1', 'NPTN', 'NPY', 'NRP1', 'NTRK3', 'PDGFC', 'PIGR', 'PM20D1', 'PON3', 'PPY', 'PRSS8', 'PSIP1', 'RANGAP1', 'RARRES1', 'SELPLG', 'SERPINB6', 'SIGLEC7', 'SIGLEC9', 'SIRT5', 'SMOC2', 'SOST', 'SPINT1', 'SRP14', 'TDGF1', 'THPO', 'TMPRSS5', 'TNFRSF11A', 'TNFRSF4', 'TSHB', 'TSLP', 'XPNPEP2', 'XRCC4']",93
Fold 67,[],0
Fold 68,[],0
Fold 69,"['CCL20', 'CDHR1', 'CEACAM3', 'CES2', 'CPA2', 'CRTAC1', 'CTSL', 'DKKL1', 'DLL1', 'FABP4', 'FGF21', 'GGT5', 'HDGF', 'HLA-DRA', 'KCNIP4', 'MDGA1', 'MUC13', 'MZB1', 'NDRG1', 'NPTN', 'PDGFC', 'PON3', 'PPY', 'TNFRSF13C', 'XPNPEP2']",25
Fold 70,"['CDCP1', 'DSG4', 'FBP1', 'GDF15', 'GRN', 'LGALS1', 'MZB1', 'PON3']",8
Fold 71,"['CCL7', 'GDF15', 'MZB1']",3
Fold 72,"['CCL20', 'CPA2', 'CRTAC1', 'CTSH', 'FABP4', 'HDGF', 'LGALS1', 'MDGA1', 'MZB1', 'PON3', 'PRSS8', 'TNFRSF8', 'XPNPEP2']",13
Fold 73,"['ADAM15', 'ANGPTL2', 'ARNT', 'BAIAP2', 'C19orf12', 'CCL20', 'CES2', 'CRTAC1', 'CTSF', 'DKKL1', 'DSG4', 'FCGR2A', 'IKZF2', 'IL22RA1', 'KCNIP4', 'MSR1', 'MUC13', 'MZB1', 'NDRG1', 'NPTN', 'PPY', 'RANGAP1', 'SMOC2', 'SRP14', 'TFPI2', 'TNC', 'XPNPEP2', 'XRCC4']",28
Fold 74,"['ADAM15', 'ADAMTS15', 'ADGRG2', 'AMY2A', 'AMY2B', 'ANGPTL7', 'ANXA3', 'ARNT', 'ARTN', 'ATP6V1D', 'B4GAT1', 'BAIAP2', 'CALB2', 'CCL19', 'CCL20', 'CD300C', 'CD5', 'CDH17', 'CDHR1', 'CEACAM5', 'CES2', 'CHIT1', 'CLEC4G', 'CNTN1', 'COL9A1', 'CPA2', 'CPVL', 'CRTAC1', 'CTSH', 'CTSL', 'CTSS', 'CXCL8', 'DKKL1', 'DLL1', 'DPT', 'ERBB4', 'FABP1', 'FBP1', 'FCGR2B', 'FCRL5', 'FOSB', 'FUT3_FUT5', 'GAL', 'GFOD2', 'GH2', 'GP2', 'GPA33', 'GZMA', 'HLA-DRA', 'IFNGR2', 'IGF2R', 'IL11', 'IL13', 'IL24', 'IL33', 'INHBC', 'ISM1', 'KCNIP4', 'KIR2DL3', 'KLK1', 'KLK12', 'KLK14', 'KLRD1', 'LAMA4', 'LGALS1', 'LGALS9', 'LILRB1', 'LY96', 'MARCO', 'MDGA1', 'MILR1', 'MUC13', 'MZB1', 'NOMO1', 'NPTN', 'NTRK3', 'PAMR1', 'PCSK9', 'PDGFC', 'PLA2G10', 'PM20D1', 'PON3', 'PPY', 'PRTG', 'PTS', 'RAB6B', 'RANGAP1', 'SDC1', 'SELE', 'SELPLG', 'SFTPD', 'SPINK6', 'SPINT1', 'TDGF1', 'TFPI2', 'THBS2', 'THPO', 'TLR3', 'TMPRSS5', 'TNC', 'TNFSF12', 'TSHB', 'TXLNA', 'XPNPEP2']",104
Fold 75,"['ADAM15', 'CCL19', 'CCL20', 'CDHR1', 'CRTAC1', 'CXCL8', 'DPT', 'ENPP7', 'FOSB', 'HLA-DRA', 'IGF2R', 'KLK10', 'MUC13', 'MZB1', 'NINJ1', 'PM20D1', 'PON3', 'RANGAP1', 'SMOC2', 'SOST', 'SSB', 'TDGF1', 'XPNPEP2', 'XRCC4']",24
Fold 76,"['ABL1', 'ACP6', 'ACTN4', 'ADAMTS13', 'ADAMTS15', 'AMBP', 'AMY2A', 'ANGPTL2', 'AOC1', 'ATP6V1D', 'B4GAT1', 'BAIAP2', 'BCL2L11', 'BSG', 'CALB2', 'CAMKK1', 'CASP1', 'CCL20', 'CD164', 'CD5', 'CD63', 'CDHR1', 'CES2', 'CGREF1', 'CHIT1', 'CHL1', 'CRTAC1', 'CTRB1', 'CTSH', 'CXCL13', 'DKKL1', 'DPY30', 'ENPP7', 'FABP4', 'FBP1', 'FCAR', 'FCGR2B', 'FCN2', 'FCRL5', 'FGF21', 'FOSB', 'GFAP', 'GFRA2', 'GGT5', 'HBQ1', 'HDGF', 'HEBP1', 'HLA-DRA', 'HMOX2', 'HSPG2', 'IDS', 'IFNGR1', 'IGF2R', 'IGFBPL1', 'IL11', 'IL13', 'IL17C', 'IL17D', 'IL22RA1', 'IL24', 'IL2RA', 'IL2RB', 'IL33', 'ISLR2', 'ISM1', 'KCNIP4', 'KIR2DL3', 'KLB', 'KLK12', 'LAMA4', 'LGALS1', 'LGALS9', 'LILRA5', 'LILRB1', 'LRPAP1', 'LTA', 'LY96', 'MARCO', 'MDGA1', 'MET', 'MSR1', 'MUC13', 'MUC16', 'MZB1', 'NCLN', 'NELL2', 'NINJ1', 'NPTN', 'PAEP', 'PDGFC', 'PDGFRA', 'PM20D1', 'PON2', 'PON3', 'PPY', 'PRSS8', 'PSIP1', 'PSPN', 'RANGAP1', 'RASSF2', 'S100A16', 'SELPLG', 'SIGLEC9', 'SMPDL3A', 'SRP14', 'SSC5D', 'SUMF2', 'TDGF1', 'THPO', 'TLR3', 'TMPRSS5', 'TNC', 'TNFRSF11A', 'TNFRSF13C', 'TNFRSF4', 'TNR', 'TPSAB1', 'TPT1', 'ULBP2', 'VASN', 'XPNPEP2']",121
Fold 77,"['CCL20', 'CCL7', 'CRTAC1', 'LGALS1', 'MZB1', 'NOMO1', 'TFPI2']",7
Fold 78,"['ADAMTS16', 'AMY2A', 'AMY2B', 'ASAH2', 'B4GAT1', 'CASP1', 'CCL15', 'CCL17', 'CCL19', 'CD63', 'CDH17', 'CDHR1', 'CDHR2', 'CEACAM5', 'CHIT1', 'CHL1', 'CLEC4G', 'CPA2', 'CPM', 'CRTAC1', 'CTRB1', 'CTSH', 'DKKL1', 'ERBB4', 'FBP1', 'FCGR2B', 'FGF21', 'FOSB', 'GDF15', 'GFRA2', 'GPC5', 'HLA-DRA', 'IGF2R', 'IL13', 'IL2', 'IL2RA', 'IL33', 'ISM1', 'KCNIP4', 'KLK1', 'KLK12', 'LAMA4', 'LY96', 'MDGA1', 'MME', 'MSLN', 'MUC13', 'MZB1', 'NCLN', 'NINJ1', 'NPTN', 'NPY', 'PCSK9', 'PDGFC', 'RANGAP1', 'S100A11', 'SIGLEC9', 'SMOC2', 'SPINK6', 'SPINT1', 'SRP14', 'TDGF1', 'THBS2', 'TMPRSS5', 'TNC', 'TNFRSF8', 'TSHB', 'XPNPEP2']",68
Fold 79,"['ACE2', 'ADAMTS13', 'ADGRG2', 'AHSP', 'AMBP', 'AOC1', 'BAIAP2', 'C4BPB', 'CCL20', 'CD38', 'CD63', 'CEP164', 'CES2', 'CLSPN', 'CNTN4', 'CNTN5', 'CPA2', 'CPE', 'CRTAC1', 'CXCL14', 'DPT', 'FCN2', 'FOSB', 'GFOD2', 'GGT1', 'GP2', 'GPA33', 'HDGF', 'HMBS', 'HSP90B1', 'IL15RA', 'IL17C', 'IL17RB', 'IL2RA', 'IL5', 'IL5RA', 'ILKAP', 'ISLR2', 'JCHAIN', 'KIR2DL3', 'KLRD1', 'LILRA5', 'LILRB1', 'LRP11', 'LRPAP1', 'LRRC25', 'LYPD1', 'LYPD8', 'MARCO', 'MDGA1', 'MET', 'MZB1', 'NDRG1', 'NRP1', 'NRP2', 'PIGR', 'PKLR', 'PLA2G7', 'PON3', 'PRDX1', 'PRL', 'PSIP1', 'RASA1', 'S100A16', 'SCARB1', 'SIGLEC9', 'SLC39A5', 'SRP14', 'SSB', 'TAFA5', 'TDGF1', 'TFRC', 'THPO', 'TMPRSS5', 'TNFRSF11A', 'TNFRSF13B', 'TNFRSF13C', 'TNFRSF4', 'TNFRSF8', 'TPT1', 'TSLP', 'XG', 'XPNPEP2']",83
Fold 80,"['ACP5', 'CCL20', 'CEACAM5', 'CES2', 'DLL1', 'FOSB', 'GPA33', 'HDGF', 'IL22RA1', 'KCNIP4', 'MDGA1', 'MUC13', 'MZB1', 'NOMO1', 'S100A16', 'SPINT1', 'TDGF1', 'THBS2', 'TMPRSS5', 'XPNPEP2']",20
Fold 81,"['ACP6', 'ADAM15', 'ADAMTS15', 'ADGRG1', 'ADGRG2', 'AMY2A', 'AMY2B', 'APLP1', 'APOM', 'ATP6V1D', 'C19orf12', 'CASP1', 'CCL15', 'CCL19', 'CDHR1', 'CEACAM5', 'CELA3A', 'CHIT1', 'CLEC4G', 'CNTN5', 'COL6A3', 'COLEC12', 'CPA1', 'CPVL', 'CRH', 'CRISP2', 'CRTAC1', 'CTRB1', 'CTSH', 'CTSL', 'CTSS', 'CXCL8', 'DKKL1', 'DPT', 'DSG4', 'FCGR2B', 'FCRL5', 'FOSB', 'GAL', 'GDF15', 'GFRA2', 'GGT1', 'GGT5', 'GH2', 'GRN', 'GZMA', 'HDGF', 'HLA-DRA', 'IGF2R', 'IGFBPL1', 'IL13', 'IL2RB', 'ISM1', 'KCNIP4', 'KLK1', 'KRT5', 'LAMA4', 'LGALS1', 'LGALS9', 'LILRB1', 'MAGED1', 'MAPT', 'MARCO', 'MASP1', 'MDGA1', 'MET', 'MICB_MICA', 'MILR1', 'MMP1', 'MSLN', 'MUC13', 'MZB1', 'NCAM2', 'NINJ1', 'NPTN', 'NPY', 'NTRK3', 'NXPH1', 'PLAUR', 'PM20D1', 'PON3', 'PPY', 'PRSS8', 'RAB6B', 'RANGAP1', 'REN', 'SERPINB1', 'SIGLEC7', 'SMOC2', 'SPINK6', 'SPINT1', 'SRP14', 'TDGF1', 'THPO', 'TLR3', 'TMSB10', 'TNC', 'TNFRSF11A', 'TNFRSF8', 'TSHB', 'TSLP', 'WFIKKN1', 'XPNPEP2']",103
Fold 82,"['ACTN4', 'ADAM15', 'ADAMTS13', 'ADAMTS15', 'AMIGO2', 'AOC1', 'BAIAP2', 'BSG', 'CCL19', 'CCL20', 'CD164', 'CD276', 'CD5', 'CDH17', 'CDHR1', 'CES2', 'CHIT1', 'CHL1', 'COL4A1', 'COPE', 'CPA2', 'CRTAC1', 'CTSL', 'CXCL8', 'DKKL1', 'DLL1', 'DPT', 'EREG', 'FASLG', 'FBP1', 'FCN2', 'FCRL5', 'FOLR1', 'FOSB', 'GFRA3', 'GGH', 'GGT5', 'GPA33', 'GPKOW', 'HBQ1', 'HCLS1', 'HLA-DRA', 'IGF2R', 'IL13', 'IL17D', 'IL17RB', 'IL1RAP', 'IL2RA', 'IL6', 'ISLR2', 'KCNIP4', 'KLB', 'LAMA4', 'LGALS1', 'LILRB1', 'LTBP3', 'LY9', 'LY96', 'LYPD1', 'MARCO', 'MDGA1', 'MET', 'MSR1', 'MUC13', 'MZB1', 'NCLN', 'NOS1', 'NPTN', 'NTF4', 'PCOLCE', 'PDGFC', 'PLA2G10', 'PLAU', 'PM20D1', 'PON3', 'PPY', 'PROC', 'RANGAP1', 'S100A16', 'SCP2', 'SELPLG', 'SIGLEC9', 'SIRT5', 'SMOC2', 'SOD2', 'SPINT1', 'SRP14', 'TDGF1', 'THBS2', 'TMPRSS5', 'TMSB10', 'TNC', 'TNFRSF13B', 'TNFRSF13C', 'TNFRSF4', 'TNFRSF8', 'TPT1', 'TXNDC5', 'ULBP2', 'VWA1', 'XPNPEP2', 'XRCC4']",102
Fold 83,"['LGALS1', 'LGALS9', 'MZB1', 'PON3']",4
Fold 84,"['ADAM15', 'ADAMTS13', 'ADAMTS15', 'ADM', 'ANG', 'ANGPTL2', 'ANXA3', 'AOC1', 'ATP6V1D', 'B4GAT1', 'CALB2', 'CAPG', 'CCL14', 'CCL20', 'CD164', 'CEACAM3', 'CES2', 'CFC1', 'CLC', 'CLUL1', 'CNTN1', 'CNTN2', 'CNTNAP2', 'COL4A1', 'COLEC12', 'CRTAC1', 'CSTB', 'CTSF', 'CXCL13', 'DDC', 'DKKL1', 'EGLN1', 'ERBB4', 'FABP4', 'FBP1', 'FCAR', 'FCN2', 'FCRL5', 'GFAP', 'GFRA2', 'GGT1', 'GGT5', 'GH2', 'GNLY', 'HBQ1', 'HCLS1', 'HDGF', 'HEBP1', 'HLA-DRA', 'ICAM5', 'IFNGR2', 'IGF2R', 'IL16', 'IL17C', 'IL2', 'IL22RA1', 'IL33', 'IL5', 'KLB', 'KLK1', 'KLK10', 'LGALS1', 'LRPAP1', 'LSP1', 'LTA', 'LTO1', 'LY96', 'LYPD1', 'LYPD3', 'MARCO', 'MDGA1', 'MET', 'MSLN', 'MUC13', 'MZB1', 'NFATC3', 'NOS1', 'NPTN', 'NPTXR', 'NRTN', 'NTF4', 'OMG', 'PAEP', 'PAG1', 'PCOLCE', 'PDGFC', 'PIGR', 'PLIN1', 'PM20D1', 'PPY', 'PRL', 'PRSS8', 'PSIP1', 'PSPN', 'PTK7', 'PTPRM', 'RANGAP1', 'S100A11', 'SAMD9L', 'SCARB1', 'SCGN', 'SIGLEC9', 'SLC39A5', 'SMPDL3A', 'SPINK1', 'SPINK6', 'SPINT1', 'SRP14', 'TFPI2', 'THPO', 'TIMP3', 'TMPRSS5', 'TNFRSF4', 'TNFRSF8', 'VWF', 'XPNPEP2']",116
Fold 85,"['ACE2', 'ADAMTS13', 'ADAMTS15', 'ADCYAP1R1', 'ADGRG1', 'ANGPTL2', 'AOC1', 'ATP6V1D', 'B4GAT1', 'BAIAP2', 'CAPG', 'CASP1', 'CCL19', 'CCL20', 'CD164', 'CD177', 'CD5', 'CD63', 'CDHR1', 'CES2', 'CHIT1', 'CHL1', 'COL4A1', 'CRLF1', 'CRTAC1', 'CSTB', 'CTRB1', 'CTSL', 'CXCL14', 'DKKL1', 'DLL1', 'DPT', 'DSG4', 'ECE1', 'EGLN1', 'ENPP7', 'EREG', 'FABP4', 'FBP1', 'FCGR2B', 'FCN2', 'FCRL5', 'FCRLB', 'FGF5', 'FGR', 'FOSB', 'FST', 'GFAP', 'GFRA2', 'GGT1', 'GGT5', 'GH2', 'GPA33', 'GUCA2A', 'HDGF', 'HEBP1', 'HLA-DRA', 'IFNGR2', 'IGF2R', 'IGSF3', 'IL13', 'IL17C', 'IL22RA1', 'IL24', 'IL33', 'IL5', 'ILKAP', 'ISM1', 'KCNIP4', 'KLK10', 'KLRB1', 'LAMA4', 'LHB', 'LILRB1', 'LRPAP1', 'LY96', 'MAGED1', 'MDGA1', 'MET', 'MME', 'MMP13', 'MSLN', 'MUC13', 'MUC16', 'MZB1', 'NELL2', 'NINJ1', 'NOMO1', 'NPTN', 'NPY', 'NRP2', 'NTF4', 'PAEP', 'PDGFC', 'PLA2G1B', 'PLAUR', 'PM20D1', 'PNLIPRP2', 'PON3', 'PPY', 'PSIP1', 'PTH1R', 'RANGAP1', 'RASSF2', 'S100A16', 'SCGN', 'SIGLEC9', 'SIT1', 'SLITRK6', 'SMPDL3A', 'SPINK6', 'SPINT1', 'SRP14', 'SSB', 'TDGF1', 'TFPI2', 'THBS2', 'THPO', 'TMPRSS5', 'TMSB10', 'TNC', 'TNFRSF11A', 'TNFRSF11B', 'TNFRSF13C', 'TNFRSF4', 'TNFRSF8', 'TPT1', 'TXLNA', 'ULBP2', 'VSTM2L', 'XPNPEP2']",131
Fold 86,[],0
Fold 87,"['ACE2', 'AFP', 'AOC1', 'BAIAP2', 'BST1', 'BTN3A2', 'C19orf12', 'CA6', 'CALB2', 'CCL19', 'CCL20', 'CCL7', 'CDH17', 'CEACAM21', 'CHIT1', 'CNTN5', 'COL4A1', 'COPE', 'CPA2', 'CRTAC1', 'CTSH', 'DKKL1', 'DLL1', 'DPT', 'DSG4', 'EPCAM', 'EREG', 'FBP1', 'FCN2', 'FGF21', 'FOSB', 'GDF15', 'GFAP', 'GFRA2', 'GGH', 'GGT1', 'GGT5', 'GPA33', 'GRN', 'HBQ1', 'HCLS1', 'IL11', 'IL13', 'IL17F', 'IL17RB', 'IL1A', 'IL1RAP', 'IL22RA1', 'IL2RA', 'ISLR2', 'JUN', 'KLB', 'KLK12', 'LGALS1', 'LILRB1', 'LRP11', 'LTBP3', 'LY9', 'LYPD1', 'MARCO', 'MDGA1', 'MET', 'MUC13', 'MZB1', 'NCLN', 'NEFL', 'NOS1', 'NPTN', 'NPY', 'PAEP', 'PARP1', 'PCOLCE', 'PIGR', 'PLAUR', 'POLR2F', 'PON3', 'PRKRA', 'PSIP1', 'RANGAP1', 'RARRES1', 'S100A16', 'SCP2', 'SIGLEC7', 'SIGLEC9', 'SLC16A1', 'SMOC2', 'SPINT1', 'SRP14', 'SSB', 'SSC4D', 'STC1', 'THBS2', 'TMSB10', 'TNC', 'TNFRSF11A', 'TNFRSF13B', 'TNFRSF8', 'TPT1', 'TSLP', 'ULBP2', 'VWA1', 'XPNPEP2']",102
Fold 88,[],0
Fold 89,"['ADAM15', 'ADGRG1', 'ANGPTL2', 'ANXA3', 'ATP6V1D', 'B4GAT1', 'CASP1', 'CCL15', 'CCL20', 'CD177', 'CDH17', 'CDHR2', 'CELA3A', 'CHI3L1', 'CHIT1', 'COL9A1', 'CPA2', 'CRTAC1', 'CSTB', 'CTRB1', 'CTSH', 'DKKL1', 'FCRL5', 'FOSB', 'GNLY', 'GZMA', 'HCLS1', 'HLA-DRA', 'IFNGR2', 'IGF2R', 'IL12RB1', 'IL18RAP', 'IL1B', 'ISM1', 'KCNIP4', 'KIR2DL3', 'KLK1', 'KLK12', 'LGALS1', 'MDGA1', 'MUC13', 'MZB1', 'NCLN', 'PDGFC', 'PIGR', 'PM20D1', 'PON3', 'S100A16', 'SCARB1', 'SMOC2', 'SPINT1', 'SRP14', 'TDGF1', 'THBS2', 'THPO', 'TMPRSS5', 'TNFRSF8', 'XPNPEP2']",58
Fold 90,"['CCL20', 'CES2', 'FOSB', 'LGALS1', 'MDGA1', 'MZB1', 'NDRG1', 'PDGFC', 'PON3', 'TMSB10', 'TNFRSF8']",11
Fold 91,"['ACE2', 'ADAMTS13', 'ADAMTS15', 'AGRP', 'ANG', 'ANGPTL2', 'AOC1', 'APEX1', 'BAIAP2', 'CALB2', 'CCL20', 'CD38', 'CD5', 'CDH17', 'CDHR1', 'CES2', 'CHIT1', 'CNTN5', 'COL6A3', 'COLEC12', 'CPA2', 'CRTAC1', 'CST3', 'CTSF', 'CXCL8', 'DKKL1', 'DPT', 'DSG4', 'DTX3', 'EPCAM', 'FABP4', 'FASLG', 'FBP1', 'FCRL5', 'FOLR1', 'FOSB', 'GFOD2', 'GFRA2', 'GGT5', 'GNLY', 'GPA33', 'GPC5', 'HDGF', 'HPGDS', 'HSPG2', 'ICAM1', 'IFNGR2', 'IGF2R', 'IL11', 'IL13', 'IL16', 'IL17C', 'IL1RAP', 'IL2RA', 'IL32', 'ITGB6', 'JCHAIN', 'KIR2DL3', 'KLK12', 'KLRD1', 'LAMP3', 'LGALS9', 'LILRA5', 'LILRB1', 'LRRC25', 'LY96', 'LYPD1', 'MARCO', 'MDGA1', 'MET', 'MGMT', 'MTPN', 'MUC13', 'MZB1', 'NELL2', 'NOMO1', 'NPTN', 'NPY', 'NTRK3', 'PARP1', 'PDGFC', 'PON3', 'PRKRA', 'PRSS8', 'PSIP1', 'PSMA1', 'RANGAP1', 'RGS8', 'S100A16', 'SCGN', 'SEZ6L2', 'SIGLEC10', 'SIGLEC7', 'SMOC2', 'SPINT1', 'SPP1', 'SSB', 'THBS2', 'TNFRSF4', 'TPT1', 'TSHB', 'TSLP', 'TSPAN1', 'XPNPEP2']",104
Fold 92,[],0
Fold 93,"['CCL7', 'CXCL8', 'LGALS1', 'MZB1', 'TNFRSF10A']",5
Fold 94,"['CCL20', 'CCL7', 'CRTAC1', 'MZB1']",4
Fold 95,"['CCL7', 'MZB1']",2
Fold 96,"['CAPG', 'CCL20', 'CRTAC1', 'FOSB', 'LGALS1', 'MZB1', 'PDGFC', 'SSB']",8
Fold 97,"['ANGPTL2', 'CCL7', 'CRTAC1', 'CTSH', 'DSG4', 'LGALS1', 'MZB1', 'NDRG1', 'PON3', 'SPINT1']",10
Fold 98,"['ACE2', 'ACP5', 'ACY1', 'ADAMTS15', 'AHSP', 'ANGPTL2', 'AOC1', 'ARSA', 'BAIAP2', 'BST1', 'CA6', 'CBLIF', 'CCL15', 'CCL20', 'CD200R1', 'CD276', 'CD74', 'CDC27', 'CDH5', 'CDHR1', 'CHIT1', 'CLEC11A', 'CLUL1', 'CNTN5', 'CPA2', 'CRTAC1', 'CSTB', 'CTSF', 'CTSH', 'CTSL', 'CXCL13', 'DKKL1', 'DLL1', 'DPT', 'DSG2', 'EPCAM', 'FABP4', 'FAM3B', 'FASLG', 'FCN2', 'FCRL5', 'FOSB', 'GDF15', 'GFRA2', 'GGT5', 'GP2', 'GPA33', 'GRN', 'HBQ1', 'HDGF', 'HPGDS', 'IFNGR2', 'IGFBPL1', 'IGSF3', 'IL10', 'IL17C', 'IL32', 'IL5', 'IL5RA', 'ISLR2', 'JCHAIN', 'KCNIP4', 'KIR2DL3', 'KLK1', 'KLK12', 'KLRB1', 'KLRD1', 'L1CAM', 'LAMA4', 'LGALS1', 'LHB', 'LILRB1', 'LRP11', 'LRPAP1', 'LRRC25', 'LTO1', 'LY9', 'LY96', 'LYPD1', 'MAD1L1', 'MARCO', 'MDGA1', 'MET', 'MUC13', 'MZB1', 'NCAM2', 'NCLN', 'NOS3', 'NRP2', 'NTRK3', 'PADI2', 'PM20D1', 'PON3', 'PPY', 'PRKRA', 'PSIP1', 'PSPN', 'RANGAP1', 'REN', 'S100A16', 'SCP2', 'SERPINA11', 'SFTPA2', 'SLAMF7', 'SLC39A5', 'SOST', 'SPINK6', 'SPINT1', 'SPP1', 'SRP14', 'SSB', 'SSC5D', 'TFPI2', 'THBS2', 'THPO', 'TNFRSF11A', 'TNFRSF11B', 'TNFRSF13B', 'TNFRSF6B', 'TNFRSF8', 'TNFSF11', 'TPT1', 'ULBP2', 'VWA1', 'XRCC4']",125
Fold 99,"['ADAM15', 'AMIGO2', 'AMY2B', 'ANGPTL2', 'AOC1', 'APOM', 'ARNT', 'ATP6V1D', 'BAIAP2', 'CCL15', 'CCL19', 'CCL20', 'CD163', 'CD34', 'CD5', 'CD63', 'CD70', 'CDH17', 'CDHR1', 'CDHR2', 'CEACAM21', 'CEACAM5', 'CELA3A', 'CHIT1', 'CLUL1', 'CNTN5', 'COL9A1', 'CRTAC1', 'CTSF', 'CTSH', 'CXCL8', 'DKKL1', 'DPT', 'DSG4', 'ENG', 'EPCAM', 'ERBB4', 'FCGR2A', 'FCRL5', 'FGF19', 'FOSB', 'FUT3_FUT5', 'GAL', 'GDF15', 'GFOD2', 'GFRA2', 'GGT1', 'GNLY', 'GPA33', 'GPC5', 'GRN', 'HDGF', 'HLA-DRA', 'ICAM1', 'IFNGR2', 'IGF2R', 'IL13', 'IL2RA', 'ISM1', 'ITGB2', 'KCNIP4', 'KIR2DL3', 'KLK12', 'KLK14', 'LIF', 'LILRB1', 'LY96', 'MATN2', 'MDGA1', 'MILR1', 'MMP13', 'MSR1', 'MUC13', 'MZB1', 'NCLN', 'NINJ1', 'NOMO1', 'NPTN', 'NRP1', 'PCSK9', 'PDGFC', 'PIGR', 'PM20D1', 'PON3', 'PPY', 'PSIP1', 'PTH1R', 'PTPRM', 'RAB6B', 'RANGAP1', 'RBP2', 'SAMD9L', 'SCARB1', 'SERPINB9', 'SIGLEC1', 'SIGLEC7', 'SIGLEC9', 'SMOC2', 'SPINK6', 'SPINT1', 'SRP14', 'TDGF1', 'THBS2', 'THPO', 'TIGAR', 'TLR3', 'TMPRSS5', 'TNC', 'TNFRSF11B', 'TNFRSF13B', 'TNFRSF8', 'TSHB', 'TSLP', 'TSPAN1', 'VMO1', 'VWF', 'XPNPEP2', 'XRCC4']",118
