,Fold selected features,Fold nb of features
Fold 0,"['ACE2', 'ACP5', 'ADAMTS15', 'ADGRG1', 'ALCAM', 'ALPP', 'ANGPTL2', 'ANGPTL3', 'AOC1', 'APOM', 'AZU1', 'BAIAP2', 'BCAN', 'BST1', 'CAPG', 'CCL15', 'CCL20', 'CD164', 'CD276', 'CD63', 'CDHR1', 'CDHR2', 'CELA3A', 'CHI3L1', 'CLEC4C', 'CLUL1', 'CPA2', 'CRTAC1', 'CSF2RA', 'CTRB1', 'CTSH', 'CTSL', 'DKKL1', 'DPT', 'ENPP7', 'EREG', 'FABP1', 'FABP4', 'FASLG', 'FCAR', 'FCGR2B', 'FCN2', 'FCRL5', 'FGF21', 'GFRA2', 'GGT5', 'GH2', 'GPA33', 'HBQ1', 'HCLS1', 'ICAM1', 'IGF2R', 'IGFBPL1', 'IKBKG', 'IL11', 'IL17A', 'IL17RA', 'IL1A', 'IL1RAP', 'IL22RA1', 'IL2RB', 'IL33', 'IL5RA', 'ISM1', 'KCNIP4', 'KIR2DL3', 'KLB', 'LAMA4', 'LBR', 'LGALS1', 'LRPAP1', 'LYPD1', 'LYPD8', 'MARCO', 'MDGA1', 'MET', 'MSLN', 'MUC13', 'MZB1', 'NCLN', 'NEFL', 'NINJ1', 'NOMO1', 'NOS1', 'NPTN', 'NPTXR', 'NPY', 'NRTN', 'PCOLCE', 'PDGFRA', 'PIGR', 'PLIN1', 'PM20D1', 'PON3', 'PPY', 'PRKRA', 'PSIP1', 'PTS', 'S100A16', 'SCARB1', 'SCGN', 'SCP2', 'SIGLEC9', 'SMOC2', 'SMPDL3A', 'SOST', 'SPINT1', 'SRP14', 'SSC5D', 'TDGF1', 'THBS2', 'THPO', 'TLR3', 'TMPRSS5', 'TMSB10', 'TNC', 'TNFRSF11B', 'TNFRSF13B', 'TNFRSF4', 'TP53INP1', 'TPT1', 'TXLNA', 'ULBP2', 'WFIKKN1', 'WISP1', 'XPNPEP2']",126
Fold 1,"['CCL7', 'JUN', 'LGALS1', 'MZB1', 'PON3', 'SDC1', 'TNFRSF8']",7
Fold 2,"['ANGPTL2', 'CDCP1', 'CRTAC1', 'FOSB', 'LGALS1', 'MDGA1', 'MSR1', 'MZB1', 'PON3', 'SIGLEC9', 'TNFRSF8']",11
Fold 3,"['ADAM15', 'ADAMTS13', 'AMY2A', 'AMY2B', 'ANGPTL2', 'AOC1', 'B4GAT1', 'BAIAP2', 'BCAN', 'CAPG', 'CASP1', 'CCL15', 'CCL19', 'CCL20', 'CCL23', 'CD300C', 'CD63', 'CDH17', 'CDHR1', 'CEACAM5', 'CELA3A', 'CHIT1', 'CHL1', 'CNTN1', 'CPA2', 'CRTAC1', 'CTRB1', 'CTSH', 'CXCL8', 'DDC', 'DKKL1', 'DPP6', 'DSG4', 'ENPP7', 'FBP1', 'FCGR2B', 'FGF21', 'FOSB', 'FUCA1', 'GAL', 'GFRA2', 'GGT1', 'GGT5', 'GNLY', 'GPC5', 'HLA-DRA', 'HPGDS', 'IFNGR1', 'IFNGR2', 'IGF2R', 'IL13', 'IL13RA1', 'IL16', 'IL1RAP', 'IL2', 'IL2RA', 'IL33', 'ISM1', 'KCNIP4', 'KIR2DL3', 'KLK11', 'KLK12', 'LILRA5', 'LY96', 'MDGA1', 'MET', 'MMP13', 'MSLN', 'MUC13', 'MZB1', 'NCLN', 'NINJ1', 'NPTN', 'NPY', 'PCDH1', 'PCSK9', 'PDGFC', 'PIGR', 'PLAUR', 'PM20D1', 'PPY', 'PRL', 'RANGAP1', 'SMOC2', 'SPINK6', 'SPINT1', 'SRP14', 'TDGF1', 'THBS2', 'TMPRSS5', 'TNC', 'TNFRSF8', 'TNFSF12', 'TSHB', 'XPNPEP2', 'XRCC4']",96
Fold 4,"['ACAN', 'ACP6', 'ADAM15', 'ADAMTS13', 'ASAH2', 'ATP6V1D', 'C19orf12', 'CA5A', 'CALB2', 'CASP1', 'CCL15', 'CCL20', 'CDHR1', 'CES2', 'CHIT1', 'CLUL1', 'CPVL', 'CRTAC1', 'CRTAM', 'CSTB', 'CTSB', 'CTSF', 'CXADR', 'CXCL8', 'DKK4', 'DKKL1', 'DSG4', 'ENPP7', 'ERBB3', 'FABP4', 'FCAR', 'FCGR2B', 'FCN2', 'FCRL5', 'FGF21', 'GFAP', 'GFRA2', 'GGH', 'GGT1', 'GH2', 'GP2', 'GPKOW', 'GPNMB', 'GRN', 'HDGF', 'HLA-DRA', 'IFNGR1', 'IGF2R', 'IL11', 'IL13', 'IL22RA1', 'IL5', 'KLK1', 'LAMA4', 'LEP', 'LGALS1', 'LILRA5', 'LILRB1', 'LY96', 'LYPD3', 'MAGED1', 'MARCO', 'MDGA1', 'MME', 'MUC13', 'MZB1', 'NCS1', 'NDRG1', 'NPTN', 'NRP1', 'NRTN', 'PCOLCE', 'PCSK9', 'PDGFC', 'PLAUR', 'PM20D1', 'PPY', 'PRL', 'PSIP1', 'PTH1R', 'RANGAP1', 'RARRES1', 'RET', 'RETN', 'S100A16', 'SIGLEC7', 'SLC39A5', 'SLITRK6', 'SMOC2', 'SRP14', 'TCL1A', 'TFPI2', 'THPO', 'TIGAR', 'TMPRSS5', 'TMSB10', 'TNFRSF13C', 'TNFSF12', 'TSHB', 'TSPAN1', 'VEGFD', 'VWA1', 'WIF1', 'XPNPEP2', 'XRCC4']",105
Fold 5,"['CCL7', 'FBP1', 'LGALS9', 'MZB1', 'NOMO1']",5
Fold 6,"['ACTN4', 'ADAM15', 'ADAMTS13', 'ADAMTS15', 'ADGRG2', 'AMN', 'AMY2B', 'AOC1', 'BAIAP2', 'CCL20', 'CD209', 'CD5', 'CD63', 'CDHR1', 'CHIT1', 'CLPS', 'CNDP1', 'CPA2', 'CRTAC1', 'CTRB1', 'CTSB', 'CTSH', 'CXCL13', 'DKKL1', 'ENPP7', 'EPCAM', 'FABP4', 'FBP1', 'FCGR2A', 'FCGR2B', 'FCRL5', 'FOSB', 'GDF15', 'GFRA2', 'GFRA3', 'GGH', 'GGT1', 'GGT5', 'GH2', 'HBQ1', 'HDGF', 'HLA-DRA', 'IGF2R', 'IL11', 'IL13', 'IL17RB', 'IL1A', 'IL2RA', 'ISLR2', 'JUN', 'KCNIP4', 'KLB', 'KLK1', 'KLK12', 'LGALS1', 'LILRB1', 'LTBP3', 'LY96', 'LYPD1', 'MAGED1', 'MDGA1', 'MET', 'MMP13', 'MSR1', 'MUC13', 'MUC16', 'MZB1', 'NCLN', 'NDRG1', 'NPTN', 'NPTXR', 'PAEP', 'PDGFC', 'PIGR', 'PLA2G10', 'PM20D1', 'PON3', 'PPY', 'PRSS8', 'PSIP1', 'PSPN', 'RARRES1', 'S100A16', 'SELPLG', 'SIGLEC9', 'SLC16A1', 'SMOC2', 'SPINT1', 'SRP14', 'SSC5D', 'TDGF1', 'THPO', 'TLR3', 'TMPRSS5', 'TNC', 'TNFRSF13B', 'TNFRSF4', 'TNFRSF8', 'TPT1', 'TSLP', 'TSPAN1', 'VWF', 'XPNPEP2']",103
Fold 7,"['ADAM15', 'ANGPTL2', 'BAIAP2', 'CCL20', 'CD5', 'CES2', 'COPE', 'CRTAC1', 'DSG4', 'FCRL5', 'FOSB', 'ICAM4', 'IL5', 'KIR2DL3', 'MDGA1', 'MZB1', 'NFATC3', 'NRP1', 'SIGLEC9', 'SIT1', 'SMOC2', 'SSB', 'TFRC', 'TMPRSS5', 'TNFRSF13C', 'VEGFD', 'XPNPEP2']",27
Fold 8,"['ACAN', 'ADAM15', 'ADAMTS13', 'ADAMTS15', 'ADAMTS16', 'ADGRG2', 'AHSP', 'AMY2A', 'AMY2B', 'ANXA3', 'AOC1', 'APEX1', 'ARTN', 'ASAH2', 'B4GAT1', 'C4BPB', 'CCL15', 'CCL19', 'CD300LG', 'CD5', 'CD63', 'CDHR1', 'CEACAM5', 'CELA3A', 'CES2', 'CHIT1', 'CHL1', 'CLEC4G', 'CLUL1', 'COLEC12', 'CPA1', 'CPA2', 'CPVL', 'CRTAC1', 'CTRB1', 'CTSH', 'CXCL8', 'DKK4', 'DLL1', 'DPEP2', 'DPT', 'ERBB3', 'ERBB4', 'FABP1', 'FABP4', 'FCGR2B', 'FCN2', 'FOSB', 'FUCA1', 'GAL', 'GFAP', 'GFOD2', 'GFRA2', 'GGT5', 'GNLY', 'GPA33', 'GRN', 'GZMA', 'HBQ1', 'HLA-DRA', 'HMBS', 'ICAM2', 'IFNGR1', 'IGF2R', 'IKZF2', 'IL16', 'IL20', 'IL33', 'ISM1', 'KCNIP4', 'KIR2DL3', 'KLK12', 'KLK14', 'KRT5', 'LAMA4', 'LGALS1', 'LILRB1', 'MAPT', 'MARCO', 'MDGA1', 'MGMT', 'MICB_MICA', 'MILR1', 'MMP13', 'MSTN', 'MUC13', 'MZB1', 'NAMPT', 'NCAM2', 'NINJ1', 'NPTN', 'NTRK3', 'PADI2', 'PCOLCE', 'PDGFC', 'PIGR', 'PM20D1', 'PODXL2', 'PON3', 'PRTG', 'PSPN', 'RANGAP1', 'RASSF2', 'RBP2', 'REG4', 'SCARB1', 'SERPINB8', 'SIGLEC10', 'SIGLEC9', 'SPINK1', 'SPINT1', 'SRP14', 'TDGF1', 'TFRC', 'THPO', 'TLR3', 'TMSB10', 'TNC', 'TNFRSF8', 'TSHB', 'UMOD', 'VEGFA', 'WFIKKN1', 'WIF1', 'XPNPEP2']",125
Fold 9,"['CCL20', 'FOSB', 'GDF15', 'LGALS1', 'LILRB1', 'MZB1', 'PON3', 'TFPI2']",8
Fold 10,"['CCL20', 'CRTAC1', 'FOSB', 'GNLY', 'HDGF', 'IL5RA', 'MDGA1', 'MZB1', 'NDRG1', 'PON3', 'TNFRSF8']",11
Fold 11,"['CCL7', 'CRTAC1', 'LGALS1', 'MZB1']",4
Fold 12,"['ADAMTS15', 'ADGRG1', 'AFP', 'AGRN', 'AHSP', 'AMBP', 'ANGPTL3', 'APEX1', 'ARID4B', 'ATF2', 'ATP6V1D', 'BAIAP2', 'C19orf12', 'CALB2', 'CCL15', 'CCL7', 'CD164', 'CD5', 'CD63', 'CD74', 'CDH5', 'CDHR1', 'CEACAM5', 'CES2', 'CHIT1', 'CLEC4G', 'CNTN5', 'CRH', 'CRTAC1', 'CTSL', 'DDX58', 'DKKL1', 'DPT', 'DPY30', 'DSG4', 'EDIL3', 'EPCAM', 'ERBB3', 'FABP1', 'FBP1', 'FCGR2A', 'FCGR2B', 'FCRLB', 'FGF21', 'FOSB', 'GDF15', 'GFRA2', 'GGT5', 'GHRHR', 'GPA33', 'GPKOW', 'ICAM1', 'IGFBPL1', 'IL13', 'IL16', 'IL1RAP', 'IL2RA', 'IL2RB', 'ISLR2', 'KCNIP4', 'KIR2DL3', 'KLK12', 'KRT5', 'LAIR1', 'LEP', 'LGALS1', 'LGALS9', 'LILRA5', 'LILRB1', 'LILRB2', 'LILRB5', 'LRIG1', 'LTBP2', 'LY9', 'LY96', 'MDGA1', 'MET', 'MSLN', 'MZB1', 'NCAM2', 'NEFL', 'NMNAT1', 'NOMO1', 'NPTN', 'NPY', 'NTRK3', 'PDCD1LG2', 'PLA2G7', 'PLAUR', 'PON3', 'PRKRA', 'PRSS8', 'PSIP1', 'RAB6B', 'RANGAP1', 'REN', 'S100A16', 'SCARB1', 'SDC1', 'SIRT5', 'SPINT1', 'SRP14', 'SSB', 'ST3GAL1', 'TCL1A', 'TDGF1', 'TFPI2', 'THBS2', 'THPO', 'TNC', 'TNFRSF11A', 'TNFRSF8', 'TNFSF12', 'TSLP', 'TYRO3', 'VWF']",116
Fold 13,"['CCL20', 'CRTAC1', 'FABP4', 'HLA-DRA', 'LGALS1', 'MZB1']",6
Fold 14,"['ACP6', 'ADAMTS13', 'ADAMTS15', 'ADAMTS16', 'AMY2B', 'AOC1', 'BAIAP2', 'CAMKK1', 'CCL19', 'CCL20', 'CD22', 'CD276', 'CDHR1', 'CHIT1', 'CLEC4G', 'CNDP1', 'CPA2', 'CRTAC1', 'CTSH', 'CTSS', 'CXCL8', 'DNER', 'DSG4', 'FCAR', 'FCN2', 'FCRL5', 'FOSB', 'GFOD2', 'GFRA2', 'GGH', 'GGT5', 'GH2', 'HLA-DRA', 'ICAM1', 'IFNLR1', 'IGF2R', 'IGFBPL1', 'IGSF3', 'IL11', 'IL17C', 'IL1A', 'IL2RA', 'IL5RA', 'JUN', 'KCNIP4', 'KLB', 'KLK10', 'LAMA4', 'LGALS1', 'LHB', 'LHPP', 'LILRB1', 'LRP11', 'LY96', 'MAGED1', 'MAPT', 'MARCO', 'MDGA1', 'MET', 'MILR1', 'MSR1', 'MUC13', 'MUC16', 'MZB1', 'NADK', 'NCLN', 'NINJ1', 'NOMO1', 'NRP1', 'PDCD5', 'PDGFC', 'PIGR', 'PON2', 'PRTG', 'S100A16', 'SDC1', 'SELE', 'SELPLG', 'SIGLEC7', 'SIGLEC9', 'SMOC2', 'SNX9', 'SOD2', 'TCN2', 'TDGF1', 'TFRC', 'THBD', 'TLR3', 'TMPRSS5', 'TNFRSF13B', 'TNFRSF4', 'TNFRSF8', 'TP53INP1', 'TSHB', 'WFIKKN1', 'XPNPEP2']",96
Fold 15,"['ANGPTL2', 'CCL20', 'CRTAC1', 'EGLN1', 'FCAR', 'FOSB', 'IGF2R', 'LGALS1', 'MZB1', 'PLAUR', 'PON3', 'TMSB10', 'TNFRSF8']",13
Fold 16,"['CCL20', 'CCL7', 'CES2', 'CRTAC1', 'CXCL8', 'FGF21', 'FOSB', 'GDF15', 'IL22RA1', 'LGALS1', 'MDGA1', 'MSLN', 'MUC13', 'MZB1', 'PON3', 'PRSS8']",16
Fold 17,"['CCL7', 'DSG4', 'MZB1', 'SDC1']",4
Fold 18,"['CDCP1', 'LGALS9', 'MZB1']",3
Fold 19,"['CCL20', 'CRTAC1', 'IL2RA', 'JUN', 'LGALS1', 'MAD1L1', 'MZB1']",7
Fold 20,"['CCL20', 'CRTAC1', 'LGALS1', 'MET', 'MZB1']",5
Fold 21,"['ADAMTS13', 'CCL20', 'CCL7', 'CRTAC1', 'CXCL8', 'FBP1', 'FOSB', 'IL22RA1', 'LGALS1', 'LILRB1', 'MDGA1', 'MSLN', 'MUC13', 'MZB1', 'NOMO1', 'PON3', 'SRP14', 'TFPI2', 'XPNPEP2']",19
Fold 22,"['BAIAP2', 'CCL20', 'CRTAC1', 'CXCL8', 'FABP4', 'GGT1', 'JUN', 'LGALS1', 'MZB1', 'PLAUR', 'PSIP1', 'TMSB10', 'TNFRSF8']",13
Fold 23,"['ACAN', 'ACP6', 'ADAM15', 'ADAMTS13', 'ADCYAP1R1', 'ADGRG2', 'AKR1C4', 'AMY2A', 'AMY2B', 'ANGPTL2', 'ANGPTL3', 'ANXA5', 'AOC1', 'C19orf12', 'CALB2', 'CCL15', 'CCL17', 'CCL20', 'CD63', 'CDH17', 'CDHR1', 'CES2', 'CHIT1', 'CLEC4G', 'CLPS', 'CLUL1', 'CPA1', 'CPA2', 'CRELD2', 'CRTAC1', 'CRX', 'CSF2RA', 'CTSF', 'CTSL', 'CTSS', 'CXCL8', 'DKK4', 'DKKL1', 'DLL1', 'DPT', 'DSG4', 'ECE1', 'ENPP7', 'ERBB3', 'EREG', 'FABP1', 'FABP9', 'FCAR', 'FCGR2A', 'FCN2', 'FCRL1', 'FGF21', 'FOSB', 'GFAP', 'GFOD2', 'GFRA2', 'GGT5', 'GLB1', 'GPA33', 'HBQ1', 'HCLS1', 'HDGF', 'HMBS', 'IFNGR1', 'IFNGR2', 'IGF2R', 'IKBKG', 'IL11', 'IL13', 'IL16', 'IL17C', 'IL22RA1', 'IL2RA', 'IL2RB', 'IL33', 'IL5RA', 'KCNIP4', 'KIR2DL3', 'KLB', 'KLK1', 'KLK14', 'LAMA4', 'LEP', 'LGALS9', 'LY96', 'LYPD1', 'LYPD8', 'MAPK9', 'MARCO', 'MDGA1', 'MET', 'MGMT', 'MME', 'MMP13', 'MSR1', 'MUC13', 'MUC16', 'MZB1', 'NCLN', 'NELL2', 'NOMO1', 'NPTN', 'NTRK3', 'PDGFC', 'PIGR', 'PKLR', 'PLA2G10', 'PM20D1', 'PODXL2', 'PON3', 'PPP1R2', 'PPP3R1', 'PPY', 'PRSS8', 'PTH1R', 'RANGAP1', 'RARRES1', 'SAMD9L', 'SCARB1', 'SCGN', 'SDC1', 'SERPINB9', 'SEZ6L2', 'SIGLEC9', 'SMOC2', 'SPINK1', 'SPINT1', 'SRP14', 'SSB', 'TDGF1', 'TFRC', 'THPO', 'TMPRSS5', 'TMSB10', 'TNC', 'TNFRSF13B', 'TNFRSF13C', 'TNFRSF8', 'TSHB', 'TSLP', 'TXLNA', 'WIF1', 'XPNPEP2', 'XRCC4']",144
Fold 24,"['ACE2', 'ADAM15', 'ADAMTS15', 'AMY2A', 'AMY2B', 'ATP6V1D', 'B4GAT1', 'BAIAP2', 'CAPG', 'CASP1', 'CCL15', 'CCL19', 'CCL20', 'CD276', 'CD5', 'CD63', 'CDH17', 'CDHR1', 'CDHR2', 'CEACAM5', 'CELA3A', 'CES2', 'CHIT1', 'COL6A3', 'CPA2', 'CRTAC1', 'CTSF', 'CTSH', 'DKKL1', 'DLL1', 'DPT', 'DSG4', 'EPCAM', 'EPHA10', 'ERBB4', 'FCGR2B', 'FOSB', 'GDF15', 'GFOD2', 'GFRA2', 'GGT1', 'GHRHR', 'GNLY', 'GPA33', 'GPC5', 'GZMA', 'HAVCR1', 'IFNGR2', 'IGF2R', 'IL10', 'IL13', 'IL17RB', 'IL1R1', 'IL1RAP', 'IL2RA', 'IL32', 'IL33', 'ISM1', 'KLK12', 'LAMA4', 'LGALS1', 'LGALS9', 'LILRA5', 'LRP11', 'LY9', 'MDGA1', 'MME', 'MSLN', 'MUC13', 'MZB1', 'NCLN', 'NINJ1', 'NPTN', 'NPY', 'NTF4', 'NXPH1', 'PCSK9', 'PDGFC', 'PDGFRA', 'PM20D1', 'PNLIPRP2', 'PPY', 'PRL', 'RANGAP1', 'RBP2', 'S100A11', 'SFTPD', 'SMOC2', 'SMPDL3A', 'SPINK6', 'SPINT1', 'SSB', 'STC2', 'TDGF1', 'THBS2', 'TIMP4', 'TLR3', 'TNC', 'TSHB', 'TYRO3', 'XPNPEP2']",101
Fold 25,"['CCL7', 'CRTAC1', 'MAD1L1', 'MZB1', 'SSB']",5
Fold 26,"['ACP5', 'ADAMTS13', 'ADAMTS15', 'ADGRG2', 'ADM', 'AHSP', 'AOC1', 'ASAH2', 'ATP5PO', 'BAIAP2', 'BST1', 'CA6', 'CALB2', 'CCL15', 'CCL17', 'CCL20', 'CD38', 'CD63', 'CDC27', 'CDHR1', 'CHIT1', 'CLEC4G', 'CNTN5', 'COL4A1', 'COL6A3', 'COLEC12', 'CPA2', 'CRIM1', 'CRTAC1', 'CTSF', 'CTSL', 'CXCL16', 'DKKL1', 'DPT', 'DSG4', 'FABP4', 'FBP1', 'FCN2', 'FGF21', 'GDF15', 'GFAP', 'GFOD2', 'GFRA2', 'GGT5', 'GLB1', 'GPC5', 'GRN', 'HBQ1', 'HDGF', 'HMBS', 'ICAM1', 'IL11', 'IL13', 'IL17C', 'IL22RA1', 'IL2RA', 'ISLR2', 'KCNIP4', 'KLK10', 'L1CAM', 'LAMA4', 'LGALS9', 'LILRA5', 'LILRB1', 'LRPAP1', 'LRRC25', 'LY96', 'LYPD1', 'MARCO', 'MDGA1', 'MET', 'MUC13', 'MZB1', 'NCLN', 'NDRG1', 'NEFL', 'NPDC1', 'NPTN', 'NPY', 'NRP2', 'NTRK3', 'PAEP', 'PDGFC', 'PKLR', 'PLA2G7', 'PLAUR', 'PODXL2', 'PON3', 'PPP3R1', 'PRKRA', 'PSIP1', 'RANGAP1', 'RBP2', 'RETN', 'S100A16', 'SCGN', 'SEZ6L2', 'SIGLEC9', 'SIRT5', 'SLC39A5', 'SMOC2', 'SPINT1', 'TFPI2', 'THBS2', 'THPO', 'TNC', 'TNFRSF11A', 'TNFRSF11B', 'TPT1', 'TSHB', 'TSLP', 'TSPAN1', 'XPNPEP2', 'XRCC4']",114
Fold 27,"['CCL20', 'CRTAC1', 'CTSH', 'CXCL13', 'CXCL8', 'FOSB', 'IGF2R', 'LGALS1', 'MDGA1', 'MSR1', 'MZB1', 'PON3', 'SIGLEC9', 'TNFRSF8']",14
Fold 28,"['CCL7', 'CRTAC1', 'LGALS9']",3
Fold 29,"['ADAM15', 'ADAMTS13', 'ADAMTS15', 'ANGPTL2', 'AOC1', 'APBB1IP', 'APEX1', 'B4GAT1', 'BAIAP2', 'CCL20', 'CD276', 'CD38', 'CD5', 'CD63', 'CDH17', 'CDHR1', 'CDHR2', 'CHIT1', 'CHL1', 'CLEC10A', 'COL6A3', 'CRTAC1', 'CXCL8', 'DKKL1', 'DNER', 'FABP4', 'FASLG', 'FCAR', 'FCN2', 'FCRL5', 'FGF21', 'FOSB', 'FUCA1', 'FUS', 'GDF2', 'GFOD2', 'GFRA2', 'GGT5', 'GNLY', 'GPA33', 'HCLS1', 'HDGF', 'HSPB1', 'ICAM1', 'ICAM4', 'IGF2R', 'IL11', 'IL16', 'IL17C', 'IL17RB', 'IL1A', 'IL22RA1', 'IL32', 'IL5RA', 'ISM1', 'KCNIP4', 'KIR2DL3', 'KLB', 'LAIR2', 'LILRA5', 'LRP11', 'LY96', 'LYPD1', 'MDGA1', 'MET', 'MGMT', 'MUC13', 'MZB1', 'NCLN', 'NFASC', 'NFATC3', 'NINJ1', 'NOMO1', 'NPTN', 'NRP1', 'PDGFC', 'PM20D1', 'PON3', 'PPY', 'PRL', 'PRSS8', 'PSIP1', 'RANGAP1', 'RARRES1', 'RASSF2', 'S100A11', 'S100A16', 'SCARB1', 'SCP2', 'SELE', 'SELPLG', 'SERPINB8', 'SIGLEC9', 'SMOC2', 'SMPDL3A', 'SPINT1', 'SRP14', 'TDGF1', 'TFRC', 'THBS2', 'TLR3', 'TMPRSS5', 'TNC', 'TNFRSF13B', 'TNFRSF4', 'TNFRSF8', 'TP53INP1', 'TPT1', 'VTCN1', 'XPNPEP2']",110
Fold 30,"['CCL20', 'CTSH', 'LGALS1', 'MDGA1', 'MUC13', 'MZB1', 'PON3']",7
Fold 31,"['ADAMTS13', 'ADAMTS15', 'ANGPTL2', 'AOC1', 'APEX1', 'BAIAP2', 'CCL14', 'CCL20', 'CD209', 'CD276', 'CD28', 'CD63', 'CDH5', 'CNTN5', 'COL9A1', 'COLEC12', 'CPE', 'CRTAC1', 'CTSH', 'DDR1', 'DKKL1', 'DSG4', 'EPCAM', 'FABP4', 'FBP1', 'FCAR', 'FCN2', 'FCRL5', 'FOSB', 'GCG', 'GFAP', 'GFOD2', 'GFRA1', 'GFRA2', 'GGH', 'GGT1', 'GPA33', 'GPC5', 'GPKOW', 'HBQ1', 'HCLS1', 'HDGF', 'ICAM1', 'IGF2R', 'IL13', 'IL16', 'IL17A', 'IL17C', 'IL1RAP', 'IL24', 'IL2RA', 'IL33', 'IL5', 'ISLR2', 'JCHAIN', 'KLK12', 'KLRD1', 'L1CAM', 'LGALS1', 'LILRB1', 'LRIG1', 'LRPAP1', 'LRRC25', 'LY96', 'LYPD1', 'MARCO', 'MDGA1', 'MMP12', 'MSTN', 'MZB1', 'NCLN', 'NOS1', 'NPTN', 'NPTXR', 'NTF4', 'PAEP', 'PDGFC', 'PDGFRA', 'PKLR', 'PLAUR', 'PON3', 'PRDX1', 'PSIP1', 'PSMA1', 'PSPN', 'PTPRM', 'RANGAP1', 'RASA1', 'S100A16', 'SCP2', 'SIGLEC9', 'SLC16A1', 'SLC39A5', 'SMOC2', 'SOST', 'SPINT1', 'SPP1', 'SRP14', 'SSB', 'SSC5D', 'TDGF1', 'TFPI2', 'THPO', 'TMSB10', 'TNFRSF13B', 'TNFRSF8', 'TPT1', 'TSHB', 'TXLNA', 'VWF', 'XCL1', 'XPNPEP2']",112
Fold 32,"['ADAM15', 'ADAMTS13', 'ADAMTS15', 'AMIGO2', 'ANG', 'ANXA3', 'AOC1', 'BRK1', 'CCL15', 'CCL20', 'CD177', 'CD74', 'CDH17', 'CEACAM3', 'CEACAM5', 'CES2', 'CHIT1', 'CLUL1', 'COL4A1', 'COL6A3', 'COLEC12', 'CPA2', 'CRTAC1', 'CTSF', 'CTSL', 'CXCL13', 'DKKL1', 'DLL1', 'ENPP7', 'ERBB4', 'FABP4', 'FASLG', 'FBP1', 'FCN2', 'FGF21', 'FOSB', 'FUCA1', 'GDF15', 'GFRA1', 'GFRA2', 'GNLY', 'GPA33', 'GPKOW', 'GRN', 'HCLS1', 'HDGF', 'HLA-DRA', 'HSP90B1', 'IFNGR2', 'IGF2R', 'IL16', 'IL22RA1', 'IL5', 'ISM1', 'KCNIP4', 'KIR2DL3', 'KLK1', 'KLK14', 'LAIR2', 'LAMA4', 'LAMP3', 'LGALS1', 'LGALS3', 'LGALS9', 'LILRA5', 'LRP11', 'MDGA1', 'MET', 'MMP13', 'MSLN', 'MUC13', 'MZB1', 'NCLN', 'NDRG1', 'NFATC3', 'NPTN', 'NTRK3', 'PCOLCE', 'PCSK9', 'PDGFC', 'PDGFRA', 'PM20D1', 'PODXL2', 'PPY', 'PRL', 'PRSS8', 'PSPN', 'PTH1R', 'PTPRM', 'RANGAP1', 'S100A16', 'SMOC2', 'SMPDL3A', 'SPINK1', 'SPINT1', 'SSB', 'TDGF1', 'TFPI2', 'THPO', 'TIGAR', 'TINAGL1', 'TMPRSS5', 'TMSB10', 'TNFRSF11B', 'TNFRSF13B', 'TNFRSF13C', 'TNFRSF4', 'TNFRSF8', 'VWF', 'XPNPEP2']",110
Fold 33,"['CCL7', 'CDCP1', 'CXCL8', 'FOSB', 'IGSF3', 'MDGA1', 'MZB1', 'PON3', 'SCLY', 'SDC1', 'THBS2', 'VWA1']",12
Fold 34,"['BAIAP2', 'CCL20', 'CRTAC1', 'CSTB', 'CXCL8', 'HLA-DRA', 'IGF2R', 'LGALS1', 'MSR1', 'MUC13', 'MZB1', 'NECTIN2', 'NINJ1', 'PIGR', 'PON3', 'XPNPEP2']",16
Fold 35,"['ACP5', 'ADAM15', 'ADAMTS13', 'ADAMTS15', 'ALPP', 'AMY2A', 'AMY2B', 'ANGPTL3', 'AOC1', 'BAIAP2', 'BSG', 'C19orf12', 'CALB2', 'CAMKK1', 'CCL20', 'CCL7', 'CD109', 'CD164', 'CD38', 'CD63', 'CDHR1', 'CES2', 'CHIT1', 'CHL1', 'CLUL1', 'CRTAC1', 'CSF2RA', 'CSTB', 'CTRB1', 'CXCL8', 'DKK4', 'DNER', 'DSG2', 'ERBB3', 'FABP4', 'FASLG', 'FCN2', 'FCRLB', 'FGF21', 'FOSB', 'GFRA2', 'GGT1', 'GGT5', 'HDGF', 'HLA-DRA', 'IGF2R', 'IL11', 'IL13', 'IL17C', 'IL1A', 'IL22RA1', 'IL2RB', 'KRT18', 'LAMA4', 'LGALS1', 'LTA', 'LYPD1', 'MDGA1', 'MET', 'MGMT', 'MSLN', 'MUC13', 'MZB1', 'NCLN', 'NFATC3', 'NOMO1', 'NPTN', 'NRP1', 'NRTN', 'PCOLCE', 'PDGFC', 'PM20D1', 'PODXL2', 'PON3', 'PPY', 'PRL', 'PSPN', 'PTH1R', 'RANGAP1', 'RARRES1', 'S100A16', 'SEZ6L2', 'SIGLEC9', 'SPINT1', 'SRP14', 'SSB', 'SUMF2', 'TDGF1', 'TFPI2', 'THPO', 'TLR3', 'TMPRSS5', 'TMSB10', 'TNFRSF11A', 'TNFRSF4', 'TNFRSF8', 'TP53INP1', 'WIF1', 'XPNPEP2']",99
Fold 36,"['ANGPTL2', 'CCL20', 'CCL7', 'CRTAC1', 'CTSH', 'FBP1', 'MZB1', 'PON3', 'SPINT1']",9
Fold 37,"['BAIAP2', 'CCL20', 'CNTN5', 'CXCL8', 'DSG4', 'LGALS1', 'LRRC25', 'MZB1', 'PLAUR', 'SPINT1', 'TIMP1']",11
Fold 38,"['ADAM15', 'BAIAP2', 'CASP1', 'CCL20', 'CDH17', 'CLC', 'CPA2', 'CRTAC1', 'FOSB', 'GH2', 'GPA33', 'HLA-DRA', 'IL18RAP', 'IL32', 'KCNIP4', 'KIR2DL3', 'KLK12', 'MDGA1', 'MSR1', 'MUC13', 'MZB1', 'PDGFC', 'PIGR', 'PPY', 'SELPLG', 'SIGLEC7', 'SIGLEC9', 'SMOC2', 'SSC5D', 'TDGF1', 'TNFRSF8', 'TSLP', 'XPNPEP2']",33
Fold 39,"['ANGPTL2', 'CCL19', 'CCL20', 'CD5', 'CES2', 'DKKL1', 'DSG4', 'EREG', 'FCGR2B', 'FCN2', 'FCRL5', 'GFAP', 'GNLY', 'HDGF', 'IGF2R', 'KCNIP4', 'MDGA1', 'MUC13', 'MZB1', 'NDRG1', 'NPTN', 'PSIP1', 'RANGAP1', 'SMOC2', 'SRP14', 'TMPRSS5', 'TNFRSF13C', 'XPNPEP2', 'XRCC4']",29
Fold 40,"['ACE2', 'ADAMTS13', 'ADAMTS15', 'AMIGO2', 'AMN', 'ANGPTL2', 'ANXA3', 'AOC1', 'APEX1', 'ATP6V1D', 'CASP1', 'CCL15', 'CCL19', 'CCL20', 'CCL7', 'CD5', 'CD63', 'CHIT1', 'CHL1', 'CLEC10A', 'CLUL1', 'CNTN5', 'COL4A1', 'COL6A3', 'COLEC12', 'CPPED1', 'CRLF1', 'CRTAC1', 'CTSF', 'CTSH', 'CXCL14', 'CXCL8', 'DKKL1', 'DPT', 'DSG4', 'ENPP7', 'FCAR', 'FCRL5', 'FOSB', 'GDF15', 'GFRA2', 'GGT5', 'GNLY', 'GPC5', 'GRN', 'HLA-DRA', 'HSPG2', 'ICAM1', 'IFNGR2', 'IGF2R', 'IGFBPL1', 'IL13', 'IL16', 'IL17C', 'IL17RA', 'IL17RB', 'IL32', 'IL6', 'ITGAM', 'KCNIP4', 'KIR2DL3', 'KLK10', 'KLRD1', 'LAIR2', 'LAMA4', 'LGALS1', 'LGALS3', 'LRP11', 'LRRC25', 'LTA4H', 'LY9', 'LY96', 'LYPD1', 'MARCO', 'MDGA1', 'MET', 'MILR1', 'MSLN', 'MSR1', 'MUC13', 'MZB1', 'NCLN', 'NINJ1', 'NPTN', 'NTRK3', 'PADI2', 'PCSK9', 'PDGFC', 'PIGR', 'PM20D1', 'PON3', 'PRKRA', 'PRSS8', 'PSIP1', 'PSPN', 'PTH1R', 'RANGAP1', 'RASSF2', 'S100A12', 'SELE', 'SELPLG', 'SERPINB5', 'SERPINB8', 'SIGLEC9', 'SMOC2', 'SPINK1', 'SPINK6', 'SPINT1', 'SRP14', 'STC2', 'TDGF1', 'TFRC', 'THBS2', 'THBS4', 'TIGAR', 'TMPRSS5', 'TMSB10', 'TNC', 'TNFRSF11B', 'TNFRSF13B', 'TNFRSF8', 'TSLP', 'TSPAN1', 'XPNPEP2']",124
Fold 41,"['ADAM15', 'ADAMTS13', 'ADAMTS15', 'AMBP', 'AMY2A', 'AMY2B', 'ANGPTL2', 'AOC1', 'ARNT', 'BAIAP2', 'BPIFB1', 'BST1', 'CCL20', 'CD177', 'CD276', 'CD63', 'CDH17', 'CDHR1', 'CEACAM3', 'CEACAM5', 'CES2', 'CHIT1', 'CHL1', 'CLEC4G', 'COLEC12', 'CPA2', 'CRTAC1', 'CRX', 'CTSL', 'CXADR', 'CXCL8', 'DKK1', 'DKKL1', 'DLL1', 'DPT', 'DSG4', 'EGLN1', 'EPCAM', 'FABP1', 'FABP4', 'FABP9', 'FCN2', 'FCRL5', 'FCRLB', 'FOSB', 'FST', 'GDF15', 'GFOD2', 'GFRA2', 'GGT1', 'GGT5', 'GH2', 'GPA33', 'HDGF', 'HLA-DRA', 'HSPG2', 'ICAM4', 'IGF2R', 'IL11', 'IL17C', 'IL1RAP', 'IL2RA', 'IL2RB', 'INHBC', 'ISM1', 'ITGB2', 'KIR2DL3', 'KLB', 'KLRD1', 'LAMA4', 'LEP', 'LGALS9', 'LILRA5', 'LILRB1', 'LRRC25', 'LY96', 'LYPD1', 'MAPT', 'MARCO', 'MDGA1', 'MET', 'MUC13', 'MZB1', 'NOMO1', 'NPTN', 'NPY', 'NRP1', 'NTRK3', 'PCSK9', 'PDGFC', 'PM20D1', 'PODXL', 'PODXL2', 'PON3', 'PPY', 'RANGAP1', 'RELT', 'SCGN', 'SEMA7A', 'SIGLEC9', 'SMOC2', 'SMPDL3A', 'SPINT1', 'ST3GAL1', 'TDGF1', 'THPO', 'TNC', 'TNFRSF11A', 'TNFRSF13C', 'TNFRSF4', 'TNFRSF8', 'TPT1', 'TSHB', 'VASN', 'WIF1', 'XPNPEP2']",116
Fold 42,"['CCL7', 'CRTAC1', 'JUN', 'LGALS1', 'MZB1', 'PON3']",6
Fold 43,"['CCL7', 'GDF15', 'LGALS9', 'MZB1']",4
Fold 44,"['ACP5', 'ADAMTS13', 'ADAMTS15', 'AMIGO2', 'AMY2A', 'ANGPTL2', 'AOC1', 'B4GAT1', 'BAIAP2', 'BSG', 'CALB2', 'CCL19', 'CCL20', 'CD200', 'CD276', 'CD33', 'CD63', 'CDH17', 'CDHR1', 'CEACAM8', 'CES2', 'CHIT1', 'CHL1', 'CLEC4C', 'CLPS', 'CLUL1', 'COL4A1', 'CPA1', 'CPA2', 'CRELD2', 'CRTAC1', 'CTRB1', 'CTSF', 'DLL1', 'DPT', 'DSG4', 'ENPP7', 'EPCAM', 'EPS8L2', 'FABP4', 'FBP1', 'FCGR2B', 'FCN2', 'FCRL5', 'FOSB', 'GDF15', 'GFAP', 'GFRA2', 'GGT5', 'GP2', 'HBQ1', 'HCLS1', 'HEBP1', 'HLA-DRA', 'IGF2R', 'IGSF3', 'IL11', 'IL13', 'IL17C', 'IL17RB', 'IL1RAP', 'IL22RA1', 'IL2RA', 'IL33', 'IL5', 'ISLR2', 'JUN', 'KCNIP4', 'KLK1', 'KLK10', 'KLRB1', 'LAIR2', 'LAMA4', 'LGALS1', 'LHB', 'LILRA5', 'LILRB1', 'LRP11', 'LY96', 'LYPD1', 'MAGED1', 'MARCO', 'MDGA1', 'MMP13', 'MUC13', 'MZB1', 'NCLN', 'NDRG1', 'NECTIN2', 'NGF', 'NINJ1', 'NOMO1', 'NPTN', 'NPY', 'NTF4', 'PCOLCE', 'PDGFC', 'PDGFRA', 'PIGR', 'PLAUR', 'PM20D1', 'PODXL2', 'PON2', 'PTEN', 'RANGAP1', 'RARRES1', 'S100A16', 'SELPLG', 'SEMA7A', 'SIGLEC7', 'SIGLEC9', 'SMOC2', 'SPINK6', 'SPINT1', 'TDGF1', 'THBS2', 'THPO', 'TMPRSS5', 'TNC', 'TNFRSF13B', 'TNFRSF13C', 'TNFRSF4', 'TNFRSF8', 'TPSAB1', 'TPT1', 'ULBP2', 'VWA1', 'XPNPEP2']",128
Fold 45,"['ACE2', 'ADAM15', 'ADAMTS15', 'ADGRG1', 'AMY2B', 'ANGPTL2', 'AOC1', 'CA6', 'CBLIF', 'CCL15', 'CCL20', 'CD38', 'CDH17', 'CDHR2', 'CNTN2', 'COL4A1', 'COLEC12', 'CPA2', 'CRTAC1', 'CSTB', 'CTSF', 'CTSH', 'CTSL', 'DDX58', 'DKKL1', 'DLL1', 'DPT', 'ENPP7', 'EPCAM', 'FABP4', 'FASLG', 'FBP1', 'FCGR3B', 'FCN2', 'FCRL5', 'GFRA2', 'GGT5', 'GH2', 'GP2', 'GPA33', 'HBQ1', 'HDGF', 'HLA-DRA', 'HMOX2', 'IGF2R', 'IL11', 'IL1RAP', 'IL20', 'KCNIP4', 'KLB', 'KLK1', 'KLK10', 'KLRB1', 'KLRD1', 'LAMA4', 'LGALS1', 'LILRB1', 'LRIG1', 'LRP11', 'LTBP3', 'LY96', 'LYPD1', 'LYPD3', 'MARCO', 'MDGA1', 'MET', 'MMP13', 'MUC13', 'MZB1', 'NGF', 'NOMO1', 'NOS1', 'NPTN', 'NRTN', 'NTRK3', 'NUCB2', 'PCOLCE', 'PDGFC', 'PLIN1', 'PM20D1', 'PON3', 'PPY', 'PTPRM', 'RANGAP1', 'S100A16', 'SELPLG', 'SIRT5', 'SMOC2', 'SPINK6', 'SPINT1', 'SRP14', 'SSC5D', 'TDGF1', 'TFPI2', 'THPO', 'TMPRSS5', 'TMSB10', 'TNC', 'TNFRSF11A', 'TNFRSF11B', 'TNFRSF13B', 'TNFRSF8', 'TPT1', 'TSHB', 'TSLP', 'TXLNA', 'TXNDC5', 'ULBP2', 'WFIKKN1', 'XPNPEP2']",110
Fold 46,"['ACE2', 'ACP5', 'ADAMTS13', 'ADGRG2', 'AMBP', 'ANGPTL2', 'AOC1', 'B4GAT1', 'BAIAP2', 'CCL20', 'CD164', 'CD38', 'CD5', 'CD63', 'CDHR1', 'CES2', 'CHIT1', 'CLUL1', 'CNTN5', 'CRH', 'CRTAC1', 'CTSH', 'CXCL8', 'DKKL1', 'DPT', 'EPCAM', 'ERBB3', 'FABP4', 'FAP', 'FCAR', 'FCN2', 'FCRL5', 'FOSB', 'GDF15', 'GFAP', 'GFOD2', 'GFRA2', 'GGT1', 'GGT5', 'GPA33', 'GRN', 'HBQ1', 'HDGF', 'ICAM1', 'IGFBPL1', 'IL13', 'IL17C', 'IL24', 'IL2RA', 'IL2RB', 'IL5', 'JUN', 'KCNIP4', 'KLK10', 'KLK12', 'LAMA4', 'LEP', 'LGALS1', 'LILRA5', 'LILRB1', 'LY9', 'MAGED1', 'MARCO', 'MDGA1', 'MET', 'MUC13', 'MZB1', 'NDRG1', 'NELL2', 'NPTN', 'NPY', 'PIGR', 'PLAUR', 'PON3', 'PPY', 'PRKRA', 'PRL', 'PSPN', 'RANGAP1', 'RASA1', 'S100A16', 'SIGLEC9', 'SMOC2', 'SPINT1', 'SRP14', 'SSC5D', 'TDGF1', 'TFPI2', 'TFRC', 'THPO', 'TMSB10', 'TNFRSF11A', 'TNFRSF13B', 'TNFRSF13C', 'TNFRSF8', 'TPT1', 'TSHB', 'VAMP5', 'XPNPEP2']",99
Fold 47,"['ADAM15', 'ADAMTS13', 'ARNT', 'BAIAP2', 'CCL20', 'CD63', 'CDHR1', 'CES2', 'CHIT1', 'CRTAC1', 'FABP4', 'HDGF', 'HLA-DRA', 'IL22RA1', 'KIR2DL3', 'LAMA4', 'LGALS1', 'LILRA5', 'LY96', 'MDGA1', 'MUC13', 'MZB1', 'NDRG1', 'NOMO1', 'NPTN', 'PPY', 'XPNPEP2']",27
Fold 48,"['ANGPTL2', 'CASP1', 'CRTAC1', 'CTSH', 'DSG4', 'IGF2R', 'LGALS1', 'MDGA1', 'MZB1', 'SIGLEC9', 'SRP14', 'TNFRSF8']",12
Fold 49,"['ADAM15', 'ADGRG2', 'AMBP', 'AMY2A', 'AMY2B', 'ANGPTL3', 'BSG', 'CCL15', 'CCL17', 'CCL19', 'CCL20', 'CD164', 'CD276', 'CD300C', 'CD5', 'CD63', 'CD79B', 'CDHR1', 'CEACAM5', 'CELA3A', 'CES2', 'CHIT1', 'CHL1', 'CPA2', 'CRTAC1', 'CTSF', 'CTSL', 'CXCL8', 'DKK4', 'DLL1', 'DPT', 'ECE1', 'ERBB4', 'FCGR2B', 'FCN2', 'FOSB', 'FUCA1', 'GAL', 'GGT5', 'GNLY', 'GPA33', 'HLA-DRA', 'HPGDS', 'IGF2R', 'IL11', 'IL13', 'IL13RA1', 'IL16', 'IL17RB', 'IL18RAP', 'IL2', 'IL22RA1', 'IL2RA', 'IL2RB', 'IL5RA', 'ISM1', 'KCNIP4', 'KIR2DL3', 'KLK12', 'KLK14', 'LRP11', 'LYPD8', 'MDGA1', 'MET', 'MICB_MICA', 'MILR1', 'MSLN', 'MUC13', 'MZB1', 'NCAM2', 'NPTN', 'NRP1', 'NTRK3', 'PCOLCE', 'PCSK9', 'PDGFC', 'PM20D1', 'PON3', 'RANGAP1', 'RBP2', 'SCARB1', 'SMOC2', 'SPINK1', 'SPOCK1', 'SRP14', 'TDGF1', 'TFRC', 'THBS2', 'TMPRSS5', 'TNC', 'TNFRSF8', 'TNNI3', 'TP53INP1', 'TSHB', 'WISP1', 'XPNPEP2', 'XRCC4']",97
Fold 50,"['CCL20', 'FOSB', 'HDGF', 'MDGA1', 'MZB1', 'PON3', 'SIGLEC9', 'SRP14', 'SSC5D', 'TMPRSS5', 'TNFRSF8', 'XPNPEP2']",12
Fold 51,"['ACE2', 'ACP5', 'ACP6', 'ACTN4', 'ADAMTS13', 'ADAMTS15', 'ADCYAP1R1', 'AMY2B', 'ANGPTL2', 'AOC1', 'APOM', 'B4GAT1', 'BAIAP2', 'BSG', 'CCL20', 'CD200', 'CD276', 'CD5', 'CD63', 'CDH17', 'CDHR1', 'CES2', 'CHIT1', 'CLEC4G', 'CLPS', 'COL4A1', 'COLEC12', 'CPA2', 'CRLF1', 'CRTAC1', 'CTRB1', 'CTSH', 'CXCL8', 'DKKL1', 'DPT', 'ENPP7', 'EPCAM', 'FABP4', 'FASLG', 'FCGR2B', 'FCN2', 'FCRL5', 'FGF21', 'FGF5', 'FST', 'GFAP', 'GFRA2', 'GGT1', 'GGT5', 'GH2', 'GP2', 'GPA33', 'HDGF', 'HEBP1', 'HLA-DRA', 'HSPG2', 'IGF2R', 'IGFBPL1', 'IL13', 'IL16', 'IL17C', 'IL17F', 'IL1RAP', 'IL22RA1', 'IL24', 'IL2RA', 'IL33', 'ISM1', 'KLK1', 'KLK10', 'KLRB1', 'LAMA4', 'LHB', 'LRPAP1', 'LY96', 'LYPD1', 'MARCO', 'MDGA1', 'MET', 'MME', 'MSLN', 'MTPN', 'MUC13', 'MZB1', 'NCLN', 'NDRG1', 'NINJ1', 'NOS1', 'NPTN', 'NPY', 'NTF4', 'PAEP', 'PDGFC', 'PDGFRA', 'PM20D1', 'PON3', 'PPY', 'PRKRA', 'PSIP1', 'RANGAP1', 'RARRES1', 'S100A16', 'SELPLG', 'SEMA3F', 'SIGLEC9', 'SMOC2', 'SMPDL3A', 'SPINT1', 'SSC5D', 'STC2', 'TDGF1', 'TFPI2', 'THPO', 'TLR3', 'TMPRSS5', 'TNFRSF4', 'TPT1', 'TXLNA', 'XPNPEP2']",119
Fold 52,"['ADAMTS16', 'ADGRG2', 'AMY2B', 'ANGPTL2', 'ARNT', 'ATP6AP2', 'ATP6V1D', 'BAIAP2', 'BGN', 'C19orf12', 'C4BPB', 'CCL15', 'CCL20', 'CD300C', 'CDHR2', 'CEACAM3', 'CLEC11A', 'CLEC4A', 'CLUL1', 'CNTN1', 'CNTN2', 'CPA2', 'CRTAC1', 'CST5', 'CTSH', 'CTSL', 'DDX58', 'DKKL1', 'DLL1', 'DPEP2', 'DPT', 'ENPP5', 'EPHA1', 'ERBB4', 'FCAR', 'FCER2', 'FCN2', 'FCRL5', 'GGT1', 'GH2', 'GHRHR', 'HLA-DRA', 'HPGDS', 'IFNGR2', 'IGF2R', 'IL24', 'IL32', 'IL33', 'IL5RA', 'KCNIP4', 'KLB', 'LAMA4', 'LGALS9', 'LHB', 'LILRA5', 'LRRC25', 'LY9', 'LY96', 'MASP1', 'MDGA1', 'METAP1', 'MSR1', 'MUC13', 'MZB1', 'NAMPT', 'NINJ1', 'NOMO1', 'NPTN', 'NRP2', 'NTRK3', 'OMG', 'PDGFC', 'PPY', 'PRTG', 'RANGAP1', 'SERPINB9', 'SIGLEC10', 'TCL1B', 'TDGF1', 'THBS2', 'TNC', 'TNFRSF11B', 'TNFRSF13C', 'TNFRSF8', 'WIF1', 'XPNPEP2']",86
Fold 53,"['ADAM15', 'ADAMTS13', 'ADAMTS15', 'ADGRG2', 'AFP', 'AHSP', 'AKR1C4', 'AMY2A', 'AOC1', 'B4GAT1', 'BAIAP2', 'C4BPB', 'CALB2', 'CCL20', 'CD164', 'CD276', 'CD5', 'CD63', 'CDHR1', 'CES2', 'CHIT1', 'CLEC11A', 'CLPS', 'CLUL1', 'CNTN5', 'CPA2', 'CPE', 'CRTAC1', 'CXCL8', 'DLL1', 'DPT', 'DSG2', 'DSG4', 'EPCAM', 'ERBB3', 'FABP4', 'FAP', 'FCAR', 'FCGR2A', 'FCGR2B', 'FCN2', 'FCRL5', 'FGF21', 'FOSB', 'GDF15', 'GFAP', 'GFOD2', 'GFRA2', 'GGT5', 'GPA33', 'HBQ1', 'HDGF', 'HMBS', 'IGF1R', 'IGF2R', 'IGSF8', 'IL11', 'IL13', 'IL17C', 'IL22RA1', 'IL24', 'IL2RA', 'IL33', 'ISLR2', 'JCHAIN', 'JUN', 'KIR2DL3', 'KLK12', 'L1CAM', 'LAMA4', 'LEP', 'LHB', 'LILRA5', 'LILRB1', 'LPO', 'LRPAP1', 'LRRC25', 'LY9', 'MAGED1', 'MARCO', 'MDGA1', 'MET', 'MUC13', 'MZB1', 'NDRG1', 'NEFL', 'NMNAT1', 'NOS1', 'NPTN', 'NPY', 'PDGFC', 'PDGFRA', 'PIGR', 'PLA2G7', 'PLAUR', 'PON2', 'PON3', 'PPY', 'PSIP1', 'PSPN', 'RANGAP1', 'RARRES1', 'RASA1', 'RETN', 'S100A16', 'SCARB1', 'SEZ6L2', 'SPINT1', 'SRP14', 'SSB', 'TCL1A', 'TDGF1', 'TFPI2', 'TIMP3', 'TNFRSF11A', 'TNFRSF13C', 'TNFRSF4', 'TNFRSF8', 'TPT1', 'WFIKKN1', 'WISP1', 'XG', 'XPNPEP2']",123
Fold 54,"['CCL20', 'CCL7', 'FOSB', 'LGALS1', 'MZB1']",5
Fold 55,"['BAIAP2', 'CCL20', 'CDHR1', 'CRTAC1', 'FOSB', 'HDGF', 'IGF2R', 'LGALS1', 'MAGED1', 'MDGA1', 'MUC13', 'MZB1', 'PDGFC', 'SMOC2', 'TNC', 'XPNPEP2']",16
Fold 56,"['ABL1', 'ACP5', 'ACP6', 'ADAMTS13', 'ADAMTS15', 'AGR3', 'AMY2B', 'AOC1', 'APEX1', 'ATP6V1D', 'BAIAP2', 'BMP4', 'BSG', 'CALB2', 'CAMKK1', 'CAPG', 'CASP1', 'CCL20', 'CD209', 'CD33', 'CD38', 'CD5', 'CD63', 'CDHR1', 'CES2', 'CHIT1', 'CHL1', 'CLC', 'CLEC4G', 'CLPS', 'CNTN1', 'COL4A1', 'CPA2', 'CRELD2', 'CRTAC1', 'CTSB', 'CTSH', 'CTSL', 'CXADR', 'CXCL8', 'DAPP1', 'DKKL1', 'DNER', 'DSG4', 'ECE1', 'EREG', 'F3', 'FABP2', 'FABP4', 'FASLG', 'FBP1', 'FCAR', 'FCGR2B', 'FCGR3B', 'FCN2', 'FGF21', 'FGF5', 'FOSB', 'GFRA2', 'GGT1', 'GGT5', 'GH2', 'GRN', 'HBQ1', 'HCLS1', 'HEBP1', 'HLA-DRA', 'ICAM5', 'IFNGR1', 'IFNGR2', 'IGF2R', 'IL10', 'IL11', 'IL13RA1', 'IL16', 'IL17C', 'IL1RAP', 'IL22RA1', 'IL2RB', 'IL33', 'IL5', 'IL7R', 'ILKAP', 'KCNIP4', 'KLB', 'KLK1', 'KLK10', 'KLK12', 'KRT19', 'LAMA4', 'LGALS1', 'LGALS9', 'LILRA5', 'LILRB1', 'LRP11', 'LRPAP1', 'LTA', 'LY96', 'MAGED1', 'MARCO', 'MDGA1', 'MET', 'MME', 'MTPN', 'MUC13', 'MUC16', 'MZB1', 'NCLN', 'NECTIN2', 'NEFL', 'NELL2', 'NINJ1', 'NOMO1', 'NPM1', 'NPTN', 'NPTXR', 'NPY', 'NRP1', 'NTF3', 'PCOLCE', 'PDGFC', 'PM20D1', 'PODXL2', 'POLR2F', 'PPY', 'PRKRA', 'PRL', 'PSIP1', 'RARRES1', 'RBP2', 'RTN4R', 'S100A16', 'S100P', 'SDC1', 'SELPLG', 'SERPINB8', 'SEZ6L2', 'SIGLEC9', 'SLC39A5', 'SMOC2', 'SMPDL3A', 'SPINK6', 'SRP14', 'STX8', 'TACSTD2', 'TAFA5', 'TDGF1', 'TFPI2', 'THBD', 'THPO', 'TMSB10', 'TNC', 'TNFRSF11A', 'TNFRSF4', 'TP53INP1', 'TPT1', 'TSHB', 'TSLP', 'TXLNA', 'ULBP2', 'VWA1', 'WFIKKN2', 'XPNPEP2', 'XRCC4']",164
Fold 57,"['ADAM15', 'ADGRG2', 'AMBN', 'AMY2A', 'AMY2B', 'ARNT', 'BCAN', 'C19orf12', 'CCL15', 'CCL20', 'CD300C', 'CEACAM3', 'CLEC11A', 'CLUL1', 'CNTN1', 'CPA2', 'CRTAC1', 'CTSD', 'CTSH', 'CTSL', 'DDX58', 'DKKL1', 'DLL1', 'EPCAM', 'FBP1', 'FCGR2B', 'FCN2', 'FCRL6', 'FGF21', 'FOSB', 'GDF15', 'GGT5', 'GH2', 'GPA33', 'HDGF', 'HLA-DRA', 'IGF2R', 'IGFBPL1', 'IGSF3', 'IL11', 'IL18RAP', 'ISM1', 'KCNIP4', 'KIR2DL3', 'KLK14', 'KRT18', 'LGALS9', 'LILRB1', 'LILRB5', 'LY9', 'MDGA1', 'MET', 'MSLN', 'MUC13', 'MZB1', 'NEFL', 'NINJ1', 'NOMO1', 'NRP2', 'OMG', 'OXT', 'PM20D1', 'PON3', 'PRTG', 'PTS', 'RASSF2', 'SDC1', 'SSC5D', 'TDGF1', 'TLR3', 'TNC', 'TNFRSF11B', 'TNFRSF8', 'VWA1', 'XPNPEP2']",75
Fold 58,"['CCL20', 'CRTAC1', 'CSTB', 'EGLN1', 'MSR1', 'MZB1', 'SIGLEC9']",7
Fold 59,"['ADAMTS13', 'AKR1C4', 'AMIGO2', 'AOC1', 'APEX1', 'ATP6V1D', 'BAIAP2', 'CA6', 'CCL20', 'CD164', 'CD200', 'CD38', 'CD63', 'CDC27', 'CDHR1', 'CEACAM5', 'CES2', 'CHIT1', 'CLEC4C', 'CLPS', 'COL4A1', 'COL9A1', 'CRTAC1', 'CTRB1', 'CTSL', 'CXCL8', 'DKK1', 'DKKL1', 'DPT', 'DPY30', 'DSG4', 'ECE1', 'FABP4', 'FASLG', 'FCN2', 'FCRL5', 'FGF21', 'FOSB', 'GFAP', 'GFRA2', 'GGT5', 'GLT8D2', 'GP2', 'GPA33', 'HBQ1', 'HDGF', 'ICAM1', 'IGFBPL1', 'IL13', 'IL16', 'IL17C', 'IL17D', 'IL24', 'IL2RA', 'IL5', 'ISLR2', 'KCNIP4', 'L1CAM', 'LAMA4', 'LEP', 'LGALS1', 'LILRA5', 'LILRB1', 'LRPAP1', 'LRRC25', 'LY96', 'LYPD1', 'MAGED1', 'MARCO', 'MDGA1', 'MET', 'MILR1', 'MSLN', 'MSR1', 'MUC13', 'MZB1', 'NCLN', 'NELL2', 'NOMO1', 'NPTN', 'NPY', 'NTRK3', 'PCOLCE', 'PDGFC', 'PDGFRA', 'PIGR', 'PLA2G7', 'PNLIPRP2', 'PON2', 'PON3', 'PPP1R2', 'PPY', 'PRKRA', 'PRSS8', 'PTH1R', 'RANGAP1', 'S100A16', 'SCARB1', 'SEZ6L2', 'SIGLEC9', 'SPINT1', 'SRP14', 'SSB', 'TANK', 'TDGF1', 'TFPI2', 'THBS2', 'TIMP3', 'TMPRSS5', 'TNFRSF13B', 'TPT1', 'TSLP', 'TSPAN1', 'TXLNA', 'WFIKKN2', 'XPNPEP2', 'XRCC4']",117
Fold 60,"['ADAM15', 'CRTAC1', 'FOSB', 'GZMA', 'MDGA1', 'MSR1', 'MUC13', 'MZB1', 'PIGR', 'PON3', 'TNFRSF8']",11
Fold 61,"['LGALS1', 'MZB1']",2
Fold 62,"['ACP5', 'ADAM15', 'ADAMTS13', 'ADAMTS15', 'ADCYAP1R1', 'ADGRG2', 'AKR1C4', 'ANGPTL2', 'ANXA5', 'ARNT', 'ATP6V1D', 'B4GAT1', 'BCAN', 'C19orf12', 'CA5A', 'CALB2', 'CARHSP1', 'CCL15', 'CCL20', 'CCL22', 'CCL23', 'CCL27', 'CD164', 'CEACAM3', 'CES2', 'CHIT1', 'CNTN1', 'CNTNAP2', 'COL4A1', 'CPA2', 'CRTAC1', 'CTSB', 'CTSH', 'CTSL', 'DDX58', 'DLL1', 'DSG2', 'EREG', 'FABP4', 'FBP1', 'FCAR', 'FCGR2B', 'FCN2', 'FCRL6', 'GDF15', 'GFRA2', 'GGT5', 'HLA-DRA', 'ICAM5', 'IGF2R', 'IL11', 'IL13', 'IL16', 'IL17C', 'IL17D', 'IL17F', 'IL22RA1', 'IL24', 'IL33', 'ILKAP', 'KCNIP4', 'KLB', 'KLK1', 'KLK10', 'KLK11', 'KLK14', 'KRT18', 'LAMA4', 'LBR', 'LGALS1', 'LGALS9', 'LRPAP1', 'LTA', 'LY96', 'MDGA1', 'MET', 'MLN', 'MUC13', 'MZB1', 'NDRG1', 'NFATC3', 'NPM1', 'NPTN', 'NRP1', 'NRTN', 'NTRK2', 'NTRK3', 'PCOLCE', 'PDGFC', 'PLAUR', 'PM20D1', 'PON3', 'PPP3R1', 'PPY', 'PRL', 'PTPRM', 'RANGAP1', 'RCOR1', 'SCGN', 'SEMA7A', 'SIGLEC9', 'SMPDL3A', 'SPINT1', 'TCL1A', 'TFPI2', 'THPO', 'TIMP3', 'TMPRSS5', 'TMSB10', 'TNC', 'TNFRSF8', 'TNFSF13', 'TSPAN1', 'ULBP2', 'VWA1', 'VWF', 'WIF1', 'WISP2', 'XPNPEP2', 'XRCC4']",120
Fold 63,"['CCL7', 'GDF15', 'PLAUR', 'TIMP1']",4
Fold 64,"['ACE2', 'ACP5', 'ACP6', 'ADCYAP1R1', 'ALPP', 'AMY2B', 'AOC1', 'APOM', 'BAIAP2', 'CCL15', 'CCL20', 'CDHR1', 'COL4A1', 'CRELD2', 'CRTAC1', 'CTSF', 'CTSV', 'CXCL8', 'DKKL1', 'DLL1', 'DSG4', 'ENPP7', 'ERBB4', 'FABP4', 'FASLG', 'FCN2', 'FCRL5', 'FCRLB', 'FOSB', 'GFRA2', 'GGT5', 'GPA33', 'HDGF', 'IGF2R', 'IGFBPL1', 'IL17C', 'IL20', 'IL5RA', 'IL6', 'ILKAP', 'ISM1', 'KIR2DL3', 'KITLG', 'KLB', 'KLK1', 'KLRB1', 'LHB', 'LY96', 'LYPD3', 'MASP1', 'MDGA1', 'MET', 'MMP13', 'MUC13', 'MZB1', 'NCLN', 'NINJ1', 'NPTN', 'NPY', 'NTRK3', 'PCOLCE', 'PM20D1', 'PNLIPRP2', 'PON3', 'PTH1R', 'RANGAP1', 'S100A16', 'SFTPA1', 'SIGLEC7', 'SIGLEC9', 'SMPDL3A', 'SPINT1', 'SRP14', 'TDGF1', 'THPO', 'TLR3', 'TMPRSS5', 'TNFRSF8', 'TP53', 'TRIAP1', 'VEGFA', 'XPNPEP2']",82
Fold 65,"['ADAM15', 'ADAMTS13', 'ADAMTS15', 'ANXA3', 'BST1', 'CAPG', 'CASP1', 'CCL15', 'CCL20', 'CCL23', 'CD177', 'CEACAM5', 'CHIT1', 'CNTN1', 'CPA2', 'CRTAC1', 'CTSF', 'CTSH', 'CXCL13', 'DKKL1', 'FBP1', 'FCGR2B', 'FGF21', 'FOSB', 'FUCA1', 'HCLS1', 'HLA-DRA', 'IGF2R', 'IL13', 'IL16', 'IL18RAP', 'IL1B', 'IL22RA1', 'IL33', 'KIR2DL3', 'KLK1', 'LAMP3', 'LYN', 'LYPD8', 'MDGA1', 'MSLN', 'MUC13', 'MZB1', 'NCLN', 'PIGR', 'PRL', 'PTPRM', 'RANGAP1', 'RBP2', 'S100A11', 'SCP2', 'SFTPA2', 'SIGLEC9', 'SMOC2', 'SPINK6', 'SPINT1', 'SRP14', 'SSB', 'TDGF1', 'THBS2', 'TMPRSS5', 'TNFRSF8', 'VTCN1', 'XPNPEP2']",64
Fold 66,"['ACP6', 'ADAMTS13', 'ADAMTS15', 'AMY2A', 'AMY2B', 'AOC1', 'APOM', 'ATP6V1D', 'BAIAP2', 'CCL19', 'CCL20', 'CD5', 'CD63', 'CDHR1', 'CES2', 'CHIT1', 'CLPS', 'CPVL', 'CRELD2', 'CRTAC1', 'CTRB1', 'CTSF', 'CTSH', 'CXCL8', 'DPT', 'ENPP7', 'FABP4', 'FASLG', 'FCN2', 'FCRL5', 'FOSB', 'GFAP', 'GFRA2', 'GGT1', 'GGT5', 'GH2', 'GP2', 'HARS', 'HBQ1', 'HDGF', 'ICAM1', 'ICAM5', 'IGF2R', 'IGFBPL1', 'IL13', 'IL17C', 'ISM1', 'KLK10', 'LAMA4', 'LEP', 'LGALS1', 'LRRC25', 'LTA', 'LY96', 'LYPD1', 'MAGED1', 'MASP1', 'MDGA1', 'MET', 'MILR1', 'MME', 'MSLN', 'MUC13', 'MZB1', 'NCLN', 'NDUFS6', 'NPTN', 'NPY', 'NRP1', 'NTRK3', 'NXPH1', 'PDGFC', 'PIGR', 'PM20D1', 'PNLIPRP2', 'PON3', 'PPY', 'PRSS8', 'RANGAP1', 'SELPLG', 'SLC39A5', 'SMOC2', 'SPINT1', 'SRP14', 'SUMF2', 'TDGF1', 'TFRC', 'THPO', 'TLR3', 'TMPRSS5', 'TMSB10', 'TNC', 'TNFRSF13B', 'TNFRSF4', 'TSHB', 'TSLP', 'VEGFA', 'XPNPEP2']",98
Fold 67,"['CCL20', 'CCL7', 'MZB1']",3
Fold 68,"['CDCP1', 'CXCL8', 'DSG4', 'GDF15', 'LGALS9', 'MZB1', 'PON3', 'TIMP1']",8
Fold 69,"['CCL20', 'CDHR1', 'CEACAM3', 'CES2', 'CRTAC1', 'CTSL', 'DKKL1', 'DLL1', 'FABP4', 'FGF21', 'GGT5', 'HDGF', 'HLA-DRA', 'KCNIP4', 'MDGA1', 'MUC13', 'MZB1', 'NDRG1', 'NPTN', 'PDGFC', 'PON3', 'PPY', 'TNFRSF13C', 'XPNPEP2']",24
Fold 70,"['CDCP1', 'DSG4', 'FBP1', 'GRN', 'IL2RA', 'LGALS1', 'MZB1', 'PON3']",8
Fold 71,"['CCL7', 'CXCL8', 'GDF15', 'LGALS1', 'MZB1', 'TNFRSF10A']",6
Fold 72,"['CCL20', 'CPA2', 'CRTAC1', 'CTSH', 'FABP4', 'HDGF', 'LGALS1', 'MDGA1', 'MZB1', 'PON3', 'PRSS8', 'TDGF1', 'TNFRSF8', 'XPNPEP2']",14
Fold 73,"['ADAM15', 'ANGPTL2', 'ARNT', 'BAIAP2', 'C19orf12', 'CCL20', 'CES2', 'CRTAC1', 'CTSF', 'DSG4', 'FCGR2A', 'IL22RA1', 'KCNIP4', 'LGALS1', 'MSR1', 'MUC13', 'MZB1', 'NDRG1', 'NPTN', 'PPY', 'RANGAP1', 'SMOC2', 'SRP14', 'TFPI2', 'TNC', 'XPNPEP2', 'XRCC4']",27
Fold 74,"['ADAMTS15', 'ADGRG2', 'AMBP', 'AMY2A', 'AMY2B', 'ANGPTL2', 'ANGPTL7', 'ARNT', 'ATP6V1D', 'B4GAT1', 'BAIAP2', 'CASP1', 'CD300C', 'CD5', 'CD63', 'CDH17', 'CDHR1', 'CEACAM5', 'CES2', 'CHIT1', 'CHL1', 'CLEC4G', 'CNTN1', 'COL6A3', 'COL9A1', 'CPA2', 'CPVL', 'CRTAC1', 'CTSH', 'CTSL', 'DKKL1', 'DPT', 'DSG4', 'ERBB4', 'FABP4', 'FCGR2A', 'FCGR2B', 'FGF2', 'FGF21', 'FOSB', 'FUT3_FUT5', 'GAL', 'GH1', 'GH2', 'GPC5', 'HDGF', 'HLA-DRA', 'IFNGR2', 'IGF2R', 'IGFBPL1', 'IL11', 'IL16', 'IL17RB', 'IL24', 'IL2RB', 'IL32', 'IL33', 'INHBC', 'ISM1', 'KCNIP4', 'KIR2DL3', 'KLK12', 'KLK14', 'KLRD1', 'LAMA4', 'LGALS9', 'LILRA5', 'LILRB1', 'MAGED1', 'MDGA1', 'MILR1', 'MUC13', 'MZB1', 'NAMPT', 'NCAM2', 'NFASC', 'NOMO1', 'NPTN', 'NRP2', 'NTRK3', 'NXPH1', 'PCSK9', 'PDGFC', 'PDGFRA', 'PLA2G10', 'PM20D1', 'PON3', 'PPY', 'PTH1R', 'PTS', 'RAB6B', 'RANGAP1', 'RARRES1', 'S100A16', 'SELPLG', 'SFTPD', 'SLITRK6', 'SMOC2', 'SPINK6', 'SPINT1', 'SSB', 'TDGF1', 'TFPI2', 'THBS2', 'THPO', 'TLR3', 'TMPRSS5', 'TNC', 'TSHB', 'XPNPEP2', 'XRCC4']",111
Fold 75,"['ADAM15', 'CCL19', 'CCL20', 'CDHR1', 'CRTAC1', 'CXCL8', 'DPT', 'ENPP7', 'FOSB', 'HLA-DRA', 'IGF2R', 'MUC13', 'MZB1', 'NINJ1', 'NTRK3', 'PM20D1', 'PON3', 'RANGAP1', 'SMOC2', 'SOST', 'SSB', 'TDGF1', 'XPNPEP2']",23
Fold 76,"['ACTN4', 'ADAMTS13', 'ADAMTS15', 'ADGRG2', 'ANGPTL2', 'AOC1', 'ATP6V1D', 'B4GAT1', 'BAIAP2', 'C19orf12', 'CAMKK1', 'CCL20', 'CD276', 'CD63', 'CDHR1', 'CES2', 'CHIT1', 'CHL1', 'CLPS', 'CPA2', 'CRELD2', 'CRTAC1', 'CTRB1', 'CTSH', 'DKKL1', 'ENPP7', 'FABP1', 'FABP4', 'FASLG', 'FBP1', 'FCGR2B', 'FCN2', 'FCRL5', 'FOSB', 'FST', 'GDF15', 'GFAP', 'GFRA2', 'GGT1', 'GGT5', 'HDGF', 'HEBP1', 'HLA-DRA', 'HSPG2', 'IDS', 'IFNGR1', 'IGF2R', 'IL11', 'IL16', 'IL17C', 'IL17RB', 'IL22RA1', 'IL33', 'ILKAP', 'ISLR2', 'ISM1', 'KCNIP4', 'KIR2DL3', 'KLB', 'KLK1', 'KLK12', 'KRT18', 'LAMA4', 'LGALS1', 'LHB', 'LILRB1', 'LY96', 'MAGED1', 'MDGA1', 'MET', 'MMP13', 'MSR1', 'MTPN', 'MUC13', 'MUC16', 'MZB1', 'NCLN', 'NINJ1', 'NPTN', 'NPTXR', 'PAEP', 'PDGFC', 'PIGR', 'PON3', 'PPY', 'PRSS8', 'RAD23B', 'RANGAP1', 'RARRES1', 'RASA1', 'SELPLG', 'SEZ6L2', 'SMOC2', 'SMPDL3A', 'SPINT1', 'SRP14', 'SSC5D', 'TDGF1', 'THBD', 'THPO', 'TLR3', 'TMPRSS5', 'TNFRSF11A', 'TNFRSF13C', 'TNFRSF4', 'TNFRSF8', 'TNR', 'TPT1', 'WFIKKN2', 'XPNPEP2']",110
Fold 77,"['CCL20', 'CCL7', 'CRTAC1', 'HDGF', 'LGALS1', 'MZB1', 'NOMO1', 'TFPI2', 'TNC']",9
Fold 78,"['ADAM15', 'ADAMTS16', 'AMY2A', 'AMY2B', 'ANGPTL3', 'ANXA3', 'B4GAT1', 'CAPG', 'CASP1', 'CCL15', 'CCL17', 'CCL19', 'CD5', 'CD63', 'CDH17', 'CDHR1', 'CEACAM5', 'CHIT1', 'CHL1', 'CLEC4G', 'CPA2', 'CPM', 'CRTAC1', 'CTSF', 'CTSH', 'CTSL', 'CTSV', 'CXCL8', 'DKKL1', 'DLL1', 'DPT', 'ERBB4', 'FBP1', 'FCGR2B', 'FCRL5', 'FGF21', 'FOSB', 'GFAP', 'GFRA2', 'GH2', 'GNLY', 'GPC5', 'HCLS1', 'HLA-DRA', 'HPGDS', 'IFNGR2', 'IGF2R', 'IGSF3', 'IL13', 'IL2', 'IL2RA', 'IL33', 'ISM1', 'KCNIP4', 'KLK1', 'KLK12', 'LAMA4', 'LEFTY2', 'LY9', 'LY96', 'MDGA1', 'MSLN', 'MUC13', 'MZB1', 'NCF2', 'NCLN', 'NINJ1', 'NPTN', 'NPTXR', 'NPY', 'PCSK9', 'PDGFC', 'PPY', 'RANGAP1', 'RARRES1', 'S100A11', 'SIGLEC9', 'SMOC2', 'SPINK6', 'SPINT1', 'SRP14', 'TDGF1', 'THBS2', 'THPO', 'TMPRSS15', 'TMPRSS5', 'TNC', 'TNFRSF8', 'TSHB', 'XPNPEP2']",90
Fold 79,"['ACE2', 'ACP5', 'ADAMTS13', 'ADGRG2', 'AFP', 'AHSP', 'AOC1', 'APEX1', 'BAIAP2', 'BTN3A2', 'CAMKK1', 'CCL20', 'CD38', 'CDHR1', 'CES2', 'CLSPN', 'CNTN4', 'CPE', 'CRTAC1', 'CRX', 'DPT', 'FCN2', 'FOSB', 'GFAP', 'GFOD2', 'GFRA2', 'GGT1', 'GP2', 'GPA33', 'HDGF', 'HMBS', 'IL17C', 'IL5', 'ISLR2', 'JCHAIN', 'JUN', 'KIR2DL3', 'KLK12', 'L1CAM', 'LAIR2', 'LEP', 'LGALS1', 'LILRA5', 'LILRB1', 'LRPAP1', 'LRRC25', 'LYPD1', 'LYPD8', 'MARCO', 'MDGA1', 'MET', 'MUC13', 'MZB1', 'NDRG1', 'NRP1', 'NRP2', 'PDGFC', 'PIGR', 'PKLR', 'PLA2G7', 'PON3', 'PRL', 'PSIP1', 'RASA1', 'SCARA5', 'SCARB1', 'SCP2', 'SIGLEC9', 'SLC39A5', 'SLIT2', 'SMOC2', 'SPINT1', 'SRP14', 'SSB', 'TDGF1', 'TFRC', 'THPO', 'TMSB10', 'TNFRSF11A', 'TNFRSF13B', 'TNFRSF13C', 'TNFRSF4', 'TNFRSF8', 'TPT1', 'TSLP', 'XG']",86
Fold 80,"['ACP5', 'CCL20', 'CEACAM5', 'CES2', 'DLL1', 'DPT', 'FOSB', 'GPA33', 'HDGF', 'IL22RA1', 'KCNIP4', 'MDGA1', 'MUC13', 'MZB1', 'NOMO1', 'S100A16', 'SPINT1', 'TDGF1', 'TMPRSS5', 'XPNPEP2']",20
Fold 81,"['ADAM15', 'ADAMTS15', 'ADGRG1', 'ADGRG2', 'AMY2A', 'AMY2B', 'ANGPTL2', 'ANXA3', 'APLP1', 'APOM', 'ATP6V1D', 'BAIAP2', 'C19orf12', 'CAMKK1', 'CASP1', 'CCL15', 'CCL20', 'CD5', 'CD63', 'CDHR1', 'CEACAM21', 'CELA3A', 'CHIT1', 'CLEC4G', 'COL6A3', 'CPA1', 'CPVL', 'CRH', 'CRISP2', 'CRTAC1', 'CTSH', 'CTSL', 'CTSS', 'CXCL8', 'DEFA1_DEFA1B', 'DKKL1', 'DLL1', 'DPT', 'DSG4', 'EPHA1', 'FABP4', 'FCGR2B', 'FCRL5', 'FOSB', 'GFRA2', 'GGT1', 'GGT5', 'GH2', 'GHRHR', 'GRN', 'GZMA', 'HLA-DRA', 'ICAM1', 'IGF2R', 'IGFBPL1', 'IKZF2', 'IL2RB', 'ISM1', 'KCNIP4', 'KIR2DL3', 'KLK1', 'KRT5', 'LAMA4', 'LGALS1', 'LILRB1', 'LRIG1', 'MAGED1', 'MAPT', 'MARCO', 'MASP1', 'MDGA1', 'MET', 'MICB_MICA', 'MSLN', 'MUC13', 'MZB1', 'NEFL', 'NELL1', 'NINJ1', 'NPTN', 'NPY', 'NTRK3', 'NXPH1', 'PCSK9', 'PIGR', 'PM20D1', 'PON3', 'PRSS8', 'PTH1R', 'RAB6B', 'RANGAP1', 'RASSF2', 'RELT', 'REN', 'RETN', 'SELE', 'SERPINB8', 'SIGLEC7', 'SMOC2', 'SPINK1', 'SPINK6', 'SPINT1', 'TDGF1', 'THPO', 'TLR3', 'TMSB10', 'TNC', 'TNFRSF11B', 'TNFRSF8', 'TSHB', 'TSLP', 'UMOD', 'WFIKKN1', 'WIF1', 'XPNPEP2']",115
Fold 82,"['ACTN4', 'ADAM15', 'ADAMTS13', 'ADAMTS15', 'AMIGO2', 'AOC1', 'BAIAP2', 'BSG', 'C19orf12', 'CCL11', 'CCL19', 'CCL20', 'CD164', 'CD38', 'CDH17', 'CDHR1', 'CHI3L1', 'CHL1', 'COL4A1', 'COPE', 'CPA2', 'CRELD2', 'CRTAC1', 'CTSF', 'CXCL8', 'DBI', 'DKKL1', 'DPT', 'DSG4', 'ENPP7', 'EREG', 'EZR', 'FABP4', 'FBP1', 'FCRL5', 'FOSB', 'GFRA2', 'GGT1', 'GGT5', 'GPA33', 'HBQ1', 'HLA-DRA', 'IGF2R', 'IL10RB', 'IL13', 'IL17RB', 'IL1RAP', 'IL2RA', 'ISLR2', 'ISM1', 'KCNIP4', 'KLB', 'KLK12', 'LAMA4', 'LY9', 'LY96', 'LYPD1', 'MATN2', 'MDGA1', 'MET', 'MME', 'MSR1', 'MTPN', 'MUC13', 'MZB1', 'NCLN', 'NOMO1', 'NOS1', 'NPTN', 'PAEP', 'PCOLCE', 'PDGFC', 'PM20D1', 'PON2', 'PON3', 'PRDX1', 'PRKRA', 'RANGAP1', 'RARRES1', 'S100A16', 'SCP2', 'SDC1', 'SELPLG', 'SMOC2', 'SPINT1', 'SRP14', 'SSB', 'TDGF1', 'TFRC', 'THPO', 'TMPRSS5', 'TMSB10', 'TNC', 'TNFRSF11A', 'TNFRSF13B', 'TNFRSF13C', 'TNFRSF4', 'TNFRSF8', 'TP53', 'TPT1', 'ULBP2', 'VWA1', 'XPNPEP2', 'XRCC4']",104
Fold 83,"['CCL20', 'IL2RA', 'LGALS1', 'LGALS9', 'MZB1', 'PON3', 'TFPI2', 'TNFRSF8']",8
Fold 84,"['ADAM15', 'ADAMTS13', 'ADAMTS15', 'ANGPTL2', 'AOC1', 'APBB1IP', 'ATP6V1D', 'B4GAT1', 'BSG', 'CALB2', 'CASP1', 'CCL14', 'CCL20', 'CD164', 'CD63', 'CEACAM3', 'CES2', 'CLC', 'CLUL1', 'CNTN1', 'CNTN2', 'CNTNAP2', 'CPA2', 'CRTAC1', 'CRX', 'CSTB', 'CTSF', 'CXCL13', 'DDC', 'DKKL1', 'EGLN1', 'FABP4', 'FBP1', 'FCAR', 'FCN2', 'GCG', 'GFAP', 'GFRA2', 'GGT1', 'GH2', 'HCLS1', 'HDGF', 'HEBP1', 'HLA-DRA', 'IFNGR2', 'IGF2R', 'IL16', 'IL17C', 'IL2', 'IL22RA1', 'IL24', 'IL33', 'IL5', 'ILKAP', 'KIR2DL3', 'KLB', 'KLK1', 'KLK10', 'LBR', 'LGALS1', 'LILRA5', 'LRIG1', 'LRPAP1', 'LSP1', 'LTA', 'LTO1', 'LY96', 'LYPD1', 'LYPD3', 'MDGA1', 'MLN', 'MSLN', 'MSTN', 'MUC13', 'MZB1', 'NCF2', 'NDRG1', 'NFATC3', 'NPTN', 'NPTXR', 'NTF4', 'OMG', 'PAEP', 'PAG1', 'PCOLCE', 'PDGFC', 'PM20D1', 'PODXL2', 'PPY', 'PRL', 'PSPN', 'PTPRM', 'RANGAP1', 'S100A16', 'SEMA3F', 'SEZ6L2', 'SIGLEC9', 'SLC39A5', 'SMPDL3A', 'SPINK6', 'SPINT1', 'SRP14', 'SSC5D', 'ST3GAL1', 'TFPI2', 'THPO', 'TIMP3', 'TMPRSS5', 'TNFRSF8', 'TSPAN1', 'ULBP2', 'XPNPEP2']",112
Fold 85,"['ACE2', 'ACP6', 'ACTN4', 'ADGRG2', 'ANGPTL2', 'ANXA10', 'AOC1', 'ATP6V1D', 'B4GAT1', 'BAIAP2', 'CASP1', 'CCL17', 'CCL19', 'CCL20', 'CD164', 'CD177', 'CD5', 'CD63', 'CDHR1', 'CES2', 'CHIT1', 'CHL1', 'CLEC4G', 'CLPS', 'CLUL1', 'COL6A3', 'COLEC12', 'CPA1', 'CRLF1', 'CRTAC1', 'CSTB', 'CTRB1', 'CTSF', 'CTSL', 'CXCL14', 'CXCL8', 'DKKL1', 'DLL1', 'DPT', 'DSG2', 'DSG4', 'ECE1', 'EGLN1', 'FABP4', 'FCGR2B', 'FCN2', 'FCRL5', 'FCRLB', 'FGF21', 'FGF5', 'FOSB', 'FST', 'GFAP', 'GFRA2', 'GGT1', 'GGT5', 'GH2', 'GPA33', 'GRN', 'GUCA2A', 'HDGF', 'HLA-DRA', 'IFNGR2', 'IGF2R', 'IGFBPL1', 'IGSF3', 'IL11', 'IL13', 'IL16', 'IL17C', 'IL22RA1', 'IL2RA', 'IL2RB', 'IL33', 'IL5', 'ISLR2', 'KCNIP4', 'KLK1', 'KLK10', 'KLRB1', 'LGALS1', 'LHB', 'LILRB1', 'LRPAP1', 'LY9', 'LY96', 'LYPD1', 'MAGED1', 'MDGA1', 'MET', 'MMP13', 'MSLN', 'MUC13', 'MZB1', 'NAAA', 'NELL2', 'NGF', 'NINJ1', 'NPM1', 'NPTN', 'NPY', 'NRP2', 'NTF4', 'OPTC', 'PDGFC', 'PDGFRA', 'PLA2G1B', 'PLAUR', 'PM20D1', 'PNLIPRP2', 'PODXL2', 'PON3', 'PPY', 'PRSS8', 'PSIP1', 'PTH1R', 'RANGAP1', 'RASSF2', 'RNASE3', 'S100A16', 'SCG2', 'SCGN', 'SIGLEC9', 'SIRT5', 'SPINK6', 'SPINT1', 'SRP14', 'SSB', 'TDGF1', 'THBS2', 'THPO', 'TMPRSS5', 'TMSB10', 'TNC', 'TNFRSF13C', 'TNFRSF4', 'TNFRSF8', 'TPT1', 'VAMP5', 'XPNPEP2', 'XRCC4']",141
Fold 86,"['CCL20', 'LGALS1', 'LGALS9', 'MZB1']",4
Fold 87,"['ACE2', 'ADAMTS13', 'AFP', 'AOC1', 'BAIAP2', 'BTN3A2', 'CA6', 'CCL20', 'CCL7', 'CDH17', 'CDHR1', 'CHIT1', 'COL4A1', 'COPE', 'CPA2', 'CRTAC1', 'CTSH', 'CXCL8', 'DKKL1', 'DLL1', 'DPT', 'DSG4', 'EPCAM', 'EREG', 'FBP1', 'FCN2', 'FGF21', 'FOSB', 'GDF15', 'GFRA2', 'GGT5', 'GNLY', 'GPA33', 'HBQ1', 'HCLS1', 'IGF2R', 'IL11', 'IL13', 'IL17C', 'IL17F', 'IL1A', 'IL1RAP', 'IL22RA1', 'ISLR2', 'ITGA11', 'JUN', 'KLB', 'KLK12', 'LILRB1', 'LTBP3', 'LYPD1', 'MDGA1', 'MET', 'MUC13', 'MZB1', 'NCLN', 'NEFL', 'NOS1', 'NPTN', 'NPTXR', 'NPY', 'NTRK3', 'PARP1', 'PCOLCE', 'PIGR', 'PLAUR', 'PON3', 'PRKRA', 'PSIP1', 'PTPRM', 'RANGAP1', 'RARRES1', 'S100A16', 'SCP2', 'SIGLEC7', 'SIGLEC9', 'SLC16A1', 'SLC39A5', 'SMOC2', 'SOD2', 'SPINT1', 'SRP14', 'STC1', 'THBS2', 'TNC', 'TNFRSF11A', 'TNFRSF13B', 'TNFRSF8', 'TPT1', 'TSPAN1', 'VWA1', 'WFIKKN1', 'XPNPEP2']",93
Fold 88,"['CCL7', 'GDF15', 'LGALS1', 'MZB1']",4
Fold 89,"['ADAM15', 'ADAMTS15', 'ADGRG1', 'AMY2A', 'AMY2B', 'ANGPTL2', 'ANXA3', 'AOC1', 'B4GAT1', 'CAMKK1', 'CASP1', 'CCL15', 'CCL20', 'CCL23', 'CD164', 'CDH17', 'CDH5', 'CDHR2', 'CELA3A', 'CHIT1', 'CLEC10A', 'CLPP', 'CNTN1', 'COL9A1', 'CPA2', 'CPB1', 'CRTAC1', 'CSTB', 'CTRB1', 'CTSH', 'DAPP1', 'DKKL1', 'ENPP7', 'EPHA10', 'FBP1', 'FCGR2A', 'FCRL5', 'FOSB', 'GGT1', 'GNLY', 'GPA33', 'GPC5', 'HCLS1', 'HLA-DRA', 'HPGDS', 'IFNGR2', 'IGF2R', 'IGFBPL1', 'IL17RA', 'IL18RAP', 'IL1B', 'IL5', 'IL5RA', 'ISM1', 'KCNIP4', 'KIR2DL3', 'KLK1', 'KLK12', 'LAMA4', 'LGALS1', 'LILRB1', 'LRRC25', 'LTA', 'LY96', 'MDGA1', 'MET', 'MMP13', 'MSLN', 'MUC13', 'MZB1', 'NCAM2', 'NCLN', 'NPTN', 'NRP2', 'PDGFC', 'PDGFRA', 'PIGR', 'PILRB', 'PM20D1', 'PON3', 'PRL', 'PTEN', 'PTPRM', 'RANGAP1', 'S100A16', 'SCARB1', 'SCP2', 'SELPLG', 'SMOC2', 'SNX9', 'SPINK1', 'SPINT1', 'TDGF1', 'TFPI2', 'THBS2', 'THPO', 'TIGAR', 'TLR3', 'TMPRSS5', 'TMSB10', 'TNFRSF8', 'TNFSF12', 'TSPAN1', 'TXLNA', 'VEGFA', 'XPNPEP2']",106
Fold 90,"['CCL20', 'CD164', 'CD276', 'CES2', 'DLL1', 'FOSB', 'MDGA1', 'MZB1', 'NDRG1', 'PDGFC', 'PON3', 'TMSB10', 'TNC', 'TNFRSF8']",14
Fold 91,"['ACE2', 'ADAMTS13', 'ADAMTS15', 'AOC1', 'CALB2', 'CCL20', 'CDHR1', 'CES2', 'CHIT1', 'COL4A1', 'COL6A3', 'COLEC12', 'CPA2', 'CPE', 'CPPED1', 'CRLF1', 'CRTAC1', 'CTSF', 'CXCL16', 'DDC', 'DKKL1', 'DPT', 'DSG4', 'ELOA', 'FASLG', 'FCAR', 'FCGR2A', 'FOSB', 'GFOD2', 'GFRA2', 'GNLY', 'GPC5', 'HDGF', 'ICAM1', 'IFNGR2', 'IFNLR1', 'IGF2R', 'IL13', 'IL16', 'IL17C', 'IL1RAP', 'IL22RA1', 'IL2RA', 'IL32', 'IL5RA', 'JCHAIN', 'KCNIP4', 'KLK12', 'KLRD1', 'LEP', 'LGALS9', 'LILRA5', 'LILRB1', 'LRRC25', 'LY96', 'LYPD1', 'MARCO', 'MDGA1', 'MET', 'MILR1', 'MUC13', 'MZB1', 'NBN', 'NOMO1', 'NPTN', 'NTRK3', 'PARP1', 'PDGFC', 'PODXL2', 'PON3', 'PPY', 'PRKRA', 'PRL', 'PSIP1', 'PSMA1', 'RANGAP1', 'S100A16', 'SCARB1', 'SCGN', 'SCP2', 'SDC1', 'SMOC2', 'SMPDL3A', 'SPINT1', 'SRP14', 'SSB', 'STC2', 'TAFA5', 'TFPI2', 'THBS2', 'TNFRSF4', 'TNFRSF6B', 'TPT1', 'TSLP', 'VSIG4', 'XPNPEP2']",96
Fold 92,"['IL2RA', 'LGALS1', 'LGALS9', 'MZB1']",4
Fold 93,"['BAIAP2', 'CCL7', 'CRTAC1', 'CXCL8', 'LGALS1', 'MZB1', 'NOMO1', 'PON3', 'SDC1', 'TNFRSF10A', 'VWA1']",11
Fold 94,"['ANGPTL2', 'CCL20', 'CCL7', 'CRTAC1', 'MZB1']",5
Fold 95,"['CCL7', 'LGALS1', 'MZB1', 'POLR2F']",4
Fold 96,"['CASP1', 'CCL20', 'CRTAC1', 'FOSB', 'LGALS1', 'MZB1', 'PDGFC', 'SSB', 'SSC5D', 'TNFRSF8']",10
Fold 97,"['ANGPTL2', 'CCL20', 'CCL7', 'CPA2', 'CRTAC1', 'CTSH', 'DSG4', 'LGALS1', 'MZB1', 'NDRG1', 'PON3', 'SPINT1']",12
Fold 98,"['ACE2', 'ACP5', 'ADA2', 'ADAMTS15', 'ADGRG1', 'AHSP', 'ANGPTL2', 'AOC1', 'BAIAP2', 'BST1', 'CA6', 'CCL15', 'CCL20', 'CD177', 'CD38', 'CDHR1', 'CHI3L1', 'CHIT1', 'CLUL1', 'COL6A3', 'CPA2', 'CRTAC1', 'CSF1', 'CSTB', 'CTSH', 'CTSL', 'DDAH1', 'DKKL1', 'DLL1', 'FABP4', 'FASLG', 'FCN2', 'FCRL5', 'FOSB', 'GDF15', 'GFRA1', 'GFRA2', 'GGT5', 'GPA33', 'GPC5', 'GRN', 'HDGF', 'HLA-DRA', 'IL10', 'IL17C', 'IL2RA', 'IL5', 'IL5RA', 'IL6', 'ISLR2', 'ITIH3', 'JCHAIN', 'KCNIP4', 'KIR2DL3', 'KLK1', 'KLK12', 'KLRB1', 'KLRD1', 'LAMA4', 'LGALS1', 'LHB', 'LILRA5', 'LILRB1', 'LRP11', 'LRPAP1', 'LY9', 'LY96', 'MARCO', 'MDGA1', 'MET', 'MSLN', 'MUC13', 'MZB1', 'NCAM2', 'NCLN', 'NOS3', 'NRP2', 'NTRK3', 'PDGFC', 'PDGFRA', 'PLAUR', 'PM20D1', 'PRKRA', 'PSIP1', 'PSPN', 'RANGAP1', 'REN', 'RETN', 'S100A16', 'SCP2', 'SERPINA11', 'SFTPA2', 'SIRT5', 'SLC39A5', 'SPINT1', 'SRP14', 'SSB', 'SSC5D', 'TFPI2', 'THBS2', 'TMSB10', 'TNFRSF11A', 'TNFRSF11B', 'TNFRSF13B', 'TNFSF11', 'TPT1', 'TSLP', 'VWA1']",108
Fold 99,"['ACE2', 'ADAM15', 'ADGRG1', 'ADGRG2', 'AMY2A', 'AMY2B', 'ANGPTL2', 'ANXA3', 'APOM', 'ARNT', 'ATP6V1D', 'BAIAP2', 'CASP1', 'CCL15', 'CCL19', 'CCL20', 'CD163', 'CD300C', 'CD34', 'CD48', 'CD5', 'CD63', 'CDH17', 'CDHR1', 'CDHR2', 'CEACAM21', 'CEACAM5', 'CELA3A', 'CES2', 'CHIT1', 'COL9A1', 'CPPED1', 'CRTAC1', 'CTSF', 'CTSH', 'CXCL8', 'DKKL1', 'DPT', 'ENG', 'FCRL5', 'FGF19', 'FGF21', 'FOSB', 'FUT3_FUT5', 'GAL', 'GFOD2', 'GNLY', 'GPA33', 'GRN', 'HDGF', 'HLA-DRA', 'HPGDS', 'IFNGR2', 'IGF2R', 'IGFBP1', 'IGFBPL1', 'IL12RB1', 'IL13', 'IL17RB', 'IL32', 'ISM1', 'KCNIP4', 'KIR2DL3', 'KLB', 'KLK12', 'LGALS9', 'LY9', 'LY96', 'MARCO', 'MATN2', 'MDGA1', 'MILR1', 'MMP13', 'MSR1', 'MUC13', 'MZB1', 'NAMPT', 'NFASC', 'NPTN', 'NXPH1', 'OXT', 'PCSK9', 'PIGR', 'PM20D1', 'PNLIPRP2', 'PON3', 'PPY', 'PSMA1', 'PTH1R', 'PTPRM', 'RAB6B', 'RANGAP1', 'SCARB1', 'SDC1', 'SELPLG', 'SIGLEC1', 'SIGLEC10', 'SIGLEC7', 'SIGLEC9', 'SMOC2', 'SSB', 'TDGF1', 'THBS2', 'TMPRSS5', 'TNC', 'TNFRSF8', 'TNFSF12', 'TSHB', 'TSLP', 'TSPAN1', 'VMO1', 'XPNPEP2']",112
