,Mann-Whitney U-test,p-value
Myeloid Granulocytes_stromal_Ki67,294.0,0.00013920605835843813
Myeloid Granulocytes_stromal_GranzymeB,324.0,0.000535949835779198
CD8 T cells_intratumor_CD36,902.0,0.0013145160754607138
CD4 T cells naive_stromal_pS6,351.0,0.0016378577828357783
CD8 T cells_stromal_pS6,390.0,0.006967673805496232
CD4 T cells memory_stromal_pS6,394.5,0.008135250295483447
CD4 T cells regulatory_stromal_pS6,397.0,0.00873301455367892
Fibroblasts_stromal_pS6,400.0,0.009799564391740576
B cells_stromal_pS6,401.0,0.010110665749042763
Vessel_stromal_pERK,407.0,0.01235186895615965
CD4 T cells naive_tumorfront_pS6,410.5,0.01383563343035801
CD4 T cells naive_stromal_pCREB,418.0,0.01755797532141365
CD4 T cells naive_tumorfront_pERK,426.0,0.02246356924921145
Tumor non-proliferating_intratumor_CD36,822.0,0.022468084106810886
CD4 T cells memory_stromal_CD44,817.5,0.02572250890891115
Vessel_stromal_pSTAT3,432.0,0.02689608358828009
Fibroblasts_stromal_pERK,433.0,0.027703022551932625
Myeloid DCs_stromal_CD44,810.5,0.030950407841922843
Fibroblasts_tumorfront_pCREB,437.0,0.031142949761017624
CD4 T cells regulatory_stromal_CD44,810.0,0.0317415767122238
Vessel_tumorfront_pS6,438.0,0.03205812419612794
Vessel_stromal_pCREB,438.0,0.03205812419612794
Myeloid M1 macrophages_stromal_pERK,441.0,0.03494316856055477
Fibroblasts_tumorfront_pERK,443.0,0.036987332317646546
Vessel_stromal_pS6,443.0,0.036987332317646546
Myeloid Monocytes_stromal_pS6,443.0,0.036987332317646546
CD8 T cells_stromal_pCREB,444.0,0.03804703925013529
Myeloid Granulocytes_stromal_pNFkB,449.0,0.043592515541380876
Vessel_tumorfront_pERK,451.0,0.04621177440733643
Vessel_stromal_VEGF,451.0,0.04621177440733643
Tumor non-proliferating_stromal_VEGF,452.0,0.046814626772093505
CD4 T cells memory_stromal_pCREB,454.5,0.05081683264823806
Myeloid Granulocytes_tumorfront_CD44,792.0,0.05179607702079641
Vessel_stromal_GranzymeB,456.0,0.0529078172873177
Myeloid M2 macrophages_stromal_pS6,457.5,0.05506610646290396
CD8 T cells_stromal_pNFkB,458.0,0.05580439795722975
Myeloid Granulocytes_stromal_pSTAT3,459.0,0.05712620368216505
Myeloid M1 macrophages_tumorfront_pS6,459.0,0.05730151521391568
CD4 T cells naive_stromal_CD44,788.0,0.05883188541644427
B cells_stromal_pCREB,461.0,0.06032064841031435
Vessel_tumorfront_pCREB,461.0,0.06039603825697721
Myeloid M1 macrophages_tumorfront_pERK,462.0,0.06199450599851059
Tumor non-proliferating_stromal_pERK,462.5,0.062176623029669
Fibroblasts_tumorfront_CD44,785.0,0.06362782331588263
Tumor non-proliferating_tumorfront_pERK,464.0,0.06529652713199245
Tumor non-proliferating_stromal_pS6,465.0,0.06649769273958961
Myeloid Granulocytes_stromal_pERK,465.0,0.06692103756822436
Myeloid Granulocytes_tumorfront_pMAPKAPK2,782.0,0.06716388116932026
CD4 T cells naive_stromal_pERK,466.0,0.0687422521761526
Myeloid M1 macrophages_stromal_pS6,466.0,0.0687422521761526
B cells_stromal_VEGF,467.0,0.07043784916728356
Myeloid M1 macrophages_stromal_pCREB,467.0,0.07052035694934874
Fibroblasts_stromal_CD44,780.0,0.07233601495062854
Tumor proliferating_intratumor_CD36,779.0,0.07410486306588773
CD4 T cells regulatory_stromal_pERK,470.0,0.0751867940437746
Myeloid M2 macrophages_tumorfront_pS6,470.0,0.07594439573490828
Tumor proliferating_tumorfront_pSTAT3,472.0,0.0798434673491287
Myeloid Monocytes_stromal_VEGF,473.0,0.08199673387975082
Myeloid M1 macrophages_stromal_CD44,775.0,0.08199673387975082
Vessel_stromal_Ki67,474.0,0.08404920137725867
CD8 T cells_stromal_pp38,474.0,0.08404920137725867
Myeloid Granulocytes_stromal_CD44,773.0,0.08599562069188756
Fibroblasts_tumorfront_pS6,475.0,0.08614305829870078
Fibroblasts_stromal_pCREB,475.0,0.08614305829870078
CD4 T cells naive_stromal_VEGF,476.0,0.08827885404537773
Myeloid Monocytes_stromal_pERK,476.0,0.08827885404537773
Myeloid Granulocytes_stromal_VEGF,478.0,0.09252523121155946
B cells_stromal_pNFkB,478.0,0.09258269264530526
Vessel_stromal_pNFkB,479.0,0.0949433622451961
Myeloid M2 macrophages_stromal_CD44,768.5,0.09608954191248824
Myeloid Granulocytes_stromal_pS6,482.0,0.10190448764518223
B cells_stromal_GranzymeB,482.0,0.10190448764518223
Myeloid Monocytes_stromal_CD44,766.0,0.10200504230958182
CD4 T cells naive_tumorfront_pCREB,482.5,0.10321874605857016
Tumor non-proliferating_stromal_pCREB,484.0,0.10629357742999328
CD8 T cells_tumorfront_CD44,764.0,0.10693779603313272
CD4 T cells naive_stromal_pNFkB,486.0,0.11206379345459697
Myeloid M1 macrophages_stromal_pNFkB,486.0,0.11206379345459697
Vessel_tumorfront_VEGF,486.0,0.11206379345459697
B cells_stromal_pSTAT3,489.0,0.11993501542456378
CD8 T cells_stromal_pERK,489.0,0.1201090171529209
Tumor non-proliferating_intratumor_pSTAT1,759.0,0.1201090171529209
Fibroblasts_stromal_VEGF,492.0,0.12859961492757466
Myeloid DCs_tumorfront_CD44,753.0,0.12990711186773768
CD4 T cells naive_tumorfront_GranzymeB,492.5,0.1300557759151415
B cells_stromal_pERK,493.0,0.13141794525954306
Myeloid Monocytes_stromal_pCREB,493.0,0.13153119777613353
CD8 T cells_stromal_VEGF,493.0,0.13153119777613353
CD4 T cells naive_stromal_GranzymeB,493.0,0.13153119777613353
Tumor non-proliferating_stromal_E-Cadherin,495.0,0.13634756359669215
CD8 T cells_intratumor_E-Cadherin,753.0,0.13682339341958152
Myeloid M2 macrophages_tumorfront_pCREB,495.0,0.1373647584553692
Tumor non-proliferating_intratumor_Ki67,495.0,0.1375494797234248
Tumor non-proliferating_intratumor_pNFkB,753.0,0.1375494797234248
Myeloid Granulocytes_stromal_pCREB,496.0,0.140520655184937
Tumor non-proliferating_tumorfront_pSTAT3,496.0,0.14063717495834543
CD4 T cells memory_tumorfront_pS6,497.5,0.1453345473441318
B cells_stromal_E-Cadherin,498.0,0.14685348835866482
Myeloid M1 macrophages_stromal_VEGF,498.0,0.14697212290077816
Myeloid M1 macrophages_tumorfront_pCREB,498.0,0.14697212290077816
CD8 T cells_stromal_GranzymeB,498.0,0.14697212290077816
CD4 T cells naive_stromal_Ki67,499.0,0.150220337397209
CD4 T cells memory_tumorfront_pCREB,499.5,0.15183050228486664
Vessel_stromal_pp38,500.0,0.15352300952725412
CD4 T cells regulatory_tumorfront_E-Cadherin,746.0,0.15403929998907578
Myeloid M2 macrophages_stromal_pERK,500.5,0.1551914503567813
Tumor proliferating_intratumor_pERK,501.0,0.15675890532969378
Fibroblasts_tumorfront_VEGF,502.0,0.16029357795454868
Tumor non-proliferating_stromal_pMAPKAPK2,503.0,0.16247442332323703
Myeloid Granulocytes_tumorfront_CD36,744.0,0.16528879651294126
Myeloid DCs_tumorfront_CD36,742.0,0.1661059585868343
CD8 T cells_intratumor_CD44,744.0,0.16650348849338803
B cells_stromal_pp38,504.0,0.16716284136724824
Vessel_stromal_pMAPKAPK2,504.0,0.16728745825983726
Fibroblasts_tumorfront_pNFkB,504.0,0.16728745825983726
CD4 T cells memory_tumorfront_CD36,743.5,0.16903549943517526
CD8 T cells_intratumor_pNFkB,743.0,0.17007935555527365
Fibroblasts_tumorfront_pMAPKAPK2,505.0,0.17086924147790072
Tumor proliferating_tumorfront_CD44,742.0,0.1744358929784563
CD4 T cells naive_tumorfront_pSTAT3,506.0,0.174493705964463
CD8 T cells_tumorfront_CD36,742.0,0.17450454490124756
Myeloid Monocytes_stromal_Ki67,506.0,0.17450454490124756
Vessel_tumorfront_pSTAT3,506.0,0.1745081578101343
CD8 T cells_intratumor_pSTAT1,741.0,0.17687779129908687
CD8 T cells_stromal_CD44,741.0,0.17820462490868583
Tumor non-proliferating_tumorfront_pSTAT1,741.0,0.17820462490868583
Tumor non-proliferating_tumorfront_pMAPKAPK2,508.0,0.1819590515392101
CD4 T cells naive_tumorfront_VEGF,508.5,0.18385444893441572
Myeloid Monocytes_tumorfront_pCREB,508.5,0.18385444893441572
Myeloid Granulocytes_tumorfront_GranzymeB,510.0,0.1875584009033443
Myeloid Monocytes_tumorfront_CD44,738.5,0.18769653692407273
CD4 T cells memory_tumorfront_VEGF,510.5,0.19156405077461458
CD8 T cells_intratumor_GranzymeB,737.0,0.192751290146018
Myeloid M1 macrophages_tumorfront_pSTAT1,737.0,0.193574036578668
Myeloid DCs_stromal_pS6,512.0,0.19619355225567947
Myeloid Granulocytes_tumorfront_Ki67,514.0,0.20136229137682993
Tumor non-proliferating_tumorfront_pCREB,513.0,0.20161422400942708
CD4 T cells naive_stromal_pSTAT3,513.0,0.20161422400942708
CD4 T cells regulatory_tumorfront_pS6,515.0,0.2039556322365298
B cells_stromal_pMAPKAPK2,514.0,0.20559139475967492
Myeloid Granulocytes_tumorfront_pp38,733.0,0.20728602778238725
Tumor proliferating_tumorfront_pERK,515.0,0.20981879551609894
Fibroblasts_stromal_pNFkB,516.0,0.21412688584938155
CD4 T cells memory_stromal_GranzymeB,516.5,0.21626178715235167
CD4 T cells naive_tumorfront_CD44,731.5,0.21626178715235167
Tumor proliferating_intratumor_E-Cadherin,731.0,0.21828458586055133
CD8 T cells_stromal_pSTAT3,517.0,0.21841972581376634
CD4 T cells regulatory_tumorfront_CD44,729.0,0.2202106464828637
Fibroblasts_tumorfront_GranzymeB,518.0,0.22277405736429834
Myeloid M2 macrophages_stromal_pCREB,518.5,0.22497048647573525
Tumor non-proliferating_stromal_pNFkB,519.0,0.22576866467688217
Myeloid M2 macrophages_tumorfront_CD44,729.0,0.22697191326355193
Tumor proliferating_intratumor_pSTAT3,519.0,0.22705377862592235
CD4 T cells naive_stromal_pMAPKAPK2,519.0,0.2271901715283613
Tumor proliferating_intratumor_CD44,728.0,0.2315313692714437
CD4 T cells memory_tumorfront_pSTAT1,728.0,0.23159008167016082
Vessel_tumorfront_GranzymeB,520.0,0.2316683468451184
CD4 T cells naive_stromal_E-Cadherin,520.0,0.2316683468451184
Myeloid Monocytes_tumorfront_pERK,520.5,0.23360126179280483
Tumor proliferating_tumorfront_Ki67,522.0,0.2407330474564603
Myeloid DCs_stromal_VEGF,522.5,0.24133375774757326
Tumor non-proliferating_intratumor_E-Cadherin,725.0,0.24547783173687754
Fibroblasts_stromal_Ki67,523.0,0.24547783173687754
Vessel_stromal_E-Cadherin,523.0,0.24547783173687754
CD8 T cells_stromal_pMAPKAPK2,524.0,0.2502067772474761
CD4 T cells memory_tumorfront_CD44,723.5,0.2525551814464764
Myeloid M2 macrophages_stromal_VEGF,524.5,0.2525909810578346
Myeloid DCs_stromal_pCREB,526.0,0.2583965998763347
Myeloid M1 macrophages_stromal_CD36,721.0,0.2647739290937816
Myeloid DCs_stromal_pp38,528.0,0.2674990530476822
Tumor non-proliferating_stromal_GranzymeB,528.0,0.26860621207399016
Tumor proliferating_tumorfront_pSTAT1,720.0,0.26953208109407845
Tumor non-proliferating_intratumor_pMAPKAPK2,528.0,0.2697570285886076
Myeloid Monocytes_tumorfront_VEGF,528.5,0.2722323540752176
CD4 T cells memory_stromal_VEGF,528.5,0.2722685343869954
CD4 T cells memory_stromal_pNFkB,528.5,0.2722685343869954
CD4 T cells naive_tumorfront_Ki67,529.0,0.2747879913346336
CD4 T cells naive_tumorfront_pNFkB,529.5,0.27734761766250815
Myeloid DCs_stromal_pNFkB,530.0,0.2784436143390615
CD4 T cells regulatory_stromal_VEGF,530.0,0.27902678278316995
CD8 T cells_intratumor_VEGF,718.0,0.27902678278316995
Tumor non-proliferating_tumorfront_CD44,717.0,0.28509062148336317
Fibroblasts_stromal_GranzymeB,531.0,0.28509062148336317
Myeloid M1 macrophages_tumorfront_pSTAT3,531.5,0.2876983855659674
CD8 T cells_stromal_E-Cadherin,532.0,0.290330326500696
Myeloid M1 macrophages_stromal_GranzymeB,533.0,0.2956344504288059
Myeloid Monocytes_stromal_pNFkB,534.0,0.3010030682553444
Myeloid M2 macrophages_tumorfront_pp38,713.5,0.3033708187211712
Tumor non-proliferating_stromal_Ki67,535.0,0.303663321390245
Tumor proliferating_intratumor_pSTAT1,713.0,0.3062942690422493
Tumor non-proliferating_stromal_pp38,536.0,0.3091598213011657
Myeloid Monocytes_tumorfront_pNFkB,535.5,0.3091729885699689
Fibroblasts_stromal_pMAPKAPK2,537.0,0.31749638741282116
Myeloid M2 macrophages_stromal_GranzymeB,537.5,0.32029775790669324
CD4 T cells regulatory_tumorfront_pSTAT1,708.5,0.32089939443539806
Myeloid Granulocytes_tumorfront_pSTAT1,709.0,0.32248682106209015
Fibroblasts_stromal_pp38,538.0,0.32312339906531407
Myeloid M2 macrophages_stromal_pSTAT3,538.5,0.32595708204317264
Myeloid M1 macrophages_stromal_Ki67,539.0,0.3288150289447912
Vessel_tumorfront_pMAPKAPK2,539.0,0.3288150289447912
Myeloid Monocytes_tumorfront_pS6,539.5,0.33168101434356345
CD8 T cells_tumorfront_pERK,540.0,0.3345671981488394
Vessel_tumorfront_CD44,708.0,0.3345712503307764
Tumor non-proliferating_stromal_CD36,540.5,0.3363122777571501
Myeloid DCs_tumorfront_pSTAT1,705.5,0.33711004236750564
CD8 T cells_tumorfront_E-Cadherin,707.0,0.3403879705728624
Tumor non-proliferating_tumorfront_VEGF,541.0,0.3403920188510102
Myeloid M1 macrophages_tumorfront_CD36,707.0,0.3403920188510102
CD8 T cells_stromal_Ki67,542.5,0.3492400162153031
Vessel_stromal_CD44,705.0,0.35222693046633524
Fibroblasts_stromal_pSTAT3,543.0,0.35222693046633524
Tumor proliferating_tumorfront_pMAPKAPK2,544.0,0.35816028626613694
CD4 T cells memory_tumorfront_pSTAT3,544.0,0.35816028626613694
Fibroblasts_tumorfront_pSTAT1,704.0,0.3582408949647007
Myeloid M2 macrophages_stromal_CD36,703.5,0.3612679306897255
Myeloid DCs_stromal_E-Cadherin,545.0,0.3628504458317092
Myeloid M2 macrophages_tumorfront_VEGF,545.0,0.36409374561569896
B cells_stromal_CD44,702.0,0.3703208075671046
Tumor proliferating_intratumor_pNFkB,702.0,0.3703208075671046
Myeloid Monocytes_tumorfront_pSTAT1,701.5,0.3735523286219502
CD4 T cells regulatory_stromal_pCREB,547.0,0.37578540122142834
Tumor proliferating_intratumor_GranzymeB,548.0,0.3827975530824965
CD4 T cells memory_tumorfront_pERK,548.5,0.3860561350996754
Vessel_tumorfront_CD36,699.0,0.3892705776682581
Myeloid Monocytes_tumorfront_Ki67,550.0,0.3950126654544186
Myeloid M1 macrophages_tumorfront_pNFkB,550.5,0.3988853503180736
B cells_stromal_Ki67,551.0,0.40190600797819354
Myeloid M1 macrophages_tumorfront_CD44,697.0,0.4021270739960475
Myeloid M1 macrophages_stromal_pSTAT1,697.0,0.4021270739960475
Fibroblasts_tumorfront_CD36,695.0,0.4152349423635795
Tumor non-proliferating_intratumor_pERK,553.0,0.4152349423635795
Myeloid Monocytes_stromal_GranzymeB,553.0,0.4152349423635795
Myeloid DCs_stromal_Ki67,554.0,0.4173957865999264
Vessel_tumorfront_Ki67,554.0,0.4218824588426905
CD4 T cells naive_tumorfront_pSTAT1,693.0,0.4285532484019927
Myeloid DCs_stromal_pSTAT3,556.0,0.43395689833938356
Myeloid M2 macrophages_tumorfront_pNFkB,556.0,0.4351474486327247
CD8 T cells_tumorfront_GranzymeB,692.0,0.4353592729737674
Myeloid M1 macrophages_stromal_pMAPKAPK2,557.0,0.4421955968088217
Myeloid Monocytes_stromal_E-Cadherin,557.0,0.4421955968088217
CD4 T cells memory_tumorfront_GranzymeB,557.5,0.4455965665710562
Myeloid DCs_stromal_pSTAT1,558.0,0.4469476729858053
Myeloid Monocytes_stromal_pSTAT3,558.0,0.4490890193715916
Tumor non-proliferating_intratumor_pp38,690.0,0.4490890193715916
CD4 T cells regulatory_tumorfront_CD36,689.0,0.450133613557243
Myeloid M2 macrophages_tumorfront_CD36,689.0,0.4558313919913868
Myeloid DCs_stromal_CD36,559.5,0.4578221530277322
Myeloid DCs_stromal_pERK,559.5,0.4578221530277322
Tumor non-proliferating_stromal_CD44,688.5,0.45846305586920044
CD4 T cells memory_stromal_pERK,559.5,0.45953881936878493
B cells_tumorfront_pSTAT3,685.5,0.45956000261823904
Fibroblasts_tumorfront_pp38,560.0,0.46305714837905776
CD4 T cells memory_stromal_CD36,687.5,0.46658291139981767
Tumor proliferating_intratumor_Ki67,561.0,0.4700007041038249
Myeloid M1 macrophages_tumorfront_VEGF,561.0,0.4701310258088036
CD4 T cells regulatory_tumorfront_Ki67,564.0,0.47938178162772693
CD8 T cells_tumorfront_pSTAT3,563.0,0.4844525240017341
B cells_stromal_pSTAT1,684.0,0.4915793868561189
CD4 T cells naive_tumorfront_pMAPKAPK2,564.5,0.49534979921416245
CD8 T cells_intratumor_pCREB,682.0,0.5055941876531955
Tumor proliferating_tumorfront_VEGF,566.0,0.5063088938023322
CD4 T cells regulatory_stromal_GranzymeB,567.0,0.5127900180601587
Tumor proliferating_tumorfront_E-Cadherin,681.0,0.5137318699568738
CD8 T cells_tumorfront_pCREB,567.0,0.5137989381714889
Vessel_tumorfront_pNFkB,567.0,0.5138024673158623
Tumor non-proliferating_tumorfront_pp38,567.0,0.5138024673158623
Myeloid M2 macrophages_stromal_pp38,567.5,0.5175312085672179
Myeloid DCs_stromal_GranzymeB,569.0,0.5275524306864336
Myeloid Granulocytes_stromal_pSTAT1,569.5,0.5320348891124579
CD4 T cells regulatory_stromal_pNFkB,570.0,0.5354241301014051
B cells_tumorfront_pp38,676.0,0.5390424340064646
Myeloid M2 macrophages_tumorfront_pSTAT3,677.0,0.543489727733761
B cells_tumorfront_Ki67,573.0,0.5469516676913366
Myeloid M2 macrophages_stromal_pSTAT1,676.5,0.5478864438149468
CD8 T cells_intratumor_pSTAT3,676.0,0.5510096833750282
Tumor non-proliferating_intratumor_pS6,676.0,0.5517451569625414
B cells_tumorfront_CD44,674.0,0.5549179275140893
Myeloid M2 macrophages_stromal_pNFkB,572.5,0.5556104812502003
CD4 T cells regulatory_tumorfront_pp38,674.0,0.5585971005595516
B cells_stromal_CD36,573.0,0.5593803478303806
Tumor proliferating_intratumor_pMAPKAPK2,573.0,0.5593803478303806
Myeloid Granulocytes_stromal_CD36,675.0,0.5593803478303806
Tumor proliferating_intratumor_VEGF,574.0,0.567184792796567
CD4 T cells memory_tumorfront_pNFkB,574.5,0.571187189873888
Myeloid M1 macrophages_stromal_pSTAT3,574.5,0.5712162337306952
CD4 T cells regulatory_tumorfront_VEGF,575.5,0.5733503519048055
CD8 T cells_intratumor_pERK,673.0,0.574446549756778
Myeloid M2 macrophages_tumorfront_pMAPKAPK2,575.0,0.5749736735958264
Myeloid Monocytes_tumorfront_GranzymeB,575.5,0.5790965605331182
Myeloid Monocytes_tumorfront_pMAPKAPK2,577.5,0.5950085064966725
CD4 T cells regulatory_stromal_pSTAT1,670.0,0.5979008978822526
Tumor non-proliferating_tumorfront_CD36,670.0,0.5990205308644496
Tumor proliferating_tumorfront_pCREB,579.0,0.6070146114663794
Tumor non-proliferating_tumorfront_E-Cadherin,669.0,0.6070749025573434
Tumor non-proliferating_tumorfront_Ki67,669.0,0.6070749025573434
Vessel_stromal_pSTAT1,579.0,0.6070749025573434
CD4 T cells regulatory_tumorfront_pNFkB,667.5,0.6139343851241501
CD8 T cells_tumorfront_pS6,580.0,0.6151743185508618
Fibroblasts_tumorfront_pSTAT3,580.0,0.6151772820835655
Myeloid M2 macrophages_tumorfront_Ki67,581.0,0.6224912571356471
Myeloid M1 macrophages_tumorfront_GranzymeB,581.0,0.6233268671790483
Myeloid Granulocytes_stromal_pMAPKAPK2,582.0,0.6314227142969044
Tumor proliferating_intratumor_pp38,666.0,0.6314227142969044
Tumor proliferating_tumorfront_CD36,666.0,0.6314656345353773
CD8 T cells_tumorfront_Ki67,666.0,0.6315199787062711
Tumor non-proliferating_intratumor_VEGF,665.0,0.6397643586602231
Myeloid M1 macrophages_tumorfront_pMAPKAPK2,584.0,0.6480505748555627
Vessel_tumorfront_E-Cadherin,584.0,0.6480505748555627
Vessel_tumorfront_pSTAT1,664.0,0.6480505748555627
Fibroblasts_tumorfront_E-Cadherin,584.0,0.6480505748555627
B cells_tumorfront_pS6,586.0,0.6557593703203399
CD4 T cells regulatory_stromal_CD36,663.0,0.6557860335437409
B cells_tumorfront_pCREB,587.0,0.6643696132823828
CD8 T cells_intratumor_pp38,661.0,0.6725992349643091
CD4 T cells memory_stromal_pSTAT1,660.5,0.6773890497305104
B cells_tumorfront_pNFkB,589.0,0.6807091121429651
CD4 T cells regulatory_stromal_E-Cadherin,588.0,0.6810682968555042
Tumor non-proliferating_intratumor_pCREB,588.0,0.6816247518180969
Myeloid Monocytes_tumorfront_CD36,658.5,0.6943815731856663
Myeloid DCs_stromal_pMAPKAPK2,590.0,0.6977782440941753
Tumor proliferating_tumorfront_pp38,590.0,0.6985725011784067
Myeloid M1 macrophages_stromal_pp38,658.0,0.6986566289674558
CD4 T cells regulatory_stromal_Ki67,591.0,0.7056253348857955
Tumor non-proliferating_stromal_pSTAT3,591.0,0.705910508715914
Myeloid M2 macrophages_tumorfront_pERK,591.0,0.7070992606458083
CD8 T cells_tumorfront_pSTAT1,657.0,0.7072281157926088
CD4 T cells regulatory_stromal_pMAPKAPK2,656.0,0.7151875635283695
Myeloid Monocytes_tumorfront_pSTAT3,592.0,0.7157959893893764
Fibroblasts_stromal_E-Cadherin,592.0,0.715841578368051
Myeloid DCs_tumorfront_pERK,655.0,0.7192470807838438
CD4 T cells regulatory_tumorfront_pMAPKAPK2,655.0,0.7210121294043814
CD4 T cells regulatory_tumorfront_GranzymeB,594.0,0.7297951621139509
Myeloid Granulocytes_tumorfront_pSTAT3,594.0,0.7316964454963737
Tumor non-proliferating_intratumor_GranzymeB,594.0,0.7331717161280784
Fibroblasts_stromal_pSTAT1,653.0,0.7418887058302331
Myeloid M1 macrophages_stromal_E-Cadherin,595.0,0.7418887058302331
CD4 T cells naive_tumorfront_pp38,595.5,0.7462576768759335
CD4 T cells naive_stromal_pp38,596.0,0.750638936025578
Myeloid M1 macrophages_tumorfront_E-Cadherin,596.0,0.750638936025578
Vessel_stromal_CD36,596.0,0.750638936025578
CD4 T cells naive_tumorfront_CD36,651.5,0.7550242018619775
Tumor proliferating_intratumor_pS6,597.0,0.7593529183555967
Tumor non-proliferating_intratumor_pSTAT3,597.0,0.7594213605382848
Fibroblasts_stromal_CD36,651.0,0.7594213605382848
Myeloid Granulocytes_tumorfront_pERK,650.5,0.7619404346853061
CD4 T cells memory_stromal_pp38,597.5,0.7638223941508084
CD8 T cells_intratumor_pS6,650.0,0.7678185653350369
Vessel_tumorfront_pp38,598.0,0.7682349207293218
Myeloid Granulocytes_tumorfront_pNFkB,599.0,0.7755788505623058
CD8 T cells_tumorfront_pMAPKAPK2,599.0,0.7770767263679822
Myeloid M2 macrophages_tumorfront_GranzymeB,600.0,0.785853040019868
Myeloid M2 macrophages_tumorfront_pSTAT1,601.0,0.7946495746259735
Myeloid M2 macrophages_stromal_Ki67,647.0,0.7948449238238261
Myeloid Monocytes_tumorfront_pp38,601.5,0.7993103652701372
B cells_tumorfront_pSTAT1,603.0,0.8061441343422319
CD4 T cells regulatory_tumorfront_pERK,645.0,0.8103129255250262
Tumor non-proliferating_stromal_pSTAT1,603.0,0.8114617544283913
CD4 T cells regulatory_tumorfront_pSTAT3,644.0,0.817761059887219
Fibroblasts_tumorfront_Ki67,604.0,0.821709374303958
Myeloid M2 macrophages_stromal_E-Cadherin,643.5,0.8262055370996483
CD8 T cells_intratumor_Ki67,643.0,0.830309092985311
Tumor proliferating_tumorfront_pNFkB,606.0,0.8397069304537974
B cells_tumorfront_VEGF,607.0,0.8439822674299892
CD4 T cells memory_tumorfront_Ki67,606.5,0.8442401266689266
Tumor proliferating_tumorfront_pS6,607.0,0.8487526688415534
Myeloid M1 macrophages_tumorfront_pp38,641.0,0.8487777251044815
Myeloid Granulocytes_tumorfront_E-Cadherin,640.5,0.8524735750542913
Myeloid DCs_tumorfront_pCREB,640.0,0.8550498518571528
CD4 T cells regulatory_tumorfront_pCREB,608.0,0.8559905806286978
CD8 T cells_tumorfront_pp38,608.0,0.857840777135536
CD4 T cells regulatory_stromal_pp38,609.0,0.8665208249500838
CD4 T cells memory_tumorfront_pp38,638.5,0.8714624689724447
B cells_tumorfront_GranzymeB,610.0,0.8725036011282769
Myeloid DCs_tumorfront_pS6,638.0,0.8735841297511083
Myeloid Monocytes_stromal_pSTAT1,638.0,0.8760214640138564
Tumor proliferating_intratumor_pCREB,637.0,0.885109145479399
Tumor non-proliferating_tumorfront_pNFkB,611.0,0.8851426286281112
CD4 T cells memory_stromal_pSTAT3,611.5,0.8897060167769131
Myeloid DCs_tumorfront_pSTAT3,636.0,0.8909001975531816
Myeloid DCs_tumorfront_E-Cadherin,612.0,0.8919066373707044
CD8 T cells_tumorfront_VEGF,612.0,0.8942740200249942
CD8 T cells_tumorfront_pNFkB,612.0,0.8942740200249942
Tumor non-proliferating_intratumor_CD44,636.0,0.8942749011907618
CD4 T cells memory_tumorfront_E-Cadherin,635.5,0.8988379400793997
CD4 T cells memory_stromal_pMAPKAPK2,612.5,0.898845532417527
B cells_tumorfront_CD36,635.0,0.9003352816072242
Myeloid DCs_tumorfront_pMAPKAPK2,635.0,0.9015129629013864
Myeloid Granulocytes_tumorfront_pCREB,635.0,0.90296682234389
Myeloid DCs_tumorfront_pNFkB,634.0,0.9108514899384288
Myeloid DCs_tumorfront_VEGF,614.0,0.9108514899384288
CD8 T cells_stromal_pSTAT1,634.0,0.9125803522767761
B cells_tumorfront_pERK,633.0,0.9192464370575772
B cells_tumorfront_pMAPKAPK2,633.0,0.9195167523900725
Myeloid Granulocytes_tumorfront_pS6,632.0,0.9306065680754663
Myeloid Granulocytes_stromal_E-Cadherin,632.0,0.9308999406235624
Myeloid M2 macrophages_stromal_pMAPKAPK2,631.5,0.9355258883451537
Myeloid DCs_tumorfront_pp38,617.0,0.9389359155621559
Myeloid Monocytes_tumorfront_E-Cadherin,617.0,0.9401206905681045
Myeloid Monocytes_stromal_CD36,631.0,0.940122694852953
CD4 T cells memory_stromal_Ki67,617.5,0.9447204946412081
CD4 T cells regulatory_stromal_pSTAT3,618.0,0.9491268948843639
Myeloid DCs_tumorfront_GranzymeB,619.0,0.9577033402865096
Tumor proliferating_tumorfront_GranzymeB,629.0,0.958519239231054
Myeloid Monocytes_stromal_pp38,629.0,0.9585261887370309
CD4 T cells memory_stromal_E-Cadherin,619.5,0.9631305947363666
CD8 T cells_intratumor_pMAPKAPK2,620.0,0.9676772098876938
CD8 T cells_stromal_CD36,620.0,0.9677368485500212
Myeloid Monocytes_stromal_pMAPKAPK2,620.0,0.9677368485500212
Tumor non-proliferating_tumorfront_pS6,628.0,0.9677368485500212
Myeloid M1 macrophages_tumorfront_Ki67,620.5,0.9723436382794879
CD4 T cells naive_tumorfront_E-Cadherin,620.5,0.9723436382794879
B cells_tumorfront_E-Cadherin,627.0,0.9762117828021878
CD4 T cells naive_stromal_pSTAT1,627.0,0.9769518145176161
Myeloid Granulocytes_tumorfront_VEGF,626.0,0.9861044730292188
Myeloid Granulocytes_stromal_pp38,626.0,0.9861559242843175
Tumor non-proliferating_tumorfront_GranzymeB,622.0,0.9861698575424498
CD4 T cells naive_stromal_CD36,626.0,0.9861698575424498
Myeloid M2 macrophages_tumorfront_E-Cadherin,624.5,1.0
CD4 T cells memory_tumorfront_pMAPKAPK2,624.5,1.0
Myeloid DCs_tumorfront_Ki67,624.5,1.0
