feature,coefficient
GA,29.32327474208038
PRL,1.215422234123488
MCP.3,1.1390671750779733
Ku70,0.8849465882912885
Carbonic.anhydrase.III,0.6913290780538843
NPS.PLA2,0.6773551916563296
cIAP.2,0.549861764355699
FGF.8B,0.5398472668889716
GPNMB,0.4229322650508083
CD8Tem_MAPKAPK2_IFNa,0.36835648302719387
mDCs_NFkB_IL246,0.35632971282208037
IL.1b,0.26955474139604635
CD8Tem_STAT3_IL246,0.1309367790392077
DSC3,0.11208768866907685
NovH,0.07742385929041347
RAD51,0.0702213461423334
annexin.II,0.06988510156514577
FGF.20,0.051029789370338224
HIV.2.Rev,0.04211240789187851
MBD4,0.03182767364935569
NK_ERK_unstim,0.029946365707699547
Osteopontin,0.015636876917707394
HO.2,0.013636656400508347
FSH,-0.0
Ck.b.8.1,-0.0
DC.SIGN,0.0
DC.SIGNR,-0.0
IL.1.sRI,0.0
Galectin.2,-0.0
GFAP,-0.0
IL.19,-0.0
I.TAC,0.0
MIP.1a,-0.0
Gro.b.g,0.0
Calpastatin,-0.0
CTLA.4,-0.0
Histone.H1.2,0.0
NKp30,0.0
IL.18.Rb,-0.0
IL.1Rrp2,0.0
JAM.B,-0.0
JAM.C,-0.0
LSAMP,-0.0
ICOS,0.0
MBL,0.0
PD.L2,-0.0
bFGF,-0.0
PTP.1B,0.0
MRC2,-0.0
Siglec.9,0.0
TGF.b.R.III,-0.0
TSLP,-0.0
IL.17.sR,-0.0
a2.Antiplasmin,0.0
Granulocytes_CREB_unstim,0.0
Trypsin,0.0
Myoglobin,-0.0
Coagulation.Factor.Xa,-0.0
TIG2,0.0
ULBP.1,-0.0
ULBP.2,0.0
XEDAR,-0.0
Aurora.kinase.A,0.0
MK01,-0.0
SMAC,0.0
VEGF.C,0.0
sCD4,0.0
IL.2.sRa,-0.0
TNF.sR.II,-0.0
Siglec.3,0.0
ADAMTS.5,0.0
IDUA,0.0
AMPM2,-0.0
amyloid.precursor.protein,0.0
ARSB,0.0
PlGF,-0.0
IL.18.BPa,-0.0
ON,-0.0
IL.13,-0.0
PARC,0.0
PTN,0.0
resistin,-0.0
vWF,-0.0
Fas.ligand..soluble,0.0
Flt3.ligand,0.0
Haptoglobin..Mixed.Type,-0.0
IL.4.sR,-0.0
NKG2D,0.0
WISP.1,0.0
BAFF,-0.0
C9,-0.0
FGF.5,-0.0
Galectin.3,-0.0
GDF.9,0.0
IgM,0.0
IL.2,-0.0
Gro.a,0.0
CTGF,-0.0
Galectin.4,0.0
ERK.1,-0.0
sFRP.3,0.0
SPINT2,-0.0
sTie.1,-0.0
Ubiquitin.1,-0.0
WIF.1,0.0
AIF1,-0.0
C5a,-0.0
CHK1,0.0
Glucocorticoid.receptor,-0.0
ESAM,-0.0
Hat1,0.0
HDAC8,0.0
Karyopherin.a2,0.0
MEK1,-0.0
MOZ,0.0
PKC.D,-0.0
RAC1,-0.0
TBP,-0.0
OX40.Ligand,-0.0
MMP.17,-0.0
Met,0.0
Lipocalin.2,0.0
Apo.B,-0.0
ACE2,-0.0
Activin.RIB,0.0
ADAMTS.4,0.0
Angiopoietin.1,-0.0
ART,0.0
BCAM,-0.0
Cadherin.5,-0.0
CD97,-0.0
COMMD7,0.0
EDA,-0.0
Fractalkine.CX3CL.1,-0.0
HAI.1,-0.0
IL.27,0.0
Kallikrein.11,-0.0
Kallikrein.4,-0.0
kallikrein.8,-0.0
Topoisomerase.I,0.0
UBC9,-0.0
YES,-0.0
Growth.hormone.receptor,-0.0
IGFBP.4,0.0
IGF.I,-0.0
Luteinizing.hormone,-0.0
Properdin,0.0
Protein.C,0.0
PTHrP,0.0
SCGF.beta,0.0
VCAM.1,-0.0
TNFSF15,0.0
ALK.1,-0.0
AREG,-0.0
BMP.7,-0.0
CD36.ANTIGEN,0.0
ATS1,0.0
Desmoglein.1,-0.0
EDAR,-0.0
ENA.78,0.0
GX,0.0
Factor.D,0.0
a1.Antichymotrypsin,-0.0
ER,-0.0
C7,-0.0
Cardiotrophin.1,-0.0
CCL28,0.0
CD22,-0.0
HCC.1,0.0
IL.4,-0.0
Midkine,0.0
MPIF.1,-0.0
PCNA,0.0
sRANKL,-0.0
PAI.1,0.0
Apo.E3,0.0
Apo.E4,0.0
Artemin,0.0
Cytochrome.c,-0.0
Cytochrome.P450.3A4,0.0
DAN,0.0
ASAHL,0.0
Cathepsin.A,-0.0
ATS13,-0.0
Carbonic.Anhydrase.IV,0.0
TCPTP,-0.0
TPSB2,-0.0
TPSG1,0.0
UFC1,-0.0
Bcl.2,-0.0
BFL1,0.0
BMX,-0.0
BSP,0.0
BTK,-0.0
CAMK1D,0.0
CAMK2D,-0.0
Carbonic.anhydrase.XIII,-0.0
CD30.Ligand,0.0
CDK1.cyclin.B,-0.0
Chymase,-0.0
CSK21,-0.0
EphA1,0.0
EPHA3,-0.0
FN1.3,-0.0
TBK1,0.0
STAB2,-0.0
SHP.2,-0.0
Kallikrein.7,-0.0
CSK,-0.0
Cathepsin.V,0.0
Dkk.4,0.0
ECM1,-0.0
FETUB,0.0
Granzyme.H,-0.0
HCK,-0.0
IL.17.RD,0.0
KPCI,0.0
Renin,-0.0
LYNB,-0.0
PAK3,-0.0
PAK7,-0.0
PCI,0.0
PIK3CA.PIK3R1,0.0
PK3CG,-0.0
PKB.a.b.g,0.0
PLK.1,0.0
FN1.4,-0.0
Flt.3,-0.0
FSTL3,0.0
FGF.17,-0.0
DUS3,-0.0
XPNPEP1,0.0
Angiotensinogen,-0.0
b2.Microglobulin,0.0
b.ECGF,-0.0
BLC,-0.0
Catalase,-0.0
CNTF,-0.0
GCP.2,-0.0
TrkA,0.0
IFN.aA,-0.0
IL.17B,-0.0
Integrin.a1b1,-0.0
LEAP.1,0.0
Lymphotoxin.a1.b2,0.0
Lymphotoxin.a2.b1,0.0
MDC,0.0
MIP.5,0.0
TRY3,-0.0
Thrombospondin.1,0.0
granzyme.A,-0.0
LCK,0.0
GSK.3.alpha.beta,-0.0
HIPK3,-0.0
IL.15.Ra,-0.0
IL.18.Ra,0.0
IL.8,0.0
IR,0.0
Kallistatin,0.0
Kallikrein.6,0.0
LYN,-0.0
Thrombopoietin.Receptor,0.0
Periostin,0.0
PDGF.Rb,0.0
PGCB,0.0
PRKACA,-0.0
RPS6KA3,-0.0
sE.Selectin,0.0
STK16,0.0
Survivin,-0.0
CRDL1,-0.0
CLC4K,0.0
CDK8.cyclin.C,0.0
TrATPase,-0.0
METAP1,-0.0
ASAH2,-0.0
Nidogen,0.0
PIGR,-0.0
Protease.nexin.I,0.0
RET,0.0
SARP.2,0.0
Semaphorin.3A,-0.0
URB,0.0
MATN3,0.0
WFKN2,-0.0
Aggrecan,0.0
ANGL3,0.0
BGH3,0.0
BGN,0.0
C1r,0.0
Carbonic.Anhydrase.X,0.0
CD109,0.0
MEPE,0.0
LYVE1,0.0
CD48,-0.0
Glutamate.carboxypeptidase,0.0
CATC,-0.0
SOD,0.0
Cathepsin.S,-0.0
CD39,0.0
Coagulation.Factor.VII,-0.0
CRIS3,0.0
Enterokinase,0.0
WFKN1,-0.0
GPVI,-0.0
LKHA4,-0.0
Granulysin,-0.0
HPLN1,-0.0
IDE,-0.0
IDS,0.0
kallikrein.12,0.0
kallikrein.13,-0.0
kallikrein.5,-0.0
KREM2,-0.0
CD23,-0.0
CD5L,0.0
CDK5.p35,0.0
Aminoacylase.1,-0.0
NET4,-0.0
PGRP.S,0.0
RGMB,-0.0
RGM.C,0.0
TFPI,-0.0
TSP2,0.0
TSP4,0.0
ABL1,-0.0
Antithrombin.III,-0.0
MATN2,-0.0
AURKB,-0.0
BARK1,-0.0
BMP.1,0.0
CAMK2A,0.0
CAMK2B,0.0
Carbonic.anhydrase.6,0.0
Carbonic.anhydrase.VII,-0.0
CDK2.cyclin.A,-0.0
Nectin.like.protein.2,0.0
LY9,0.0
CFC1,-0.0
FCG3B,0.0
CNTN2,-0.0
Contactin.4,0.0
Contactin.5,0.0
CYTF,0.0
Cystatin.M,-0.0
DLL4,-0.0
FCG2A,-0.0
FCG2B,-0.0
FCGR1,0.0
LRP8,0.0
FCN2,-0.0
GFRa.1,0.0
GPC2,0.0
Heparin.cofactor.II,-0.0
HTRA2,-0.0
IGFBP.7,0.0
IL24,-0.0
LRIG3,0.0
Fibrinogen,-0.0
IL.22,0.0
NAP.2,-0.0
Osteocalcin,0.0
SMAD3,-0.0
SMAD2,-0.0
IL.23,0.0
PDGFRA,0.0
IL.12,-0.0
STAT1,0.0
STAT6,-0.0
LRRK2,-0.0
IL.5,0.0
Alpha.enolase,-0.0
GPDA,-0.0
IgA,0.0
LPPL,0.0
HEMK2,0.0
PDXK,-0.0
TLR4,0.0
REG4,0.0
HSP.27,-0.0
c.Myc,-0.0
OAS1,0.0
Mcl.1,-0.0
c.Jun,-0.0
CD8Tmem,-0.0
CD8Tcm,-0.0
CCR5posCCR2posCD8Tcm,-0.0
CD8Tem,-0.0
CCR5posCCR2posCD8Tem,-0.0
CD69posCD8Tmem,-0.0
CD8Tnaive,0.0
CD8Tef,0.0
CD62LposCD8Tnaive,0.0
NKT,-0.0
CHIP,-0.0
CEBPB,-0.0
NSE,0.0
PIAS4,-0.0
IL.10.Ra,0.0
STAT3,-0.0
IRF1,-0.0
YKL.40,0.0
Apo.L1,-0.0
Th1,0.0
DSC2,-0.0
CD177,-0.0
CHKB,0.0
SMOC1,0.0
protein.Z.inhibitor,0.0
FLRT2,0.0
FLRT3,-0.0
ISLR2,-0.0
Vitronectin,-0.0
LDLR,0.0
CD38,0.0
HXK2,-0.0
HXK1,-0.0
SEM5A,-0.0
LTBP4,-0.0
PIANP,-0.0
Adrenomedullin,-0.0
S100A4,-0.0
RNF43,0.0
Lumican,-0.0
FSTL1,-0.0
BCL6,-0.0
NEGR1,-0.0
CD59,0.0
FABPL,0.0
GDF.11,-0.0
BTC,0.0
HIF.1a,0.0
S100A6,0.0
SECTM1,-0.0
RSPO3,-0.0
PSP,-0.0
Apoptosis.regulator.Bcl.W,0.0
VEGF.D,-0.0
SOST,-0.0
FAM3D,-0.0
CSH,-0.0
EFNB1,-0.0
SNP25,-0.0
LYPD3,-0.0
CD8Tcells,0.0
Tregs,0.0
ZNRF3,0.0
NK_NFkB_LPS,-0.0
CCR2negncMCs_IkB_LPS,-0.0
CCR2negncMCs_MAPKAPK2_LPS,0.0
CCR2negncMCs_NFkB_LPS,0.0
CCR2negncMCs_ERK_LPS,0.0
NK_CREB_LPS,-0.0
NK_S6_LPS,0.0
NK_IkB_LPS,0.0
NK_MAPKAPK2_LPS,0.0
CD56hiCD16negNK_CREB_LPS,-0.0
CD69negCD56loCD16negNK_CREB_LPS,-0.0
CD56hiCD16negNK_S6_LPS,-0.0
CD56hiCD16negNK_IkB_LPS,0.0
CD56hiCD16negNK_MAPKAPK2_LPS,0.0
CD56hiCD16negNK_NFkB_LPS,-0.0
CD56loCD16negNK_CREB_LPS,-0.0
CD56loCD16negNK_S6_LPS,0.0
CD56loCD16negNK_IkB_LPS,-0.0
CD56loCD16negNK_MAPKAPK2_LPS,0.0
CCR2negncMCs_S6_LPS,0.0
CCR2negncMCs_p38_LPS,0.0
CCR2negncMCs_CREB_LPS,0.0
ncMCs_ERK_LPS,0.0
intMCs_IkB_LPS,0.0
intMCs_MAPKAPK2_LPS,-0.0
intMCs_NFkB_LPS,0.0
intMCs_ERK_LPS,0.0
CCR2posintMCs_CREB_LPS,-0.0
CCR2posintMCs_p38_LPS,-0.0
CCR2posintMCs_S6_LPS,0.0
Granulocytes_STAT5_unstim,-0.0
CCR2posintMCs_MAPKAPK2_LPS,-0.0
CCR2posintMCs_NFkB_LPS,0.0
CCR2posintMCs_ERK_LPS,0.0
ncMCs_CREB_LPS,0.0
ncMCs_p38_LPS,0.0
ncMCs_S6_LPS,0.0
ncMCs_IkB_LPS,-0.0
ncMCs_MAPKAPK2_LPS,0.0
ncMCs_NFkB_LPS,0.0
CD56loCD16negNK_NFkB_LPS,0.0
CD69negCD56loCD16negNK_S6_LPS,-0.0
CD69posCD4Tmem,0.0
TCRgdposT,0.0
CCR2posintMCs,-0.0
ncMCs,0.0
CCR2negncMCs,0.0
NK,0.0
CD56hiCD16negNK,-0.0
CD56loCD16negNK,0.0
CD69negCD56loCD16negNK,0.0
CD69posCD56loCD16negNK,0.0
CD4Tcells,0.0
CD69negCD56loCD16negNK_IkB_LPS,0.0
CD4posTnaive,0.0
CD4Tef,0.0
CD62LposCD4Tnaive,0.0
CD4Tmem,-0.0
CD4Tcm,-0.0
CCR5posCCR2posCD4Tcm,-0.0
CD4Tem,0.0
CCR5posCCR2posCD4Tem,-0.0
intMCs,-0.0
pDCs,-0.0
mDCs,-0.0
DCs,-0.0
CD69negCD56loCD16negNK_MAPKAPK2_LPS,0.0
CD69negCD56loCD16negNK_NFkB_LPS,0.0
CD69posCD56loCD16negNK_CREB_LPS,-0.0
CD69posCD56loCD16negNK_S6_LPS,-0.0
CD69posCD56loCD16negNK_IkB_LPS,-0.0
CD69posCD56loCD16negNK_MAPKAPK2_LPS,0.0
CD69posCD56loCD16negNK_NFkB_LPS,0.0
Tregs_CREB_LPS,0.0
Tregs_S6_LPS,-0.0
Tregs_IkB_LPS,-0.0
Tregs_MAPKAPK2_LPS,0.0
Tregs_NFkB_LPS,-0.0
Tregs_ERK_LPS,-0.0
Bcells,-0.0
cMCs,-0.0
CCR2poscMCs,-0.0
MDSCs,-0.0
TRAIL.R4,-0.0
GI24,-0.0
MMP.7,-0.0
iC3b,-0.0
TrkC,0.0
BCMA,0.0
Bone.proteoglycan.II,0.0
Calpain.I,-0.0
CK.MM,0.0
ERBB1,0.0
HGF,0.0
HSP.60,0.0
IGFBP.5,0.0
Thyroxine.Binding.Globulin,-0.0
IGFBP.6,-0.0
MIA,0.0
OSM,0.0
PECAM.1,-0.0
Persephin,0.0
PF.4,-0.0
Protein.S,0.0
TACI,0.0
TNF.sR.I,-0.0
suPAR,-0.0
sICAM.3,-0.0
Rab.GDP.dissociation.inhibitor.beta,-0.0
gp130..soluble,-0.0
HPV.E7.Type.16,0.0
HPV.E7.Type18,0.0
HSP.90a.b,0.0
IL.1.R.AcP,0.0
IL.10.Rb,-0.0
IL.13.Ra1,-0.0
IL.2.sRg,-0.0
Layilin,0.0
Lymphotoxin.b.R,0.0
Macrophage.mannose.receptor,-0.0
M.CSF.R,0.0
MSP.R,0.0
PAFAH.beta.subunit,-0.0
P.Cadherin,-0.0
PKC.A,-0.0
PKC.Z,0.0
TECK,-0.0
TNFSF18,-0.0
ERBB4,-0.0
IGFBP.1,-0.0
C3adesArg,0.0
DRR1,0.0
FGF.18,0.0
FGF.19,-0.0
FGF9,0.0
GDF.11.8,-0.0
Hemopexin,0.0
I.309,0.0
IL.10,0.0
CNTFR.alpha,-0.0
IL.16,-0.0
IL.17F,0.0
SDF.1,0.0
Lactoferrin,-0.0
LAG.1,-0.0
LD78.beta,0.0
MCP.2,0.0
MMP.3,0.0
C3,0.0
C1q,0.0
BMP.14,-0.0
Azurocidin,-0.0
EMAP.2,-0.0
EPO.R,-0.0
G.CSF.R,0.0
IL.1F7,0.0
Laminin,-0.0
MICA,0.0
NADPH.P450.Oxidoreductase,-0.0
NANOG,-0.0
NKp44,0.0
Siglec.6,0.0
Siglec.7,0.0
Sonic.Hedgehog,-0.0
IgG,0.0
TSLP.R,0.0
ULBP.3,-0.0
Activin.A,0.0
Apo.A.I,-0.0
GA733.1.protein,-0.0
ERBB3,0.0
Ephrin.A2,-0.0
TIMP.1,-0.0
Myostatin,0.0
HCE001796,-0.0
HCE003167,-0.0
C4b,-0.0
Coagulation.Factor.XI,0.0
CTACK,0.0
HCE000414,-0.0
Endostatin,0.0
tPA,0.0
VEGF.sR3,0.0
HCE003183,0.0
EG.VEGF,0.0
HCE004333,-0.0
HCE004359,0.0
TIMP.2,0.0
HCE004331,0.0
HCE003300,0.0
HCE000483,-0.0
Annexin.V,0.0
X14.3.3E,0.0
X14.3.3.protein.beta.alpha,-0.0
Ephrin.A3,-0.0
ApoM,-0.0
IFN.b,0.0
IFN10,-0.0
IFNA7,-0.0
EFNB2,-0.0
HHLA2,0.0
IL.1.sRII,-0.0
AMGO2,-0.0
RXFP1,-0.0
C1QR1,-0.0
NRG4,-0.0
H2B2E,0.0
H2A3,-0.0
IFN.g,0.0
IL.1F8,-0.0
IL.1F6,-0.0
UCRP,-0.0
TGF.b1,0.0
HCE004152,-0.0
ERBB2,-0.0
X4.1BB,0.0
OPG,-0.0
b.Endorphin,0.0
Factor.I,-0.0
IGFBP.3,-0.0
MCP.1,0.0
MMP.9,0.0
Myeloperoxidase,-0.0
VEGF,0.0
X4.1BB.ligand,-0.0
C5,-0.0
B7,0.0
CD30,-0.0
CLF.1.CLC.Complex,0.0
Cystatin.C,0.0
Dtk,0.0
eIF.5,-0.0
Ephrin.A4,0.0
Ephrin.A5,0.0
HMG.1,-0.0
X6Ckine,0.0
GFRa.2,-0.0
Ephrin.B3,0.0
Apo.E,0.0
BDNF,0.0
C8,0.0
HCE000342,-0.0
Cathepsin.G,0.0
CXCL16..soluble,-0.0
FGF.10,-0.0
GIIE,0.0
GV,-0.0
MIP.3a,0.0
SAP,0.0
SCF.sR,-0.0
TIMP.3,0.0
Angiopoietin.4,0.0
Cadherin.E,0.0
GFRa.3,0.0
HCE000104,0.0
Proteinase.3,-0.0
TSH,0.0
TAFI,-0.0
ROBO2,-0.0
Notch.1,-0.0
Notch.3,-0.0
Nr.CAM,0.0
NRX1B,0.0
NRX3B,-0.0
OX2G,0.0
Prolactin.Receptor,-0.0
RELT,0.0
ROBO3,0.0
Nogo.Receptor,-0.0
SEM6B,-0.0
Semaphorin.6A,-0.0
sICAM.5,-0.0
SIG14,-0.0
SLAF6,0.0
SREC.I,-0.0
SREC.II,-0.0
TAJ,0.0
NOTC2,0.0
NKp46,0.0
EPHB2,-0.0
JAG1,-0.0
IL.1.sR9,0.0
IL.17B.R,-0.0
IL.20.Ra,0.0
IL.22BP,0.0
IL.23.R,-0.0
IL.7.Ra,-0.0
ILT.2,-0.0
ILT.4,0.0
JAG2,0.0
MO2R1,-0.0
JAML1,0.0
KI2L4,-0.0
KI3L2,0.0
KI3S1,-0.0
KLRF1,-0.0
LAG.3,0.0
LIMP.II,-0.0
MICB,-0.0
TCCR,-0.0
TGF.b.R.II,-0.0
TIMD3,-0.0
PDE4D,-0.0
AMPK.a2b2g1,-0.0
cGMP.stimulated.PDE,-0.0
Cyclophilin.F,-0.0
DRAK2,0.0
IMDH2,-0.0
PDE11,-0.0
PDE1A,0.0
PDE3A,-0.0
PDE5A,0.0
TWEAKR,-0.0
TAK1.TAB1,0.0
TYK2,-0.0
ABL2,0.0
BCAR3,0.0
calreticulin,0.0
GRB2.related.adapter.protein.2,0.0
MMP.16,-0.0
RAC3,-0.0
JNK2,-0.0
MP2K4,-0.0
PPIE,-0.0
NR1D1,0.0
UNC5H3,-0.0
UNC5H4,-0.0
PDE7A,0.0
AMPK.a1b1g1,0.0
K.ras,-0.0
NMT1,-0.0
PDE9A,0.0
PPID,-0.0
PSME3,0.0
GCKR,-0.0
CK2.A1.B,-0.0
CK2.A2.B,-0.0
PDK1,0.0
KIF23,-0.0
IMDH1,-0.0
HMGR,-0.0
PCSK9,0.0
EphB6,-0.0
EPHAA,0.0
VAV,-0.0
FABPE,0.0
carbonic.anhydrase.II,-0.0
CATZ,-0.0
CRK,0.0
DBNL,-0.0
DERM,0.0
Elafin,-0.0
ERP29,0.0
Esterase.D,0.0
FAK1,-0.0
CAPG,0.0
FCAR,0.0
FGFR4,-0.0
Fibrinogen.g.chain.dimer,-0.0
GP1BA,-0.0
GPC5,-0.0
GRN,0.0
GSTA3,0.0
hnRNP.K,0.0
Carbonic.anhydrase.I,0.0
C1QBP,0.0
DcR3,0.0
SHBG,-0.0
Hemoglobin,0.0
IgD,0.0
Integrin.aVb5,-0.0
Lysozyme,0.0
MIP.3b,0.0
MIS,-0.0
MMP.1,-0.0
MMP.13,0.0
Stanniocalcin.1,0.0
ATP.synthase.beta.chain,-0.0
TF,0.0
EPI,-0.0
X40S.ribosomal.protein.SA,-0.0
AGR2,0.0
annexin.I,0.0
ARMEL,0.0
ARP19,0.0
ARTS1,-0.0
HPG.,-0.0
HRG,-0.0
IF4A3,0.0
Trypsin.2,0.0
Rb,0.0
RS3,0.0
sCD163,-0.0
SEPR,0.0
SIRT2,-0.0
SPTA2,-0.0
SSRP1,0.0
Tropomyosin.1.alpha.chain,0.0
TS,-0.0
JAK2,-0.0
TSG.6,0.0
B7.H1,-0.0
B7.H2,-0.0
CD226,-0.0
CD244,-0.0
CD83,-0.0
CLM6,-0.0
DAF,0.0
PUR8,0.0
PPase,-0.0
phosphoglycerate.kinase.1,-0.0
PGP9.5,-0.0
LG3BP,0.0
Mammaglobin.2,-0.0
MMP.14,-0.0
MK11,0.0
MK12,0.0
MK13,0.0
MAPK14,-0.0
Mn.SOD,-0.0
Moesin,0.0
PBEF,0.0
Myokinase..human,-0.0
NCC27,-0.0
NCK1,-0.0
PAFAH,-0.0
PARK7,-0.0
Peroxiredoxin.5,-0.0
Peroxiredoxin.6,-0.0
SHC1,-0.0
GHC2,0.0
TARC,-0.0
ANK2,-0.0
PTH,-0.0
Somatostatin.28,0.0
MP2K3,-0.0
p53,-0.0
PolyUbiquitin.K48,-0.0
PolyUbiquitin.K63,0.0
NET1,-0.0
CD47,-0.0
X14.3.3.protein.theta,0.0
TWEAK,0.0
CREL1,0.0
Lectin..mannose.binding.2,0.0
LRP1B,0.0
MYPC1,0.0
N.terminal.pro.BNP,0.0
Tropomyosin.4,-0.0
PACAP.27,0.0
ghrelin,-0.0
Tpo,0.0
TNF.a,-0.0
NG36,-0.0
eIF.4H,-0.0
tau,-0.0
X14.3.3.protein.zeta.delta,-0.0
X3HAO,-0.0
aldolase.A,0.0
ARGI1,-0.0
BAD,0.0
Dynactin.subunit.2,0.0
EF.1.beta,0.0
eIF.5A.1,-0.0
Ferritin,0.0
Gastrin.releasing.peptide,0.0
HINT1,0.0
HSP70.protein.8,-0.0
Nucleoside.diphosphate.kinase.A,-0.0
PEX5,0.0
PSME1,0.0
S100A7,0.0
WISP.3,-0.0
PACAP.38,0.0
a.Synuclein,-0.0
BMP.6,0.0
Galectin.7,-0.0
NEUREGULIN.1,-0.0
INGR2,0.0
sLRP1,0.0
IFN.a.b.R1,-0.0
TFF1,-0.0
HMGN1,-0.0
MIG,-0.0
Trefoil.factor.2,0.0
LEG9,-0.0
HGH,0.0
UB2G2,-0.0
Transgelin.2,0.0
ATPO,0.0
Corticotropin.lipotropin,-0.0
QORL1,0.0
PEDF,-0.0
CATF,-0.0
FTCD,-0.0
FAM3B,0.0
MUC1,-0.0
DSCAM,-0.0
PGM1,0.0
RSPO4,-0.0
Cathepsin.H,0.0
Activin.AB,0.0
PSA,-0.0
IGFBP.2,0.0
RNase.H1,-0.0
CgA,0.0
MMP.10,0.0
FBLN3,-0.0
Leptin,-0.0
KEAP1,-0.0
gpIIbIIIa,0.0
Eotaxin.3,-0.0
SUMO3,-0.0
IL.17,0.0
CSRP3,-0.0
MMP.8,0.0
Noggin,-0.0
LIF.sR,0.0
Eotaxin,0.0
Fas..soluble,-0.0
NLGNX,-0.0
OMD,0.0
PIM1,0.0
PKB.beta,0.0
Semaphorin.3E,-0.0
SET,-0.0
BAFF.Receptor,-0.0
BRF.1,-0.0
sLeptin.R,0.0
LIGHT,-0.0
DR6,-0.0
CAD15,-0.0
CD27,-0.0
RANK,-0.0
SHPS1,0.0
FABP,0.0
Troponin.I..skeletal..fast.twitch,0.0
Troponin.I,0.0
MIF,-0.0
Keratin.18,-0.0
IL.9,-0.0
calgranulin.B,-0.0
Coagulation.Factor.IXab,-0.0
Elastase,-0.0
Apo.E2,-0.0
Troponin.T,0.0
Prothrombin,-0.0
EGFRvIII,-0.0
annexin.VI,-0.0
B7.2,-0.0
Caspase.10,0.0
IL.1Ra,-0.0
CBPE,0.0
CKAP2,-0.0
CPNE1,-0.0
Cyclin.B1,0.0
DLL1,-0.0
GPC6,-0.0
hnRNP.A2.B1,-0.0
HVEM,0.0
ANP,-0.0
ALCAM,-0.0
ASGR1,-0.0
TRAIL.R2,-0.0
Stress.induced.phosphoprotein.1,-0.0
Testican.1,-0.0
Testican.2,0.0
WNK3,-0.0
RUXF,0.0
EGF,-0.0
GITR,0.0
bFGF.R,-0.0
NRP1,-0.0
CNDP1,-0.0
AFP,-0.0
BID,0.0
b.NGF,-0.0
C3d,-0.0
CD70,0.0
Cripto,0.0
GDNF,0.0
IFN.g.R1,0.0
SRCN1,-0.0
SLAF7,0.0
sICAM.2,-0.0
RS3A,0.0
COLEC12,0.0
CYTN,-0.0
DEAD.box.protein.19B,-0.0
Ficolin.3,0.0
GAS1,-0.0
GRB2.adapter.protein,-0.0
H6ST1,0.0
HSP.90b,-0.0
IL.17.RC,-0.0
MED.1,-0.0
PKC.B.II,-0.0
PKC.G,0.0
PSMA,0.0
RANTES,-0.0
RASA1,0.0
RBP,0.0
RGMA,-0.0
HCG,-0.0
HCC.4,0.0
GOT1,0.0
ARI3A,-0.0
RS7,-0.0
RSK.like.protein.kinase,-0.0
SBDS,-0.0
SE6L2,0.0
SGTA,-0.0
TCTP,-0.0
TMA,-0.0
UB2L3,-0.0
CaMKK.alpha,-0.0
PSA1,0.0
CDC37,-0.0
DLC8,-0.0
IMB1,0.0
ING1,0.0
Lamin.B1,0.0
LDH.H.1,-0.0
Mesothelin,0.0
NAGK,-0.0
PSA6,-0.0
PPAC,0.0
KPCT,-0.0
TLR2,-0.0
MAPK5,0.0
MAPKAPK3,-0.0
MATK,0.0
MK08,-0.0
PAK6,-0.0
PDGF.CC,-0.0
pTEN,0.0
PTK6,0.0
UFM1,-0.0
Peroxiredoxin.1,-0.0
AIP,-0.0
Cyclophilin.A,-0.0
DLRB1,0.0
ETHE1,0.0
GAPDH..liver,-0.0
HSP.40,-0.0
MDHC,-0.0
NACA,-0.0
Phosphoglycerate.mutase.1,-0.0
PLPP,-0.0
PSD7,0.0
alpha.1.antichymotrypsin.complex,-0.0
Lymphotactin,0.0
MCP.4,-0.0
Neurotrophin.3,-0.0
PAPP.A,-0.0
PDGF.BB,-0.0
Plasmin,-0.0
Plasminogen,-0.0
Prekallikrein,-0.0
P.Selectin,0.0
SKP1,0.0
Tenascin,0.0
TGF.b2,0.0
Thrombin,-0.0
uPA,0.0
Factor.H,-0.0
MMP.2,0.0
Transferrin,-0.0
Histone.H2A.z,0.0
IP.10,-0.0
IL.7,0.0
IL.6.sRa,-0.0
IL.17E,-0.0
Sorting.nexin.4,0.0
UBE2N,-0.0
discoidin.domain.receptor.1,0.0
FGF.4,0.0
HSP.70,0.0
sRAGE,-0.0
BPI,-0.0
C6,0.0
Eotaxin.2,0.0
Factor.B,-0.0
FGF.6,0.0
Fibronectin,-0.0
FST,-0.0
Granzyme.B,0.0
HB.EGF,-0.0
IgE,0.0
IL.17D,0.0
MAPK2,-0.0
IL.12.RB2,-0.0
Glutathione.S.transferase.Pi,0.0
LY86,-0.0
DPP2,-0.0
Endothelin.converting.enzyme.1,0.0
EphB4,-0.0
FCN1,-0.0
GNS,0.0
HGFA,0.0
IL22RA1,0.0
LGMN,0.0
Marapsin,0.0
Discoidin.domain.receptor.2,0.0
MMEL2,0.0
MP2K2,0.0
MRCKB,0.0
Nectin.like.protein.1,0.0
NID2,-0.0
OBCAM,0.0
OCAD1,-0.0
OLR1,0.0
DKK3,0.0
MASP3,0.0
FYN,-0.0
a2.HS.Glycoprotein,-0.0
TGF.b3,-0.0
intMCs_p38_LPS,-0.0
Vasoactive.Intestinal.Peptide,0.0
CD40.ligand..soluble,-0.0
DKK1,-0.0
dopa.decarboxylase,-0.0
Adiponectin,-0.0
a1.Antitrypsin,-0.0
Arylsulfatase.A,0.0
CLC7A,0.0
BASI,0.0
BMP10,0.0
Cadherin.6,0.0
CAMK1,0.0
Caspase.3,-0.0
CATE,-0.0
Chitotriosidase.1,-0.0
CHL1,-0.0
RAP,-0.0
SLAF5,-0.0
SLIK1,-0.0
Carbonic.anhydrase.9,0.0
CSF.1,0.0
Activated.Protein.C,-0.0
COX.2,-0.0
STX1a,0.0
sTie.2,-0.0
ADAM.9,-0.0
ANGL4,0.0
Cadherin.2,-0.0
CK.BB,-0.0
Soggy.1,0.0
Cystatin.S,0.0
CYTD,0.0
Endocan,0.0
EphA5,0.0
FGF23,-0.0
FGFR.2,0.0
FGFR.3,-0.0
FGR,0.0
TNR4,-0.0
Secretin,0.0
PYY,-0.0
BNP.32,0.0
TEC,-0.0
TLR4.MD.2.complex,-0.0
VEGF.sR2,-0.0
BMPER,0.0
Cadherin.12,-0.0
Calcineurin.B.a,0.0
complement.factor.H.related.5,-0.0
IGF.II.receptor,-0.0
kallikrein.14,0.0
Macrophage.scavenger.receptor,-0.0
MFRP,0.0
Albumin,-0.0
a2.Macroglobulin,-0.0
ALT,-0.0
Angiostatin,-0.0
CK.MB,0.0
p27Kip1,-0.0
Thyroglobulin,0.0
X14.3.3,0.0
X4EBP2,-0.0
SH21A,0.0
IL.34,0.0
KIRR3,0.0
KYNU,0.0
Livin.B,0.0
NXPH1,0.0
PLCG1,0.0
PLXC1,0.0
RSPO2,-0.0
SLIK5,-0.0
GP114,0.0
SORC2,-0.0
PH,0.0
IL.6,0.0
X3HIDH,-0.0
GM.CSF,0.0
TNF.b,-0.0
X41,0.0
X17.beta.HSD.1,-0.0
HDGR2,-0.0
FUT5,-0.0
X6.Phosphogluconate.dehydrogenase,-0.0
ATS15,0.0
IL.3.Ra,-0.0
IL.5.Ra,0.0
IL.11,-0.0
Kininogen..HMW,0.0
MMP.12,-0.0
NCAM.120,0.0
PDGF.AA,-0.0
SCGF.alpha,0.0
BSSP4,-0.0
Fucosyltransferase.3,-0.0
BST1,-0.0
CBX5,0.0
CDON,0.0
Clusterin,0.0
CONA1,0.0
CTAP.III,-0.0
DnaJ.homolog,-0.0
FLRT1,-0.0
Apo.D,0.0
IL.3,-0.0
PPIB,0.0
Glucagon,-0.0
BMP.RII,0.0
TrkB,-0.0
Angiogenin,0.0
Coagulation.Factor.IX,-0.0
Coagulation.Factor.X,-0.0
Insulin,-0.0
WNT7A,-0.0
ACTH,0.0
C3a,-0.0
Protein.disulfide.isomerase.A3,-0.0
Calcineurin,0.0
Caspase.2,-0.0
Coactosin.like.protein,-0.0
Coagulation.Factor.V,-0.0
D.dimer,-0.0
Endoglin,-0.0
Galectin.8,0.0
GIB,-0.0
BMPR1A,0.0
IL.1a,0.0
Glypican.3,0.0
G.CSF,-0.0
TFF3,-0.0
Afamin,-0.0
Olfactomedin.4,-0.0
ASM3A,0.0
FAM107B,0.0
Gelsolin,-0.0
CBG,0.0
Cytidylate.kinase,-0.0
C34.gp41.HIV.Fragment,-0.0
PERL,0.0
CO8A1,0.0
ITI.heavy.chain.H4,0.0
TXD12,-0.0
STRATIFIN,0.0
sL.Selectin,-0.0
TRAIL.R1,0.0
Epithelial.cell.kinase,-0.0
FGF7,-0.0
C5b..6.Complex,-0.0
C4,0.0
RBM39,0.0
paraoxonase.1,0.0
PESC,0.0
PFD5,0.0
PHI,-0.0
prostatic.binding.protein,-0.0
Protein.disulfide.isomerase,-0.0
PSA2,-0.0
RAN,-0.0
SNAA,-0.0
CYTT,-0.0
Sphingosine.kinase.1,-0.0
Spondin.1,-0.0
Thymidine.kinase,-0.0
transcription.factor.MLR1..isoform.CRA_b,-0.0
Transketolase,-0.0
Triosephosphate.isomerase,-0.0
XTP3A,0.0
PTP.1C,-0.0
PA2G4,-0.0
NUDC3,0.0
NSF1C,-0.0
NDP.kinase.B,-0.0
Aflatoxin.B1.aldehyde.reductase,-0.0
AK1A1,-0.0
AN32B,0.0
Cofilin.1,-0.0
DRG.1,-0.0
EP15R,0.0
ERAB,-0.0
FER,-0.0
HNRPQ,-0.0
IF4G2,-0.0
IGF.I.sR,0.0
IL.1.R4,0.0
LCMT1,-0.0
LIN7B,-0.0
M2.PK,-0.0
MDM2,0.0
NCAM.L1,0.0
AMNLS,-0.0
BOC,0.0
C3b,-0.0
PDPK1,-0.0
ENTP5,0.0
FCRL3,0.0
GREM1,0.0
hnRNP.A.B,-0.0
LRRT1,-0.0
LRRT3,-0.0
MFGM,0.0
PCSK7,-0.0
Sialoadhesin,-0.0
CLC1B,-0.0
SPARCL1,-0.0
SPHK2,-0.0
ST4S6,0.0
TGM3,0.0
Tropomyosin.2,0.0
Ubiquitin,-0.0
ZAP70,0.0
C1.Esterase.Inhibitor,-0.0
ENTP3,-0.0
ENPP7,-0.0
Collectin.Kidney.1,-0.0
CHST6,-0.0
SAA,-0.0
sICAM.1,-0.0
DAPK2,0.0
DYRK3,-0.0
MIC.1,0.0
DHH,-0.0
FGF.12,-0.0
FGF.16,-0.0
FGF.8A,0.0
IFN.lambda.1,-0.0
IFN.lambda.2,0.0
MSP,0.0
SLPI,0.0
SP.D,-0.0
ADAM12,0.0
BCL2.like.1.protein,-0.0
CHST2,-0.0
intMCs_S6_LPS,0.0
CCR2posintMCs_IkB_LPS,0.0
intMCs_CREB_LPS,-0.0
CCR2poscMCs_NFkB_GMCSF,-0.0
cMCs_ERK_GMCSF,-0.0
CCR2poscMCs_CREB_GMCSF,-0.0
CCR2poscMCs_STAT5_GMCSF,0.0
CCR2poscMCs_p38_GMCSF,0.0
CCR2poscMCs_STAT3_GMCSF,0.0
CCR2poscMCs_S6_GMCSF,-0.0
CCR2poscMCs_IkB_GMCSF,-0.0
CCR2poscMCs_MAPKAPK2_GMCSF,0.0
CCR2poscMCs_ERK_GMCSF,-0.0
cMCs_MAPKAPK2_GMCSF,0.0
MDSCs_CREB_GMCSF,0.0
MDSCs_STAT5_GMCSF,0.0
MDSCs_p38_GMCSF,0.0
MDSCs_STAT3_GMCSF,0.0
MDSCs_S6_GMCSF,-0.0
MDSCs_IkB_GMCSF,-0.0
MDSCs_MAPKAPK2_GMCSF,0.0
MDSCs_NFkB_GMCSF,0.0
cMCs_NFkB_GMCSF,-0.0
cMCs_IkB_GMCSF,-0.0
DCs_CREB_GMCSF,0.0
Granulocytes_S6_GMCSF,0.0
NKT_MAPKAPK2_unstim,-0.0
NKT_NFkB_unstim,-0.0
NKT_ERK_unstim,0.0
NKT_STAT6_unstim,0.0
Granulocytes_CREB_GMCSF,0.0
Granulocytes_STAT5_GMCSF,-0.0
Granulocytes_p38_GMCSF,0.0
Granulocytes_STAT3_GMCSF,0.0
Granulocytes_IkB_GMCSF,-0.0
cMCs_S6_GMCSF,-0.0
Granulocytes_MAPKAPK2_GMCSF,0.0
Granulocytes_NFkB_GMCSF,-0.0
Granulocytes_ERK_GMCSF,0.0
Granulocytes_STAT6_GMCSF,0.0
cMCs_CREB_GMCSF,-0.0
cMCs_STAT5_GMCSF,0.0
cMCs_p38_GMCSF,0.0
cMCs_STAT3_GMCSF,0.0
MDSCs_ERK_GMCSF,0.0
DCs_STAT5_GMCSF,0.0
NKT_S6_unstim,-0.0
intMCs_IkB_GMCSF,0.0
pDCs_NFkB_GMCSF,0.0
pDCs_ERK_GMCSF,0.0
pDCs_STAT6_GMCSF,0.0
intMCs_CREB_GMCSF,-0.0
intMCs_STAT5_GMCSF,0.0
intMCs_p38_GMCSF,0.0
intMCs_STAT3_GMCSF,0.0
intMCs_S6_GMCSF,0.0
intMCs_MAPKAPK2_GMCSF,0.0
pDCs_IkB_GMCSF,0.0
intMCs_NFkB_GMCSF,-0.0
intMCs_ERK_GMCSF,-0.0
CCR2posintMCs_CREB_GMCSF,-0.0
CCR2posintMCs_STAT5_GMCSF,0.0
CCR2posintMCs_p38_GMCSF,0.0
CCR2posintMCs_STAT3_GMCSF,0.0
CCR2posintMCs_S6_GMCSF,0.0
CCR2posintMCs_IkB_GMCSF,0.0
pDCs_MAPKAPK2_GMCSF,0.0
pDCs_S6_GMCSF,0.0
DCs_p38_GMCSF,-0.0
mDCs_p38_GMCSF,0.0
DCs_STAT3_GMCSF,0.0
DCs_S6_GMCSF,0.0
DCs_IkB_GMCSF,0.0
DCs_MAPKAPK2_GMCSF,-0.0
DCs_NFkB_GMCSF,0.0
DCs_ERK_GMCSF,-0.0
mDCs_CREB_GMCSF,-0.0
mDCs_STAT5_GMCSF,0.0
mDCs_STAT3_GMCSF,0.0
pDCs_STAT3_GMCSF,0.0
mDCs_S6_GMCSF,0.0
mDCs_IkB_GMCSF,-0.0
mDCs_MAPKAPK2_GMCSF,-0.0
mDCs_NFkB_GMCSF,0.0
mDCs_ERK_GMCSF,-0.0
pDCs_CREB_GMCSF,-0.0
pDCs_STAT5_GMCSF,-0.0
pDCs_p38_GMCSF,0.0
NKT_IkB_unstim,-0.0
NKT_STAT3_unstim,-0.0
CD8Tcm_S6_unstim,-0.0
CCR5posCCR2posCD8Tem_STAT3_unstim,-0.0
CD8Tem_MAPKAPK2_unstim,-0.0
CD8Tem_NFkB_unstim,-0.0
CD8Tem_ERK_unstim,-0.0
CD8Tem_STAT6_unstim,-0.0
CCR5posCCR2posCD8Tem_CREB_unstim,0.0
CCR5posCCR2posCD8Tem_STAT5_unstim,-0.0
CCR5posCCR2posCD8Tem_p38_unstim,-0.0
CCR5posCCR2posCD8Tem_STAT1_unstim,-0.0
CCR5posCCR2posCD8Tem_S6_unstim,-0.0
CD8Tem_S6_unstim,-0.0
CCR5posCCR2posCD8Tem_IkB_unstim,-0.0
CCR5posCCR2posCD8Tem_MAPKAPK2_unstim,-0.0
CCR5posCCR2posCD8Tem_NFkB_unstim,-0.0
CCR5posCCR2posCD8Tem_ERK_unstim,-0.0
CCR5posCCR2posCD8Tem_STAT6_unstim,-0.0
CD69posCD8Tmem_CREB_unstim,0.0
CD69posCD8Tmem_STAT5_unstim,-0.0
CD69posCD8Tmem_p38_unstim,-0.0
CD8Tem_IkB_unstim,-0.0
CD8Tem_STAT3_unstim,-0.0
CD69posCD8Tmem_STAT3_unstim,-0.0
CCR5posCCR2posCD8Tcm_STAT3_unstim,-0.0
CD8Tcm_MAPKAPK2_unstim,-0.0
CD8Tcm_NFkB_unstim,-0.0
CD8Tcm_ERK_unstim,-0.0
CD8Tcm_STAT6_unstim,-0.0
CCR5posCCR2posCD8Tcm_CREB_unstim,0.0
CCR5posCCR2posCD8Tcm_STAT5_unstim,-0.0
CCR5posCCR2posCD8Tcm_p38_unstim,-0.0
CCR5posCCR2posCD8Tcm_STAT1_unstim,-0.0
CCR5posCCR2posCD8Tcm_S6_unstim,-0.0
CD8Tem_STAT1_unstim,-0.0
CCR5posCCR2posCD8Tcm_IkB_unstim,-0.0
CCR5posCCR2posCD8Tcm_MAPKAPK2_unstim,-0.0
CCR5posCCR2posCD8Tcm_NFkB_unstim,-0.0
CCR5posCCR2posCD8Tcm_ERK_unstim,-0.0
CCR5posCCR2posCD8Tcm_STAT6_unstim,-0.0
CD8Tem_CREB_unstim,0.0
CD8Tem_STAT5_unstim,-0.0
CD8Tem_p38_unstim,-0.0
CD69posCD8Tmem_STAT1_unstim,-0.0
CD69posCD8Tmem_S6_unstim,-0.0
NKT_STAT1_unstim,-0.0
CD62LposCD8Tnaive_STAT3_unstim,-0.0
CD8Tef_MAPKAPK2_unstim,-0.0
CD8Tef_NFkB_unstim,-0.0
CD8Tef_ERK_unstim,-0.0
CD8Tef_STAT6_unstim,-0.0
CD62LposCD8Tnaive_CREB_unstim,-0.0
CD62LposCD8Tnaive_STAT5_unstim,-0.0
CD62LposCD8Tnaive_p38_unstim,-0.0
CD62LposCD8Tnaive_STAT1_unstim,-0.0
CD62LposCD8Tnaive_S6_unstim,-0.0
CD8Tef_S6_unstim,-0.0
CD62LposCD8Tnaive_IkB_unstim,-0.0
CD62LposCD8Tnaive_MAPKAPK2_unstim,-0.0
CD62LposCD8Tnaive_NFkB_unstim,-0.0
CD62LposCD8Tnaive_ERK_unstim,-0.0
CD62LposCD8Tnaive_STAT6_unstim,-0.0
NKT_CREB_unstim,0.0
NKT_STAT5_unstim,-0.0
NKT_p38_unstim,-0.0
CD8Tef_IkB_unstim,-0.0
CD8Tef_STAT3_unstim,-0.0
CD69posCD8Tmem_IkB_unstim,-0.0
CD8Tnaive_STAT3_unstim,-0.0
CD69posCD8Tmem_MAPKAPK2_unstim,-0.0
CD69posCD8Tmem_NFkB_unstim,-0.0
CD69posCD8Tmem_ERK_unstim,-0.0
CD69posCD8Tmem_STAT6_unstim,-0.0
CD8Tnaive_CREB_unstim,-0.0
CD8Tnaive_STAT5_unstim,-0.0
CD8Tnaive_p38_unstim,-0.0
CD8Tnaive_STAT1_unstim,-0.0
CD8Tnaive_S6_unstim,-0.0
CD8Tef_STAT1_unstim,-0.0
CD8Tnaive_IkB_unstim,-0.0
CD8Tnaive_MAPKAPK2_unstim,-0.0
CD8Tnaive_NFkB_unstim,-0.0
CD8Tnaive_ERK_unstim,-0.0
CD8Tnaive_STAT6_unstim,-0.0
CD8Tef_CREB_unstim,0.0
CD8Tef_STAT5_unstim,-0.0
CD8Tef_p38_unstim,-0.0
CCR2posintMCs_MAPKAPK2_GMCSF,-0.0
CCR2posintMCs_NFkB_GMCSF,-0.0
CCR2posintMCs_ERK_GMCSF,-0.0
ncMCs_S6_IFNa,-0.0
CCR2posintMCs_IkB_IFNa,-0.0
CCR2posintMCs_NFkB_IFNa,0.0
CCR2posintMCs_ERK_IFNa,0.0
CCR2posintMCs_STAT6_IFNa,0.0
ncMCs_CREB_IFNa,0.0
ncMCs_STAT5_IFNa,0.0
ncMCs_STAT1_IFNa,0.0
ncMCs_STAT3_IFNa,0.0
ncMCs_IkB_IFNa,0.0
CCR2posintMCs_STAT3_IFNa,0.0
ncMCs_NFkB_IFNa,0.0
ncMCs_STAT6_IFNa,0.0
CCR2negncMCs_CREB_IFNa,0.0
CCR2negncMCs_STAT5_IFNa,0.0
CCR2negncMCs_STAT1_IFNa,0.0
CCR2negncMCs_STAT3_IFNa,0.0
CCR2negncMCs_S6_IFNa,-0.0
CCR2negncMCs_IkB_IFNa,0.0
CCR2posintMCs_S6_IFNa,0.0
CCR2posintMCs_STAT1_IFNa,0.0
CCR2negncMCs_STAT6_IFNa,0.0
intMCs_p38_IFNa,-0.0
pDCs_STAT3_IFNa,0.0
pDCs_S6_IFNa,0.0
pDCs_IkB_IFNa,-0.0
pDCs_MAPKAPK2_IFNa,0.0
pDCs_NFkB_IFNa,0.0
pDCs_STAT6_IFNa,0.0
intMCs_CREB_IFNa,0.0
intMCs_STAT5_IFNa,0.0
intMCs_STAT1_IFNa,0.0
CCR2posintMCs_p38_IFNa,-0.0
intMCs_STAT3_IFNa,0.0
intMCs_S6_IFNa,0.0
intMCs_IkB_IFNa,0.0
intMCs_NFkB_IFNa,0.0
intMCs_ERK_IFNa,-0.0
intMCs_STAT6_IFNa,0.0
CCR2posintMCs_CREB_IFNa,0.0
CCR2posintMCs_STAT5_IFNa,0.0
CCR2negncMCs_NFkB_IFNa,0.0
NK_CREB_IFNa,0.0
ncMCs_CREB_GMCSF,-0.0
CD69negCD56loCD16negNK_STAT1_IFNa,0.0
CD56loCD16negNK_S6_IFNa,-0.0
CD56loCD16negNK_IkB_IFNa,-0.0
CD56loCD16negNK_MAPKAPK2_IFNa,0.0
CD56loCD16negNK_NFkB_IFNa,0.0
CD56loCD16negNK_STAT6_IFNa,0.0
CD69negCD56loCD16negNK_CREB_IFNa,0.0
CD69negCD56loCD16negNK_STAT5_IFNa,0.0
CD69negCD56loCD16negNK_p38_IFNa,-0.0
CD69negCD56loCD16negNK_STAT3_IFNa,0.0
CD56loCD16negNK_STAT1_IFNa,0.0
CD69negCD56loCD16negNK_S6_IFNa,-0.0
CD69negCD56loCD16negNK_IkB_IFNa,0.0
mDCs_ERK_LPS,0.0
CD69negCD56loCD16negNK_NFkB_IFNa,0.0
CD69negCD56loCD16negNK_STAT6_IFNa,0.0
CD69posCD56loCD16negNK_CREB_IFNa,-0.0
CD69posCD56loCD16negNK_STAT5_IFNa,0.0
CD69posCD56loCD16negNK_p38_IFNa,-0.0
CD56loCD16negNK_STAT3_IFNa,0.0
CD56loCD16negNK_p38_IFNa,-0.0
NK_STAT5_IFNa,0.0
CD56hiCD16negNK_CREB_IFNa,-0.0
NK_p38_IFNa,-0.0
NK_STAT1_IFNa,0.0
NK_STAT3_IFNa,0.0
NK_S6_IFNa,-0.0
NK_IkB_IFNa,0.0
NK_MAPKAPK2_IFNa,0.0
NK_NFkB_IFNa,0.0
NK_STAT6_IFNa,0.0
CD56hiCD16negNK_STAT5_IFNa,0.0
CD56loCD16negNK_STAT5_IFNa,0.0
CD56hiCD16negNK_STAT1_IFNa,0.0
CD56hiCD16negNK_STAT3_IFNa,0.0
CD56hiCD16negNK_S6_IFNa,-0.0
CD56hiCD16negNK_IkB_IFNa,-0.0
CD56hiCD16negNK_MAPKAPK2_IFNa,-0.0
CD56hiCD16negNK_NFkB_IFNa,-0.0
CD56hiCD16negNK_STAT6_IFNa,0.0
CD56loCD16negNK_CREB_IFNa,0.0
pDCs_STAT1_IFNa,0.0
pDCs_STAT5_IFNa,0.0
pDCs_CREB_IFNa,0.0
Bcells_STAT1_IFNa,0.0
Granulocytes_STAT3_IFNa,0.0
Granulocytes_S6_IFNa,-0.0
Granulocytes_IkB_IFNa,0.0
Granulocytes_NFkB_IFNa,0.0
Granulocytes_ERK_IFNa,0.0
Granulocytes_STAT6_IFNa,0.0
Bcells_CREB_IFNa,0.0
Bcells_STAT5_IFNa,0.0
Bcells_STAT3_IFNa,0.0
Granulocytes_STAT5_IFNa,0.0
Bcells_S6_IFNa,-0.0
Bcells_IkB_IFNa,0.0
Bcells_MAPKAPK2_IFNa,-0.0
Bcells_NFkB_IFNa,-0.0
Bcells_STAT6_IFNa,0.0
cMCs_CREB_IFNa,0.0
cMCs_STAT5_IFNa,0.0
cMCs_p38_IFNa,-0.0
Granulocytes_STAT1_IFNa,-0.0
Granulocytes_CREB_IFNa,0.0
mDCs_STAT6_IFNa,0.0
ncMCs_STAT6_GMCSF,0.0
ncMCs_STAT5_GMCSF,0.0
ncMCs_p38_GMCSF,0.0
ncMCs_STAT3_GMCSF,0.0
ncMCs_S6_GMCSF,0.0
ncMCs_IkB_GMCSF,-0.0
ncMCs_MAPKAPK2_GMCSF,0.0
ncMCs_NFkB_GMCSF,-0.0
ncMCs_ERK_GMCSF,0.0
CCR2negncMCs_CREB_GMCSF,-0.0
CCR2negncMCs_STAT6_GMCSF,0.0
CCR2negncMCs_STAT5_GMCSF,0.0
CCR2negncMCs_p38_GMCSF,0.0
CCR2negncMCs_STAT3_GMCSF,0.0
CCR2negncMCs_S6_GMCSF,0.0
CCR2negncMCs_IkB_GMCSF,-0.0
CCR2negncMCs_MAPKAPK2_GMCSF,0.0
CCR2negncMCs_NFkB_GMCSF,-0.0
CCR2negncMCs_ERK_GMCSF,0.0
cMCs_STAT1_IFNa,0.0
cMCs_STAT3_IFNa,0.0
cMCs_S6_IFNa,0.0
DCs_MAPKAPK2_IFNa,0.0
MDSCs_ERK_IFNa,0.0
MDSCs_STAT6_IFNa,0.0
DCs_CREB_IFNa,0.0
DCs_STAT5_IFNa,0.0
DCs_STAT1_IFNa,-0.0
DCs_STAT3_IFNa,-0.0
DCs_S6_IFNa,0.0
DCs_IkB_IFNa,0.0
DCs_NFkB_IFNa,0.0
cMCs_IkB_IFNa,0.0
DCs_STAT6_IFNa,0.0
mDCs_CREB_IFNa,0.0
mDCs_STAT5_IFNa,0.0
mDCs_STAT1_IFNa,0.0
mDCs_STAT3_IFNa,0.0
mDCs_S6_IFNa,-0.0
mDCs_IkB_IFNa,0.0
mDCs_NFkB_IFNa,0.0
MDSCs_NFkB_IFNa,0.0
MDSCs_IkB_IFNa,0.0
MDSCs_S6_IFNa,0.0
MDSCs_STAT3_IFNa,0.0
cMCs_NFkB_IFNa,0.0
cMCs_ERK_IFNa,-0.0
cMCs_STAT6_IFNa,0.0
CCR2poscMCs_CREB_IFNa,0.0
CCR2poscMCs_STAT5_IFNa,0.0
CCR2poscMCs_p38_IFNa,-0.0
CCR2poscMCs_STAT1_IFNa,0.0
CCR2poscMCs_STAT3_IFNa,0.0
CCR2poscMCs_S6_IFNa,0.0
CCR2poscMCs_IkB_IFNa,-0.0
CCR2poscMCs_NFkB_IFNa,0.0
CCR2poscMCs_ERK_IFNa,-0.0
CCR2poscMCs_STAT6_IFNa,0.0
MDSCs_CREB_IFNa,0.0
MDSCs_STAT5_IFNa,0.0
MDSCs_p38_IFNa,-0.0
MDSCs_STAT1_IFNa,0.0
CD8Tcm_IkB_unstim,0.0
CD8Tcm_STAT3_unstim,-0.0
CD69posCD56loCD16negNK_STAT3_IFNa,0.0
CCR2negncMCs_STAT5_unstim,-0.0
ncMCs_STAT3_unstim,-0.0
ncMCs_S6_unstim,-0.0
ncMCs_IkB_unstim,0.0
ncMCs_MAPKAPK2_unstim,0.0
ncMCs_NFkB_unstim,0.0
ncMCs_ERK_unstim,-0.0
ncMCs_STAT6_unstim,-0.0
CCR2negncMCs_CREB_unstim,0.0
CCR2negncMCs_p38_unstim,0.0
ncMCs_p38_unstim,0.0
CCR2negncMCs_STAT1_unstim,-0.0
CCR2negncMCs_STAT3_unstim,-0.0
CCR2negncMCs_S6_unstim,-0.0
CCR2negncMCs_IkB_unstim,0.0
CCR2negncMCs_MAPKAPK2_unstim,0.0
CCR2negncMCs_NFkB_unstim,0.0
CCR2negncMCs_ERK_unstim,-0.0
CCR2negncMCs_STAT6_unstim,-0.0
ncMCs_STAT1_unstim,-0.0
ncMCs_STAT5_unstim,-0.0
NK_STAT5_unstim,-0.0
CCR2posintMCs_STAT5_unstim,-0.0
intMCs_STAT3_unstim,-0.0
intMCs_S6_unstim,-0.0
intMCs_IkB_unstim,0.0
intMCs_MAPKAPK2_unstim,-0.0
intMCs_NFkB_unstim,-0.0
intMCs_ERK_unstim,-0.0
intMCs_STAT6_unstim,-0.0
CCR2posintMCs_CREB_unstim,-0.0
CCR2posintMCs_p38_unstim,-0.0
ncMCs_CREB_unstim,0.0
CCR2posintMCs_STAT1_unstim,-0.0
CCR2posintMCs_STAT3_unstim,-0.0
CCR2posintMCs_S6_unstim,-0.0
CCR2posintMCs_IkB_unstim,0.0
CCR2posintMCs_MAPKAPK2_unstim,-0.0
CCR2posintMCs_NFkB_unstim,0.0
CCR2posintMCs_ERK_unstim,-0.0
CCR2posintMCs_STAT6_unstim,-0.0
NK_CREB_unstim,0.0
NK_p38_unstim,-0.0
intMCs_p38_unstim,-0.0
CD69negCD56loCD16negNK_p38_unstim,-0.0
CD56loCD16negNK_S6_unstim,-0.0
CD56loCD16negNK_IkB_unstim,0.0
CD56loCD16negNK_MAPKAPK2_unstim,-0.0
CD56loCD16negNK_NFkB_unstim,-0.0
CD56loCD16negNK_ERK_unstim,0.0
CD56loCD16negNK_STAT6_unstim,-0.0
CD69negCD56loCD16negNK_CREB_unstim,0.0
CD69negCD56loCD16negNK_STAT5_unstim,-0.0
CD69negCD56loCD16negNK_STAT1_unstim,-0.0
CD56loCD16negNK_STAT1_unstim,-0.0
CD69negCD56loCD16negNK_STAT3_unstim,-0.0
CD69negCD56loCD16negNK_S6_unstim,-0.0
CD69negCD56loCD16negNK_IkB_unstim,0.0
CD69negCD56loCD16negNK_MAPKAPK2_unstim,-0.0
CD69negCD56loCD16negNK_NFkB_unstim,-0.0
CD69negCD56loCD16negNK_ERK_unstim,0.0
CD69negCD56loCD16negNK_STAT6_unstim,-0.0
CD69posCD56loCD16negNK_CREB_unstim,0.0
CD56loCD16negNK_STAT3_unstim,-0.0
CD56loCD16negNK_p38_unstim,-0.0
NK_STAT1_unstim,-0.0
CD56hiCD16negNK_p38_unstim,-0.0
NK_STAT3_unstim,-0.0
NK_S6_unstim,-0.0
NK_IkB_unstim,0.0
NK_MAPKAPK2_unstim,-0.0
NK_NFkB_unstim,-0.0
NK_STAT6_unstim,-0.0
CD56hiCD16negNK_CREB_unstim,0.0
CD56hiCD16negNK_STAT5_unstim,-0.0
CD56hiCD16negNK_STAT1_unstim,-0.0
CD56loCD16negNK_STAT5_unstim,-0.0
CD56hiCD16negNK_STAT3_unstim,-0.0
CD56hiCD16negNK_S6_unstim,-0.0
CD56hiCD16negNK_IkB_unstim,-0.0
CD56hiCD16negNK_MAPKAPK2_unstim,-0.0
CD56hiCD16negNK_NFkB_unstim,0.0
CD56hiCD16negNK_ERK_unstim,0.0
CD56hiCD16negNK_STAT6_unstim,-0.0
CD56loCD16negNK_CREB_unstim,0.0
intMCs_STAT1_unstim,-0.0
intMCs_STAT5_unstim,-0.0
CD8Tcm_STAT1_unstim,-0.0
CCR2poscMCs_CREB_unstim,-0.0
cMCs_STAT1_unstim,-0.0
cMCs_STAT3_unstim,-0.0
cMCs_S6_unstim,-0.0
cMCs_IkB_unstim,0.0
cMCs_MAPKAPK2_unstim,0.0
cMCs_NFkB_unstim,0.0
cMCs_ERK_unstim,-0.0
cMCs_STAT6_unstim,-0.0
CCR2poscMCs_STAT5_unstim,-0.0
cMCs_STAT5_unstim,-0.0
CCR2poscMCs_p38_unstim,-0.0
CCR2poscMCs_STAT1_unstim,-0.0
CCR2poscMCs_STAT3_unstim,-0.0
CCR2poscMCs_S6_unstim,-0.0
CCR2poscMCs_IkB_unstim,0.0
CCR2poscMCs_MAPKAPK2_unstim,0.0
CCR2poscMCs_NFkB_unstim,0.0
CCR2poscMCs_ERK_unstim,-0.0
cMCs_p38_unstim,-0.0
cMCs_CREB_unstim,-0.0
MDSCs_CREB_unstim,0.0
Granulocytes_STAT6_unstim,-0.0
Granulocytes_p38_unstim,-0.0
Granulocytes_STAT1_unstim,-0.0
Granulocytes_STAT3_unstim,-0.0
Granulocytes_S6_unstim,-0.0
Granulocytes_IkB_unstim,0.0
Granulocytes_MAPKAPK2_unstim,0.0
Granulocytes_NFkB_unstim,0.0
Granulocytes_ERK_unstim,0.0
Bcells_CREB_unstim,-0.0
Bcells_STAT6_unstim,-0.0
Bcells_STAT5_unstim,-0.0
Bcells_STAT1_unstim,-0.0
Bcells_STAT3_unstim,-0.0
Bcells_S6_unstim,0.0
Bcells_IkB_unstim,-0.0
Bcells_MAPKAPK2_unstim,-0.0
Bcells_NFkB_unstim,-0.0
Bcells_ERK_unstim,0.0
CCR2poscMCs_STAT6_unstim,-0.0
MDSCs_STAT5_unstim,-0.0
intMCs_CREB_unstim,-0.0
pDCs_STAT5_unstim,-0.0
mDCs_STAT3_unstim,-0.0
mDCs_S6_unstim,-0.0
mDCs_IkB_unstim,0.0
mDCs_MAPKAPK2_unstim,0.0
mDCs_NFkB_unstim,0.0
mDCs_ERK_unstim,-0.0
mDCs_STAT6_unstim,-0.0
pDCs_CREB_unstim,-0.0
pDCs_p38_unstim,0.0
mDCs_p38_unstim,-0.0
pDCs_STAT1_unstim,-0.0
pDCs_STAT3_unstim,-0.0
pDCs_S6_unstim,-0.0
pDCs_IkB_unstim,0.0
pDCs_MAPKAPK2_unstim,-0.0
pDCs_NFkB_unstim,0.0
pDCs_ERK_unstim,-0.0
pDCs_STAT6_unstim,-0.0
mDCs_STAT1_unstim,-0.0
mDCs_STAT5_unstim,-0.0
MDSCs_p38_unstim,-0.0
DCs_CREB_unstim,-0.0
MDSCs_STAT1_unstim,-0.0
MDSCs_STAT3_unstim,-0.0
MDSCs_S6_unstim,0.0
MDSCs_IkB_unstim,0.0
MDSCs_MAPKAPK2_unstim,0.0
MDSCs_NFkB_unstim,0.0
MDSCs_ERK_unstim,-0.0
MDSCs_STAT6_unstim,-0.0
DCs_STAT5_unstim,-0.0
mDCs_CREB_unstim,0.0
DCs_p38_unstim,-0.0
DCs_STAT1_unstim,-0.0
DCs_STAT3_unstim,-0.0
DCs_S6_unstim,-0.0
DCs_IkB_unstim,-0.0
DCs_MAPKAPK2_unstim,-0.0
DCs_NFkB_unstim,0.0
DCs_STAT6_unstim,-0.0
CD69posCD56loCD16negNK_STAT5_unstim,-0.0
CD69posCD56loCD16negNK_p38_unstim,-0.0
CD69posCD56loCD16negNK_STAT1_unstim,-0.0
CD69posCD4Tmem_STAT3_unstim,-0.0
CCR5posCCR2posCD4Tem_MAPKAPK2_unstim,-0.0
CCR5posCCR2posCD4Tem_NFkB_unstim,-0.0
CCR5posCCR2posCD4Tem_ERK_unstim,-0.0
CCR5posCCR2posCD4Tem_STAT6_unstim,-0.0
CD69posCD4Tmem_CREB_unstim,0.0
CD69posCD4Tmem_STAT5_unstim,-0.0
CD69posCD4Tmem_p38_unstim,-0.0
CD69posCD4Tmem_STAT1_unstim,-0.0
CD69posCD4Tmem_S6_unstim,-0.0
CCR5posCCR2posCD4Tem_S6_unstim,-0.0
CD69posCD4Tmem_IkB_unstim,-0.0
CD69posCD4Tmem_MAPKAPK2_unstim,-0.0
CD69posCD4Tmem_NFkB_unstim,-0.0
CD69posCD4Tmem_ERK_unstim,-0.0
CD69posCD4Tmem_STAT6_unstim,-0.0
Tregs_CREB_unstim,-0.0
Tregs_STAT5_unstim,-0.0
Tregs_p38_unstim,0.0
CCR5posCCR2posCD4Tem_IkB_unstim,0.0
CCR5posCCR2posCD4Tem_STAT3_unstim,-0.0
Tregs_STAT3_unstim,-0.0
CD4Tem_STAT3_unstim,-0.0
CCR5posCCR2posCD4Tcm_MAPKAPK2_unstim,-0.0
CCR5posCCR2posCD4Tcm_NFkB_unstim,-0.0
CCR5posCCR2posCD4Tcm_ERK_unstim,0.0
CCR5posCCR2posCD4Tcm_STAT6_unstim,-0.0
CD4Tem_CREB_unstim,-0.0
CD4Tem_STAT5_unstim,-0.0
CD4Tem_p38_unstim,-0.0
CD4Tem_STAT1_unstim,-0.0
CD4Tem_S6_unstim,-0.0
CCR5posCCR2posCD4Tem_STAT1_unstim,-0.0
CD4Tem_IkB_unstim,-0.0
CD4Tem_MAPKAPK2_unstim,-0.0
CD4Tem_NFkB_unstim,-0.0
CD4Tem_ERK_unstim,-0.0
CD4Tem_STAT6_unstim,-0.0
CCR5posCCR2posCD4Tem_CREB_unstim,0.0
CCR5posCCR2posCD4Tem_STAT5_unstim,-0.0
CCR5posCCR2posCD4Tem_p38_unstim,-0.0
Tregs_STAT1_unstim,-0.0
Tregs_S6_unstim,-0.0
CD69posCD56loCD16negNK_STAT3_unstim,-0.0
CD8Tmem_STAT3_unstim,-0.0
CD8Tcells_MAPKAPK2_unstim,0.0
CD8Tcells_NFkB_unstim,-0.0
CD8Tcells_ERK_unstim,-0.0
CD8Tcells_STAT6_unstim,-0.0
CD8Tmem_CREB_unstim,0.0
CD8Tmem_STAT5_unstim,-0.0
CD8Tmem_p38_unstim,-0.0
CD8Tmem_STAT1_unstim,-0.0
CD8Tmem_S6_unstim,-0.0
CD8Tcells_S6_unstim,-0.0
CD8Tmem_IkB_unstim,-0.0
CD8Tmem_MAPKAPK2_unstim,-0.0
CD8Tmem_NFkB_unstim,-0.0
CD8Tmem_ERK_unstim,-0.0
CD8Tmem_STAT6_unstim,-0.0
CD8Tcm_CREB_unstim,0.0
CD8Tcm_STAT5_unstim,-0.0
CD8Tcm_p38_unstim,-0.0
CD8Tcells_IkB_unstim,-0.0
CD8Tcells_STAT3_unstim,-0.0
Tregs_IkB_unstim,-0.0
Th1_STAT3_unstim,-0.0
Tregs_MAPKAPK2_unstim,-0.0
Tregs_NFkB_unstim,-0.0
Tregs_ERK_unstim,0.0
Tregs_STAT6_unstim,-0.0
Th1_CREB_unstim,0.0
Th1_STAT5_unstim,-0.0
Th1_p38_unstim,-0.0
Th1_STAT1_unstim,-0.0
Th1_S6_unstim,-0.0
CD8Tcells_STAT1_unstim,-0.0
Th1_IkB_unstim,-0.0
Th1_MAPKAPK2_unstim,-0.0
Th1_NFkB_unstim,-0.0
Th1_ERK_unstim,-0.0
Th1_STAT6_unstim,-0.0
CD8Tcells_CREB_unstim,0.0
CD8Tcells_STAT5_unstim,-0.0
CD8Tcells_p38_unstim,-0.0
CCR5posCCR2posCD4Tcm_IkB_unstim,-0.0
CCR5posCCR2posCD4Tcm_S6_unstim,-0.0
CCR5posCCR2posCD4Tcm_STAT3_unstim,-0.0
CD4posTnaive_STAT3_unstim,-0.0
CD4Tcells_IkB_unstim,-0.0
CD4Tcells_MAPKAPK2_unstim,-0.0
CD4Tcells_NFkB_unstim,-0.0
CD4Tcells_ERK_unstim,-0.0
CD4Tcells_STAT6_unstim,-0.0
CD4posTnaive_CREB_unstim,-0.0
CD4posTnaive_STAT5_unstim,-0.0
CD4posTnaive_STAT1_unstim,-0.0
CD4posTnaive_S6_unstim,-0.0
CD4Tcells_STAT3_unstim,-0.0
CD4posTnaive_IkB_unstim,-0.0
CD4posTnaive_MAPKAPK2_unstim,-0.0
CD4posTnaive_NFkB_unstim,-0.0
CD4posTnaive_ERK_unstim,-0.0
CD4posTnaive_STAT6_unstim,-0.0
CD4Tef_CREB_unstim,-0.0
CD4Tef_STAT5_unstim,-0.0
CD4Tef_p38_unstim,-0.0
CD4Tcells_S6_unstim,-0.0
CD4Tcells_STAT1_unstim,-0.0
CCR5posCCR2posCD4Tcm_STAT1_unstim,-0.0
TCRgdposT_p38_unstim,-0.0
CD69posCD56loCD16negNK_S6_unstim,-0.0
CD69posCD56loCD16negNK_IkB_unstim,0.0
CD69posCD56loCD16negNK_MAPKAPK2_unstim,-0.0
CD69posCD56loCD16negNK_NFkB_unstim,-0.0
CD69posCD56loCD16negNK_ERK_unstim,0.0
CD69posCD56loCD16negNK_STAT6_unstim,-0.0
TCRgdposT_CREB_unstim,0.0
TCRgdposT_STAT5_unstim,-0.0
TCRgdposT_STAT1_unstim,-0.0
CD4Tcells_STAT5_unstim,-0.0
TCRgdposT_STAT3_unstim,-0.0
TCRgdposT_S6_unstim,-0.0
TCRgdposT_IkB_unstim,-0.0
TCRgdposT_MAPKAPK2_unstim,-0.0
TCRgdposT_NFkB_unstim,-0.0
TCRgdposT_ERK_unstim,-0.0
TCRgdposT_STAT6_unstim,-0.0
CD4Tcells_CREB_unstim,-0.0
CD4Tef_STAT1_unstim,-0.0
CD4Tef_STAT3_unstim,-0.0
CD4Tef_S6_unstim,-0.0
CD4Tcm_STAT3_unstim,-0.0
CD4Tmem_MAPKAPK2_unstim,-0.0
CD4Tmem_NFkB_unstim,-0.0
CD4Tmem_ERK_unstim,-0.0
CD4Tmem_STAT6_unstim,-0.0
CD4Tcm_CREB_unstim,-0.0
CD4Tcm_STAT5_unstim,-0.0
CD4Tcm_p38_unstim,-0.0
CD4Tcm_STAT1_unstim,-0.0
CD4Tcm_S6_unstim,-0.0
CD4Tef_IkB_unstim,-0.0
CD4Tcm_IkB_unstim,-0.0
CD4Tcm_MAPKAPK2_unstim,-0.0
CD4Tcm_NFkB_unstim,-0.0
CD4Tcm_ERK_unstim,-0.0
CD4Tcm_STAT6_unstim,-0.0
CCR5posCCR2posCD4Tcm_CREB_unstim,0.0
CCR5posCCR2posCD4Tcm_STAT5_unstim,-0.0
CCR5posCCR2posCD4Tcm_p38_unstim,-0.0
CD4Tmem_IkB_unstim,-0.0
CD4Tmem_S6_unstim,-0.0
CD4Tmem_STAT3_unstim,-0.0
CD4Tmem_STAT1_unstim,-0.0
CD4Tef_MAPKAPK2_unstim,-0.0
CD4Tef_NFkB_unstim,0.0
CD4Tef_ERK_unstim,0.0
CD4Tef_STAT6_unstim,-0.0
CD62LposCD4Tnaive_CREB_unstim,-0.0
CD62LposCD4Tnaive_STAT5_unstim,-0.0
CD62LposCD4Tnaive_STAT1_unstim,-0.0
CD62LposCD4Tnaive_STAT3_unstim,-0.0
CD62LposCD4Tnaive_S6_unstim,-0.0
CD62LposCD4Tnaive_IkB_unstim,-0.0
CD62LposCD4Tnaive_MAPKAPK2_unstim,-0.0
CD62LposCD4Tnaive_NFkB_unstim,-0.0
CD62LposCD4Tnaive_ERK_unstim,-0.0
CD62LposCD4Tnaive_STAT6_unstim,-0.0
CD4Tmem_CREB_unstim,-0.0
CD4Tmem_STAT5_unstim,-0.0
CD4Tmem_p38_unstim,-0.0
CD69posCD56loCD16negNK_STAT1_IFNa,0.0
CD69negCD56loCD16negNK_MAPKAPK2_IFNa,0.0
CD69posCD56loCD16negNK_S6_IFNa,-0.0
CD4Tef_MAPKAPK2_IL246,-0.0
CD4posTnaive_ERK_IL246,-0.0
CD4posTnaive_STAT6_IL246,-0.0
CD4Tef_CREB_IL246,0.0
CD4Tef_STAT5_IL246,0.0
CD4Tef_STAT1_IL246,0.0
CD4Tef_STAT3_IL246,-0.0
CD4Tef_S6_IL246,-0.0
CD4Tef_IkB_IL246,0.0
CD4Tef_NFkB_IL246,-0.0
CD4posTnaive_MAPKAPK2_IL246,-0.0
CD4Tef_ERK_IL246,0.0
CD4Tef_STAT6_IL246,-0.0
CD62LposCD4Tnaive_CREB_IL246,0.0
CD62LposCD4Tnaive_STAT5_IL246,0.0
CD62LposCD4Tnaive_STAT1_IL246,0.0
CD62LposCD4Tnaive_STAT3_IL246,-0.0
CD62LposCD4Tnaive_S6_IL246,-0.0
CD62LposCD4Tnaive_IkB_IL246,0.0
CD4posTnaive_NFkB_IL246,-0.0
CD4posTnaive_IkB_IL246,0.0
CD62LposCD4Tnaive_NFkB_IL246,-0.0
CD4Tcells_S6_IL246,-0.0
TCRgdposT_MAPKAPK2_IL246,0.0
TCRgdposT_NFkB_IL246,-0.0
TCRgdposT_ERK_IL246,0.0
TCRgdposT_STAT6_IL246,0.0
CD4Tcells_CREB_IL246,0.0
CD4Tcells_STAT5_IL246,0.0
CD4Tcells_STAT1_IL246,0.0
CD4Tcells_STAT3_IL246,-0.0
CD4Tcells_IkB_IL246,0.0
CD4posTnaive_S6_IL246,-0.0
CD4Tcells_MAPKAPK2_IL246,0.0
CD4Tcells_NFkB_IL246,-0.0
CD4Tcells_ERK_IL246,0.0
CD4Tcells_STAT6_IL246,-0.0
CD4posTnaive_CREB_IL246,0.0
CD4posTnaive_STAT5_IL246,0.0
CD4posTnaive_STAT1_IL246,0.0
CD4posTnaive_STAT3_IL246,-0.0
CD62LposCD4Tnaive_MAPKAPK2_IL246,-0.0
CD62LposCD4Tnaive_ERK_IL246,0.0
TCRgdposT_S6_IL246,-0.0
CD4Tem_S6_IL246,-0.0
CCR5posCCR2posCD4Tcm_IkB_IL246,0.0
CCR5posCCR2posCD4Tcm_MAPKAPK2_IL246,0.0
CCR5posCCR2posCD4Tcm_NFkB_IL246,-0.0
CCR5posCCR2posCD4Tcm_ERK_IL246,-0.0
CCR5posCCR2posCD4Tcm_STAT6_IL246,-0.0
CD4Tem_CREB_IL246,0.0
CD4Tem_STAT5_IL246,0.0
CD4Tem_STAT3_IL246,-0.0
CD4Tem_IkB_IL246,-0.0
CCR5posCCR2posCD4Tcm_STAT3_IL246,-0.0
CD4Tem_MAPKAPK2_IL246,0.0
CD4Tem_NFkB_IL246,-0.0
CD4Tem_ERK_IL246,0.0
CD4Tem_STAT6_IL246,-0.0
CCR5posCCR2posCD4Tem_CREB_IL246,0.0
CCR5posCCR2posCD4Tem_STAT5_IL246,0.0
CCR5posCCR2posCD4Tem_STAT3_IL246,-0.0
CCR5posCCR2posCD4Tem_S6_IL246,-0.0
CCR5posCCR2posCD4Tcm_S6_IL246,-0.0
CCR5posCCR2posCD4Tcm_STAT5_IL246,0.0
CD62LposCD4Tnaive_STAT6_IL246,-0.0
CD4Tmem_STAT6_IL246,-0.0
CD4Tmem_CREB_IL246,0.0
CD4Tmem_STAT5_IL246,0.0
CD4Tmem_STAT3_IL246,-0.0
CD4Tmem_S6_IL246,-0.0
CD4Tmem_IkB_IL246,0.0
CD4Tmem_MAPKAPK2_IL246,0.0
CD4Tmem_NFkB_IL246,-0.0
CD4Tmem_ERK_IL246,0.0
CD4Tcm_CREB_IL246,0.0
CCR5posCCR2posCD4Tcm_CREB_IL246,0.0
CD4Tcm_STAT5_IL246,0.0
CD4Tcm_STAT3_IL246,-0.0
CD4Tcm_S6_IL246,-0.0
CD4Tcm_IkB_IL246,0.0
CD4Tcm_MAPKAPK2_IL246,0.0
CD4Tcm_NFkB_IL246,-0.0
CD4Tcm_ERK_IL246,0.0
CD4Tcm_STAT6_IL246,-0.0
TCRgdposT_IkB_IL246,0.0
TCRgdposT_STAT3_IL246,0.0
CCR5posCCR2posCD4Tem_MAPKAPK2_IL246,0.0
CCR2negncMCs_STAT3_IL246,0.0
ncMCs_S6_IL246,-0.0
ncMCs_IkB_IL246,-0.0
ncMCs_MAPKAPK2_IL246,-0.0
ncMCs_NFkB_IL246,0.0
ncMCs_ERK_IL246,0.0
ncMCs_STAT6_IL246,0.0
CCR2negncMCs_CREB_IL246,0.0
CCR2negncMCs_STAT5_IL246,0.0
CCR2negncMCs_S6_IL246,-0.0
ncMCs_STAT5_IL246,0.0
CCR2negncMCs_IkB_IL246,-0.0
CCR2negncMCs_MAPKAPK2_IL246,-0.0
CCR2negncMCs_NFkB_IL246,0.0
CCR2negncMCs_ERK_IL246,0.0
CCR2negncMCs_STAT6_IL246,0.0
NK_CREB_IL246,-0.0
NK_STAT5_IL246,0.0
NK_STAT3_IL246,0.0
ncMCs_STAT3_IL246,0.0
ncMCs_CREB_IL246,0.0
NK_IkB_IL246,0.0
CCR2posintMCs_CREB_IL246,-0.0
intMCs_STAT1_IL246,0.0
intMCs_STAT3_IL246,-0.0
intMCs_S6_IL246,0.0
intMCs_IkB_IL246,0.0
CD69posCD56loCD16negNK_IkB_IFNa,-0.0
intMCs_NFkB_IL246,0.0
intMCs_ERK_IL246,-0.0
intMCs_STAT6_IL246,0.0
CCR2posintMCs_STAT5_IL246,0.0
CCR2posintMCs_STAT6_IL246,0.0
CCR2posintMCs_p38_IL246,0.0
CCR2posintMCs_STAT1_IL246,0.0
CCR2posintMCs_STAT3_IL246,0.0
CCR2posintMCs_S6_IL246,0.0
CCR2posintMCs_IkB_IL246,-0.0
CCR2posintMCs_MAPKAPK2_IL246,-0.0
CCR2posintMCs_NFkB_IL246,0.0
CCR2posintMCs_ERK_IL246,-0.0
NK_S6_IL246,0.0
NK_MAPKAPK2_IL246,0.0
TCRgdposT_STAT5_IL246,0.0
CD69posCD56loCD16negNK_CREB_IL246,-0.0
CD69negCD56loCD16negNK_STAT5_IL246,0.0
CD69negCD56loCD16negNK_STAT3_IL246,0.0
CD69negCD56loCD16negNK_S6_IL246,0.0
CD69negCD56loCD16negNK_IkB_IL246,0.0
CD69negCD56loCD16negNK_MAPKAPK2_IL246,-0.0
CD69negCD56loCD16negNK_NFkB_IL246,0.0
CD69negCD56loCD16negNK_ERK_IL246,0.0
CD69negCD56loCD16negNK_STAT6_IL246,-0.0
CD69posCD56loCD16negNK_STAT5_IL246,0.0
CD56loCD16negNK_STAT6_IL246,-0.0
CD69posCD56loCD16negNK_STAT3_IL246,0.0
CD69posCD56loCD16negNK_S6_IL246,-0.0
CD69posCD56loCD16negNK_IkB_IL246,-0.0
CD69posCD56loCD16negNK_MAPKAPK2_IL246,0.0
CD69posCD56loCD16negNK_NFkB_IL246,-0.0
CD69posCD56loCD16negNK_ERK_IL246,-0.0
CD69posCD56loCD16negNK_STAT6_IL246,0.0
TCRgdposT_CREB_IL246,-0.0
CD69negCD56loCD16negNK_CREB_IL246,-0.0
CD56loCD16negNK_ERK_IL246,0.0
NK_NFkB_IL246,0.0
CD56hiCD16negNK_MAPKAPK2_IL246,0.0
NK_ERK_IL246,0.0
NK_STAT6_IL246,-0.0
CD56hiCD16negNK_CREB_IL246,-0.0
CD56hiCD16negNK_STAT5_IL246,0.0
CD56hiCD16negNK_STAT1_IL246,0.0
CD56hiCD16negNK_STAT3_IL246,0.0
CD56hiCD16negNK_S6_IL246,-0.0
CD56hiCD16negNK_IkB_IL246,-0.0
CD56hiCD16negNK_NFkB_IL246,-0.0
CD56loCD16negNK_NFkB_IL246,0.0
CD56hiCD16negNK_ERK_IL246,0.0
CD56hiCD16negNK_STAT6_IL246,-0.0
CD56loCD16negNK_CREB_IL246,-0.0
CD56loCD16negNK_STAT5_IL246,0.0
CD56loCD16negNK_STAT3_IL246,0.0
CD56loCD16negNK_S6_IL246,0.0
CD56loCD16negNK_IkB_IL246,-0.0
CD56loCD16negNK_MAPKAPK2_IL246,-0.0
CCR5posCCR2posCD4Tem_IkB_IL246,-0.0
CCR5posCCR2posCD4Tem_NFkB_IL246,-0.0
intMCs_STAT5_IL246,0.0
CD62LposCD8Tnaive_NFkB_IL246,-0.0
CD8Tef_STAT6_IL246,-0.0
CD62LposCD8Tnaive_CREB_IL246,0.0
CD62LposCD8Tnaive_STAT5_IL246,0.0
CD62LposCD8Tnaive_STAT1_IL246,0.0
CD62LposCD8Tnaive_STAT3_IL246,0.0
CD62LposCD8Tnaive_S6_IL246,-0.0
CD62LposCD8Tnaive_IkB_IL246,0.0
CD62LposCD8Tnaive_MAPKAPK2_IL246,-0.0
CD62LposCD8Tnaive_ERK_IL246,0.0
CD8Tef_NFkB_IL246,-0.0
CD62LposCD8Tnaive_STAT6_IL246,-0.0
NKT_CREB_IL246,-0.0
NKT_STAT5_IL246,0.0
NKT_STAT3_IL246,0.0
NKT_S6_IL246,-0.0
NKT_IkB_IL246,-0.0
NKT_MAPKAPK2_IL246,0.0
NKT_NFkB_IL246,-0.0
CD8Tef_ERK_IL246,-0.0
CD8Tef_MAPKAPK2_IL246,0.0
NKT_STAT6_IL246,-0.0
CD8Tnaive_S6_IL246,-0.0
CD69posCD8Tmem_MAPKAPK2_IL246,0.0
CD69posCD8Tmem_NFkB_IL246,-0.0
CD69posCD8Tmem_ERK_IL246,0.0
CD69posCD8Tmem_STAT6_IL246,-0.0
CD8Tnaive_CREB_IL246,0.0
CD8Tnaive_STAT5_IL246,0.0
CD8Tnaive_STAT1_IL246,0.0
CD8Tnaive_STAT3_IL246,0.0
CD8Tnaive_IkB_IL246,0.0
CD8Tef_IkB_IL246,0.0
CD8Tnaive_MAPKAPK2_IL246,-0.0
CD8Tnaive_NFkB_IL246,-0.0
CD8Tnaive_ERK_IL246,0.0
CD8Tnaive_STAT6_IL246,0.0
CD8Tef_CREB_IL246,0.0
CD8Tef_STAT5_IL246,0.0
CD8Tef_STAT3_IL246,-0.0
CD8Tef_S6_IL246,-0.0
NKT_ERK_IL246,-0.0
Granulocytes_CREB_LPS,0.0
CD69posCD8Tmem_S6_IL246,-0.0
DCs_S6_LPS,0.0
MDSCs_p38_LPS,-0.0
MDSCs_S6_LPS,0.0
MDSCs_IkB_LPS,-0.0
MDSCs_MAPKAPK2_LPS,0.0
MDSCs_NFkB_LPS,0.0
MDSCs_ERK_LPS,0.0
DCs_CREB_LPS,-0.0
DCs_p38_LPS,-0.0
DCs_IkB_LPS,0.0
CCR2poscMCs_ERK_LPS,0.0
DCs_MAPKAPK2_LPS,-0.0
DCs_NFkB_LPS,0.0
mDCs_CREB_LPS,0.0
mDCs_p38_LPS,-0.0
mDCs_S6_LPS,0.0
mDCs_IkB_LPS,-0.0
mDCs_MAPKAPK2_LPS,0.0
mDCs_NFkB_LPS,0.0
MDSCs_CREB_LPS,0.0
CCR2poscMCs_NFkB_LPS,0.0
Granulocytes_p38_LPS,-0.0
cMCs_p38_LPS,-0.0
Granulocytes_S6_LPS,0.0
Granulocytes_IkB_LPS,-0.0
Granulocytes_MAPKAPK2_LPS,0.0
Granulocytes_NFkB_LPS,0.0
Granulocytes_ERK_LPS,0.0
Bcells_S6_LPS,0.0
Bcells_MAPKAPK2_LPS,0.0
cMCs_CREB_LPS,-0.0
cMCs_S6_LPS,0.0
CCR2poscMCs_MAPKAPK2_LPS,-0.0
cMCs_IkB_LPS,-0.0
cMCs_MAPKAPK2_LPS,-0.0
cMCs_NFkB_LPS,0.0
cMCs_ERK_LPS,0.0
CCR2poscMCs_CREB_LPS,-0.0
CCR2poscMCs_p38_LPS,-0.0
CCR2poscMCs_S6_LPS,0.0
CCR2poscMCs_IkB_LPS,-0.0
CD69posCD8Tmem_IkB_IL246,0.0
CD69posCD8Tmem_STAT3_IL246,0.0
CCR5posCCR2posCD4Tem_ERK_IL246,-0.0
CD8Tcells_CREB_IL246,-0.0
Th1_STAT1_IL246,0.0
Th1_STAT3_IL246,-0.0
Th1_S6_IL246,0.0
Th1_IkB_IL246,0.0
Th1_MAPKAPK2_IL246,-0.0
Th1_NFkB_IL246,-0.0
Th1_ERK_IL246,0.0
Th1_STAT6_IL246,-0.0
CD8Tcells_STAT5_IL246,0.0
Th1_CREB_IL246,0.0
CD8Tcells_STAT3_IL246,0.0
CD8Tcells_S6_IL246,-0.0
CD8Tcells_IkB_IL246,0.0
CD8Tcells_MAPKAPK2_IL246,0.0
CD8Tcells_NFkB_IL246,-0.0
CD8Tcells_ERK_IL246,-0.0
CD8Tcells_STAT6_IL246,0.0
CD8Tmem_CREB_IL246,-0.0
Th1_STAT5_IL246,0.0
Tregs_STAT6_IL246,-0.0
CD8Tmem_STAT3_IL246,0.0
CD69posCD4Tmem_ERK_IL246,0.0
CCR5posCCR2posCD4Tem_STAT6_IL246,-0.0
CD69posCD4Tmem_CREB_IL246,-0.0
CD69posCD4Tmem_STAT5_IL246,0.0
CD69posCD4Tmem_STAT3_IL246,-0.0
CD69posCD4Tmem_S6_IL246,0.0
CD69posCD4Tmem_IkB_IL246,-0.0
CD69posCD4Tmem_MAPKAPK2_IL246,-0.0
CD69posCD4Tmem_NFkB_IL246,-0.0
CD69posCD4Tmem_STAT6_IL246,-0.0
Tregs_ERK_IL246,-0.0
Tregs_CREB_IL246,0.0
Tregs_STAT5_IL246,0.0
Tregs_STAT1_IL246,0.0
Tregs_STAT3_IL246,0.0
Tregs_S6_IL246,-0.0
Tregs_IkB_IL246,0.0
Tregs_MAPKAPK2_IL246,0.0
Tregs_NFkB_IL246,-0.0
CD8Tmem_STAT5_IL246,0.0
CD8Tmem_S6_IL246,-0.0
CD69posCD8Tmem_STAT5_IL246,0.0
CCR5posCCR2posCD8Tem_CREB_IL246,-0.0
CD8Tem_CREB_IL246,-0.0
CD8Tem_STAT5_IL246,0.0
CD8Tem_S6_IL246,0.0
CD8Tem_IkB_IL246,0.0
CD8Tem_MAPKAPK2_IL246,0.0
CD8Tem_NFkB_IL246,-0.0
CD8Tem_ERK_IL246,-0.0
CD8Tem_STAT6_IL246,0.0
CCR5posCCR2posCD8Tem_STAT5_IL246,0.0
CCR5posCCR2posCD8Tcm_ERK_IL246,0.0
CCR5posCCR2posCD8Tem_STAT3_IL246,0.0
CCR5posCCR2posCD8Tem_S6_IL246,0.0
CCR5posCCR2posCD8Tem_IkB_IL246,-0.0
CCR5posCCR2posCD8Tem_MAPKAPK2_IL246,0.0
CCR5posCCR2posCD8Tem_NFkB_IL246,-0.0
CCR5posCCR2posCD8Tem_ERK_IL246,0.0
CCR5posCCR2posCD8Tem_STAT6_IL246,-0.0
CD69posCD8Tmem_CREB_IL246,-0.0
CCR5posCCR2posCD8Tcm_STAT6_IL246,0.0
CCR5posCCR2posCD8Tcm_NFkB_IL246,-0.0
CD8Tmem_IkB_IL246,0.0
CD8Tcm_IkB_IL246,0.0
CD8Tmem_MAPKAPK2_IL246,0.0
CD8Tmem_NFkB_IL246,-0.0
CD8Tmem_ERK_IL246,-0.0
CD8Tmem_STAT6_IL246,0.0
CD8Tcm_CREB_IL246,-0.0
CD8Tcm_STAT5_IL246,0.0
CD8Tcm_STAT3_IL246,0.0
CD8Tcm_S6_IL246,-0.0
CD8Tcm_MAPKAPK2_IL246,-0.0
CCR5posCCR2posCD8Tcm_MAPKAPK2_IL246,-0.0
CD8Tcm_NFkB_IL246,-0.0
CD8Tcm_ERK_IL246,-0.0
CD8Tcm_STAT6_IL246,0.0
CCR5posCCR2posCD8Tcm_CREB_IL246,-0.0
CCR5posCCR2posCD8Tcm_STAT5_IL246,0.0
CCR5posCCR2posCD8Tcm_STAT3_IL246,0.0
CCR5posCCR2posCD8Tcm_S6_IL246,-0.0
CCR5posCCR2posCD8Tcm_IkB_IL246,0.0
intMCs_p38_IL246,0.0
intMCs_MAPKAPK2_IL246,-0.0
intMCs_CREB_IL246,-0.0
CD69posCD4Tmem_NFkB_IFNa,-0.0
CD69posCD4Tmem_CREB_IFNa,0.0
CD69posCD4Tmem_STAT5_IFNa,0.0
CD69posCD4Tmem_p38_IFNa,0.0
CD69posCD4Tmem_STAT1_IFNa,0.0
CD69posCD4Tmem_STAT3_IFNa,0.0
CD69posCD4Tmem_S6_IFNa,-0.0
CD69posCD4Tmem_IkB_IFNa,-0.0
CD69posCD4Tmem_MAPKAPK2_IFNa,0.0
CD69posCD4Tmem_ERK_IFNa,0.0
CCR5posCCR2posCD4Tem_ERK_IFNa,0.0
CD69posCD4Tmem_STAT6_IFNa,0.0
Tregs_CREB_IFNa,0.0
Tregs_STAT5_IFNa,0.0
Tregs_STAT1_IFNa,0.0
Tregs_STAT3_IFNa,0.0
Tregs_S6_IFNa,-0.0
Tregs_IkB_IFNa,0.0
Tregs_MAPKAPK2_IFNa,0.0
CCR5posCCR2posCD4Tem_STAT6_IFNa,0.0
CCR5posCCR2posCD4Tem_NFkB_IFNa,-0.0
Tregs_ERK_IFNa,-0.0
CD4Tem_NFkB_IFNa,-0.0
CD4Tem_CREB_IFNa,0.0
CD4Tem_STAT5_IFNa,0.0
CD4Tem_p38_IFNa,0.0
CD4Tem_STAT1_IFNa,0.0
CD4Tem_STAT3_IFNa,0.0
CD4Tem_S6_IFNa,-0.0
CD4Tem_IkB_IFNa,0.0
CD4Tem_MAPKAPK2_IFNa,0.0
CD4Tem_ERK_IFNa,0.0
CCR5posCCR2posCD4Tem_MAPKAPK2_IFNa,0.0
CD4Tem_STAT6_IFNa,0.0
CCR5posCCR2posCD4Tem_CREB_IFNa,0.0
CCR5posCCR2posCD4Tem_STAT5_IFNa,0.0
CCR5posCCR2posCD4Tem_p38_IFNa,-0.0
CCR5posCCR2posCD4Tem_STAT1_IFNa,0.0
CCR5posCCR2posCD4Tem_STAT3_IFNa,0.0
CCR5posCCR2posCD4Tem_S6_IFNa,-0.0
CCR5posCCR2posCD4Tem_IkB_IFNa,-0.0
Tregs_NFkB_IFNa,-0.0
Tregs_STAT6_IFNa,0.0
CCR5posCCR2posCD4Tcm_ERK_IFNa,-0.0
CD8Tmem_ERK_IFNa,0.0
CD8Tmem_STAT5_IFNa,0.0
CD8Tmem_p38_IFNa,-0.0
CD8Tmem_STAT1_IFNa,0.0
CD8Tmem_STAT3_IFNa,0.0
CD8Tmem_S6_IFNa,0.0
CD8Tmem_IkB_IFNa,0.0
CD8Tmem_MAPKAPK2_IFNa,0.0
CD8Tmem_NFkB_IFNa,-0.0
CD8Tmem_STAT6_IFNa,0.0
CD8Tcells_STAT6_IFNa,0.0
CD8Tcm_CREB_IFNa,0.0
CD8Tcm_STAT5_IFNa,0.0
CD8Tcm_p38_IFNa,-0.0
CD8Tcm_STAT1_IFNa,0.0
pDCs_STAT6_IL246,0.0
CD8Tcm_STAT3_IFNa,0.0
CD8Tcm_S6_IFNa,-0.0
CD8Tcm_IkB_IFNa,-0.0
CD8Tmem_CREB_IFNa,0.0
CD8Tcells_ERK_IFNa,0.0
Th1_CREB_IFNa,0.0
Th1_ERK_IFNa,0.0
Th1_STAT5_IFNa,0.0
Th1_p38_IFNa,0.0
Th1_STAT1_IFNa,0.0
Th1_STAT3_IFNa,0.0
Th1_S6_IFNa,-0.0
Th1_IkB_IFNa,0.0
Th1_MAPKAPK2_IFNa,-0.0
Th1_NFkB_IFNa,0.0
Th1_STAT6_IFNa,0.0
CD8Tcells_NFkB_IFNa,-0.0
CD8Tcells_CREB_IFNa,0.0
CD8Tcells_STAT5_IFNa,0.0
CD8Tcells_p38_IFNa,-0.0
CD8Tcells_STAT1_IFNa,0.0
CD8Tcells_STAT3_IFNa,0.0
CD8Tcells_S6_IFNa,-0.0
CD8Tcells_IkB_IFNa,0.0
CD8Tcells_MAPKAPK2_IFNa,0.0
CCR5posCCR2posCD4Tcm_STAT6_IFNa,0.0
CCR5posCCR2posCD4Tcm_NFkB_IFNa,-0.0
CD8Tcm_NFkB_IFNa,-0.0
CD4posTnaive_MAPKAPK2_IFNa,0.0
CD4Tcells_ERK_IFNa,0.0
CD4Tcells_STAT6_IFNa,0.0
CD4posTnaive_CREB_IFNa,0.0
CD4posTnaive_STAT5_IFNa,0.0
CD4posTnaive_STAT1_IFNa,0.0
CD4posTnaive_STAT3_IFNa,0.0
CD4posTnaive_S6_IFNa,-0.0
CD4posTnaive_IkB_IFNa,0.0
CD4posTnaive_NFkB_IFNa,-0.0
CD4Tcells_MAPKAPK2_IFNa,0.0
CD4posTnaive_ERK_IFNa,0.0
CD4posTnaive_STAT6_IFNa,0.0
CD4Tef_CREB_IFNa,0.0
CD4Tef_STAT5_IFNa,0.0
CD4Tef_p38_IFNa,0.0
CD4Tef_STAT1_IFNa,0.0
CD4Tef_STAT3_IFNa,0.0
CD4Tef_S6_IFNa,-0.0
CD4Tcells_NFkB_IFNa,-0.0
CD4Tcells_IkB_IFNa,0.0
CD4Tef_MAPKAPK2_IFNa,-0.0
TCRgdposT_S6_IFNa,-0.0
CD69posCD56loCD16negNK_MAPKAPK2_IFNa,-0.0
CD69posCD56loCD16negNK_NFkB_IFNa,-0.0
CD69posCD56loCD16negNK_STAT6_IFNa,0.0
TCRgdposT_CREB_IFNa,-0.0
TCRgdposT_STAT5_IFNa,0.0
TCRgdposT_p38_IFNa,-0.0
TCRgdposT_STAT1_IFNa,0.0
TCRgdposT_STAT3_IFNa,0.0
TCRgdposT_IkB_IFNa,0.0
CD4Tcells_S6_IFNa,-0.0
TCRgdposT_MAPKAPK2_IFNa,0.0
TCRgdposT_NFkB_IFNa,-0.0
TCRgdposT_ERK_IFNa,0.0
TCRgdposT_STAT6_IFNa,0.0
CD4Tcells_CREB_IFNa,0.0
CD4Tcells_STAT5_IFNa,0.0
CD4Tcells_STAT1_IFNa,0.0
CD4Tcells_STAT3_IFNa,0.0
CD4Tef_IkB_IFNa,0.0
CD4Tef_NFkB_IFNa,-0.0
CCR5posCCR2posCD4Tcm_MAPKAPK2_IFNa,0.0
CD4Tcm_NFkB_IFNa,-0.0
CD4Tcm_CREB_IFNa,0.0
CD4Tcm_STAT5_IFNa,0.0
CD4Tcm_p38_IFNa,0.0
CD4Tcm_STAT1_IFNa,0.0
CD4Tcm_STAT3_IFNa,0.0
CD4Tcm_S6_IFNa,0.0
CD4Tcm_IkB_IFNa,0.0
CD4Tcm_MAPKAPK2_IFNa,0.0
CD4Tcm_ERK_IFNa,0.0
CD4Tmem_ERK_IFNa,0.0
CD4Tcm_STAT6_IFNa,0.0
CCR5posCCR2posCD4Tcm_CREB_IFNa,0.0
CCR5posCCR2posCD4Tcm_STAT5_IFNa,0.0
CCR5posCCR2posCD4Tcm_p38_IFNa,0.0
CCR5posCCR2posCD4Tcm_STAT1_IFNa,0.0
CCR5posCCR2posCD4Tcm_STAT3_IFNa,0.0
CCR5posCCR2posCD4Tcm_S6_IFNa,-0.0
CCR5posCCR2posCD4Tcm_IkB_IFNa,0.0
CD4Tmem_STAT6_IFNa,0.0
CD4Tmem_NFkB_IFNa,-0.0
CD4Tef_ERK_IFNa,-0.0
CD62LposCD4Tnaive_NFkB_IFNa,-0.0
CD4Tef_STAT6_IFNa,0.0
CD62LposCD4Tnaive_CREB_IFNa,0.0
CD62LposCD4Tnaive_STAT5_IFNa,0.0
CD62LposCD4Tnaive_STAT1_IFNa,0.0
CD62LposCD4Tnaive_STAT3_IFNa,0.0
CD62LposCD4Tnaive_S6_IFNa,-0.0
CD62LposCD4Tnaive_IkB_IFNa,0.0
CD62LposCD4Tnaive_MAPKAPK2_IFNa,0.0
CD62LposCD4Tnaive_ERK_IFNa,0.0
CD4Tmem_MAPKAPK2_IFNa,0.0
CD62LposCD4Tnaive_STAT6_IFNa,0.0
CD4Tmem_CREB_IFNa,0.0
CD4Tmem_STAT5_IFNa,0.0
CD4Tmem_p38_IFNa,0.0
CD4Tmem_STAT1_IFNa,0.0
CD4Tmem_STAT3_IFNa,0.0
CD4Tmem_S6_IFNa,-0.0
CD4Tmem_IkB_IFNa,0.0
CD8Tcm_MAPKAPK2_IFNa,0.0
PLXB2,0.0
CD8Tcm_ERK_IFNa,0.0
cMCs_p38_IL246,0.0
Bcells_S6_IL246,-0.0
Bcells_IkB_IL246,0.0
Bcells_MAPKAPK2_IL246,-0.0
Bcells_NFkB_IL246,-0.0
Bcells_ERK_IL246,0.0
Bcells_STAT6_IL246,-0.0
cMCs_CREB_IL246,-0.0
cMCs_STAT5_IL246,0.0
cMCs_STAT1_IL246,0.0
Bcells_STAT5_IL246,0.0
cMCs_STAT3_IL246,0.0
cMCs_S6_IL246,-0.0
cMCs_IkB_IL246,-0.0
cMCs_MAPKAPK2_IL246,-0.0
cMCs_NFkB_IL246,0.0
cMCs_ERK_IL246,-0.0
cMCs_STAT6_IL246,0.0
CCR2poscMCs_CREB_IL246,0.0
Bcells_STAT3_IL246,0.0
Bcells_CREB_IL246,0.0
CD62LposCD8Tnaive_STAT6_IFNa,0.0
NKT_ERK_IFNa,-0.0
NKT_STAT5_IFNa,0.0
NKT_p38_IFNa,-0.0
CD8Tcm_STAT6_IFNa,0.0
NKT_STAT3_IFNa,0.0
NKT_S6_IFNa,-0.0
NKT_IkB_IFNa,0.0
NKT_MAPKAPK2_IFNa,0.0
NKT_NFkB_IFNa,-0.0
NKT_STAT6_IFNa,-0.0
Granulocytes_STAT6_IL246,0.0
Granulocytes_CREB_IL246,0.0
Granulocytes_STAT5_IL246,0.0
Granulocytes_STAT3_IL246,0.0
Granulocytes_S6_IL246,-0.0
Granulocytes_IkB_IL246,-0.0
Granulocytes_MAPKAPK2_IL246,0.0
Granulocytes_NFkB_IL246,-0.0
Granulocytes_ERK_IL246,0.0
CCR2poscMCs_STAT5_IL246,0.0
CCR2poscMCs_p38_IL246,0.0
CCR2poscMCs_STAT1_IL246,0.0
mDCs_MAPKAPK2_IL246,0.0
DCs_NFkB_IL246,0.0
DCs_STAT6_IL246,-0.0
mDCs_CREB_IL246,-0.0
mDCs_STAT5_IL246,0.0
mDCs_p38_IL246,0.0
mDCs_STAT3_IL246,-0.0
mDCs_S6_IL246,-0.0
mDCs_IkB_IL246,0.0
mDCs_STAT6_IL246,0.0
CCR2poscMCs_STAT3_IL246,0.0
pDCs_CREB_IL246,-0.0
pDCs_STAT5_IL246,0.0
pDCs_STAT1_IL246,0.0
pDCs_STAT3_IL246,-0.0
pDCs_S6_IL246,0.0
pDCs_IkB_IL246,0.0
pDCs_MAPKAPK2_IL246,0.0
pDCs_NFkB_IL246,-0.0
DCs_MAPKAPK2_IL246,-0.0
DCs_IkB_IL246,0.0
DCs_S6_IL246,0.0
DCs_STAT5_IL246,0.0
CCR2poscMCs_S6_IL246,-0.0
CCR2poscMCs_IkB_IL246,-0.0
CCR2poscMCs_MAPKAPK2_IL246,-0.0
CCR2poscMCs_NFkB_IL246,0.0
CCR2poscMCs_ERK_IL246,-0.0
CCR2poscMCs_STAT6_IL246,0.0
MDSCs_CREB_IL246,0.0
MDSCs_STAT5_IL246,0.0
MDSCs_p38_IL246,0.0
MDSCs_STAT3_IL246,0.0
MDSCs_S6_IL246,-0.0
MDSCs_IkB_IL246,-0.0
MDSCs_MAPKAPK2_IL246,0.0
MDSCs_NFkB_IL246,0.0
MDSCs_ERK_IL246,0.0
MDSCs_STAT6_IL246,0.0
DCs_CREB_IL246,0.0
NKT_CREB_IFNa,-0.0
NKT_STAT1_IFNa,0.0
CD62LposCD8Tnaive_ERK_IFNa,0.0
CCR5posCCR2posCD8Tem_ERK_IFNa,0.0
CCR5posCCR2posCD8Tem_STAT5_IFNa,0.0
CCR5posCCR2posCD8Tem_p38_IFNa,0.0
CCR5posCCR2posCD8Tem_STAT1_IFNa,0.0
CCR5posCCR2posCD8Tem_STAT3_IFNa,0.0
CCR5posCCR2posCD8Tem_S6_IFNa,0.0
CCR5posCCR2posCD8Tem_IkB_IFNa,0.0
CCR5posCCR2posCD8Tem_MAPKAPK2_IFNa,0.0
CCR5posCCR2posCD8Tem_NFkB_IFNa,-0.0
CCR5posCCR2posCD8Tem_STAT6_IFNa,0.0
CD8Tem_STAT6_IFNa,0.0
CD69posCD8Tmem_CREB_IFNa,0.0
CD69posCD8Tmem_STAT5_IFNa,0.0
CD69posCD8Tmem_p38_IFNa,-0.0
CD69posCD8Tmem_STAT1_IFNa,0.0
CD62LposCD8Tnaive_NFkB_IFNa,-0.0
CD69posCD8Tmem_S6_IFNa,0.0
CD69posCD8Tmem_IkB_IFNa,0.0
CD69posCD8Tmem_MAPKAPK2_IFNa,0.0
CCR5posCCR2posCD8Tem_CREB_IFNa,0.0
CD8Tem_ERK_IFNa,0.0
CD69posCD8Tmem_ERK_IFNa,0.0
CCR5posCCR2posCD8Tcm_NFkB_IFNa,0.0
CCR5posCCR2posCD8Tcm_CREB_IFNa,-0.0
CCR5posCCR2posCD8Tcm_STAT5_IFNa,0.0
CCR5posCCR2posCD8Tcm_p38_IFNa,-0.0
CCR5posCCR2posCD8Tcm_STAT1_IFNa,0.0
CCR5posCCR2posCD8Tcm_STAT3_IFNa,0.0
CCR5posCCR2posCD8Tcm_S6_IFNa,0.0
CCR5posCCR2posCD8Tcm_IkB_IFNa,0.0
CCR5posCCR2posCD8Tcm_MAPKAPK2_IFNa,-0.0
CCR5posCCR2posCD8Tcm_ERK_IFNa,0.0
CD8Tem_NFkB_IFNa,-0.0
CCR5posCCR2posCD8Tcm_STAT6_IFNa,0.0
CD8Tem_CREB_IFNa,0.0
CD8Tem_STAT5_IFNa,0.0
CD8Tem_p38_IFNa,-0.0
CD8Tem_STAT1_IFNa,0.0
CD8Tem_STAT3_IFNa,0.0
CD8Tem_S6_IFNa,0.0
CD8Tem_IkB_IFNa,0.0
CD69posCD8Tmem_NFkB_IFNa,-0.0
CD69posCD8Tmem_STAT3_IFNa,0.0
CD69posCD8Tmem_STAT6_IFNa,0.0
CD62LposCD8Tnaive_CREB_IFNa,0.0
CD8Tef_STAT3_IFNa,0.0
CD8Tef_S6_IFNa,0.0
CD8Tef_IkB_IFNa,0.0
CD8Tef_MAPKAPK2_IFNa,0.0
CD8Tef_ERK_IFNa,-0.0
CD8Tef_STAT6_IFNa,-0.0
CD62LposCD8Tnaive_STAT5_IFNa,0.0
CD8Tef_p38_IFNa,-0.0
CD62LposCD8Tnaive_p38_IFNa,0.0
CD62LposCD8Tnaive_STAT1_IFNa,0.0
CD62LposCD8Tnaive_STAT3_IFNa,0.0
CD62LposCD8Tnaive_S6_IFNa,-0.0
CD62LposCD8Tnaive_IkB_IFNa,0.0
CD62LposCD8Tnaive_MAPKAPK2_IFNa,0.0
CD8Tef_STAT1_IFNa,0.0
CD8Tef_NFkB_IFNa,0.0
CD8Tnaive_MAPKAPK2_IFNa,0.0
CD8Tnaive_CREB_IFNa,0.0
CD8Tef_STAT5_IFNa,0.0
CD8Tef_CREB_IFNa,0.0
CD8Tnaive_STAT6_IFNa,0.0
CD8Tnaive_p38_IFNa,0.0
CD8Tnaive_ERK_IFNa,0.0
CD8Tnaive_STAT1_IFNa,0.0
CD8Tnaive_STAT3_IFNa,0.0
CD8Tnaive_NFkB_IFNa,-0.0
CD8Tnaive_STAT5_IFNa,0.0
CD8Tnaive_S6_IFNa,-0.0
CD8Tnaive_IkB_IFNa,0.0
Cathepsin.D,-0.010275119287066994
Cathepsin.B,-0.03203686075002601
LBP,-0.03463312689399262
S100A12,-0.04668420401879473
CD63,-0.04758340237265925
EMR2,-0.05142968290325947
IL.20,-0.05672846534084692
CRP,-0.06853951339668032
H31,-0.12087899178701722
UBP25,-0.12233897541319126
Epo,-0.12370844352584387
Neurotrophin.5,-0.1284199785376749
C2,-0.13652554574394932
IL.12.Rb1,-0.16697253598682316
contactin.1,-0.19594353897318173
VEGF121,-0.24064345312327723
Chk2,-0.24184715133646112
Granulocytes,-0.2759144441487429
SOD3,-0.4343155982275524
GDF2,-0.49504369341318943
Angiopoietin.2,-0.5271099199266138
DCs_STAT3_IL246,-0.7405487649162276
ROR1,-0.8918712824370033
CRTAM,-0.9069454272011165
