,Fold selected features,Fold nb of features
Fold 0,"['Tumor non-proliferating_intratumor_cellfrequency', 'CD4 T cells naive_stromal_cellfrequency']",2
Fold 1,"['Tumor non-proliferating_intratumor_cellfrequency', 'Tumor proliferating_stromal_cellfrequency', 'Vessel_tumorfront_cellfrequency', 'CD4 T cells memory_stromal_cellfrequency', 'CD4 T cells memory_tumorfront_cellfrequency', 'CD4 T cells regulatory_tumorfront_cellfrequency', 'B cells_intratumor_cellfrequency', 'B cells_stromal_cellfrequency', 'CD8 T cells_tumorfront_cellfrequency', 'Myeloid M1 macrophages_intratumor_cellfrequency', 'Myeloid M1 macrophages_stromal_cellfrequency', 'Tumor non-proliferating_intratumor_area', 'CD4 T cells naive_stromal_area', 'CD8 T cells_intratumor_area', 'CD4 T cells regulatory_tumorfront_eccentricity']",15
Fold 2,"['Tumor non-proliferating_intratumor_cellfrequency', 'Vessel_tumorfront_cellfrequency', 'Myeloid M1 macrophages_intratumor_cellfrequency', 'Tumor non-proliferating_intratumor_area', 'CD8 T cells_intratumor_area', 'Tumor non-proliferating_intratumor_eccentricity', 'Vessel_tumorfront_eccentricity', 'Myeloid Monocytes_tumorfront_celldistance', 'Myeloid Monocytes_tumorfront_aggregatedNeighbors.Tumor.non.proliferating']",9
Fold 3,"['Tumor non-proliferating_intratumor_cellfrequency', 'Tumor proliferating_stromal_cellfrequency', 'Tumor proliferating_tumorfront_cellfrequency', 'Vessel_stromal_cellfrequency', 'Vessel_tumorfront_cellfrequency', 'CD4 T cells memory_stromal_cellfrequency', 'Myeloid M1 macrophages_intratumor_cellfrequency', 'Myeloid M1 macrophages_stromal_cellfrequency', 'Myeloid M1 macrophages_tumorfront_cellfrequency', 'Myeloid Granulocytes_stromal_cellfrequency', 'Tumor non-proliferating_intratumor_area', 'CD4 T cells naive_stromal_area', 'Vessel_stromal_eccentricity', 'Vessel_tumorfront_eccentricity', 'Tumor non-proliferating_tumorfront_celldistance', 'Myeloid Monocytes_tumorfront_celldistance', 'Tumor non-proliferating_stromal_aggregatedNeighbors.Myeloid.Monocytes', 'Tumor non-proliferating_tumorfront_aggregatedNeighbors.Tumor.proliferating', 'Tumor non-proliferating_tumorfront_aggregatedNeighbors.Myeloid.M1.macrophages', 'Fibroblasts_tumorfront_aggregatedNeighbors.Myeloid.M1.macrophages', 'Myeloid Granulocytes_stromal_aggregatedNeighbors.B.cells', 'Myeloid DCs_stromal_aggregatedNeighbors.Vessel', 'Myeloid Monocytes_stromal_aggregatedNeighbors.CD4.T.cells.memory', 'Myeloid Monocytes_tumorfront_aggregatedNeighbors.CD8.T.cells']",24
Fold 4,"['Tumor non-proliferating_intratumor_cellfrequency', 'CD4 T cells naive_stromal_CD44', 'Myeloid Granulocytes_stromal_GranzymeB', 'Myeloid DCs_stromal_CD44', 'CD4 T cells naive_stromal_area', 'CD8 T cells_intratumor_area', 'Myeloid M2 macrophages_tumorfront_aggregatedNeighbors.Tumor.non.proliferating', 'Myeloid Monocytes_tumorfront_aggregatedNeighbors.CD8.T.cells']",8
Fold 5,"['Tumor non-proliferating_intratumor_cellfrequency', 'Tumor non-proliferating_stromal_cellfrequency', 'Tumor proliferating_stromal_cellfrequency', 'Tumor proliferating_tumorfront_cellfrequency', 'Vessel_tumorfront_cellfrequency', 'Fibroblasts_intratumor_cellfrequency', 'CD4 T cells naive_stromal_cellfrequency', 'CD4 T cells memory_stromal_cellfrequency', 'CD4 T cells regulatory_tumorfront_cellfrequency', 'B cells_intratumor_cellfrequency', 'B cells_stromal_cellfrequency', 'CD8 T cells_intratumor_cellfrequency', 'CD8 T cells_tumorfront_cellfrequency', 'Myeloid M1 macrophages_intratumor_cellfrequency', 'Myeloid M1 macrophages_stromal_cellfrequency', 'Myeloid M2 macrophages_stromal_cellfrequency', 'CD4 T cells memory_stromal_CD44', 'CD4 T cells regulatory_tumorfront_E-Cadherin', 'CD8 T cells_intratumor_CD36', 'Myeloid Granulocytes_stromal_GranzymeB', 'Myeloid Granulocytes_stromal_Ki67', 'Myeloid DCs_stromal_CD44', 'CD8 T cells_intratumor_area', 'CD4 T cells naive_tumorfront_celldistance', 'Myeloid Monocytes_tumorfront_celldistance', 'Tumor non-proliferating_stromal_aggregatedNeighbors.CD8.T.cells', 'Tumor proliferating_tumorfront_aggregatedNeighbors.Myeloid.DCs', 'CD4 T cells naive_stromal_aggregatedNeighbors.Myeloid.M1.macrophages', 'CD4 T cells naive_tumorfront_aggregatedNeighbors.Vessel', 'CD4 T cells memory_tumorfront_aggregatedNeighbors.Tumor.non.proliferating', 'CD4 T cells memory_tumorfront_aggregatedNeighbors.CD4.T.cells.regulatory', 'CD4 T cells regulatory_tumorfront_aggregatedNeighbors.Tumor.proliferating', 'B cells_stromal_aggregatedNeighbors.Myeloid.M2.macrophages', 'CD8 T cells_intratumor_aggregatedNeighbors.CD8.T.cells', 'CD8 T cells_stromal_aggregatedNeighbors.Vessel', 'Myeloid M1 macrophages_tumorfront_aggregatedNeighbors.Tumor.non.proliferating', 'Myeloid M1 macrophages_tumorfront_aggregatedNeighbors.CD4.T.cells.memory', 'Myeloid M2 macrophages_tumorfront_aggregatedNeighbors.Tumor.non.proliferating', 'Myeloid M2 macrophages_tumorfront_aggregatedNeighbors.CD8.T.cells', 'Myeloid Granulocytes_stromal_aggregatedNeighbors.Myeloid.M1.macrophages', 'Myeloid DCs_stromal_aggregatedNeighbors.Vessel', 'Myeloid Monocytes_tumorfront_aggregatedNeighbors.Tumor.non.proliferating']",42
Fold 6,"['Tumor non-proliferating_intratumor_cellfrequency', 'Tumor proliferating_stromal_cellfrequency', 'Myeloid M1 macrophages_intratumor_cellfrequency', 'Tumor non-proliferating_intratumor_area', 'CD4 T cells naive_stromal_area']",5
Fold 7,"['Tumor non-proliferating_intratumor_cellfrequency', 'Tumor proliferating_stromal_cellfrequency', 'Vessel_tumorfront_cellfrequency', 'Fibroblasts_tumorfront_cellfrequency', 'CD4 T cells memory_tumorfront_cellfrequency', 'CD4 T cells regulatory_tumorfront_cellfrequency', 'B cells_intratumor_cellfrequency', 'CD8 T cells_intratumor_cellfrequency', 'Myeloid M1 macrophages_intratumor_cellfrequency', 'Myeloid DCs_tumorfront_cellfrequency', 'Myeloid Granulocytes_stromal_GranzymeB', 'Tumor non-proliferating_intratumor_area']",12
Fold 8,"['Tumor non-proliferating_intratumor_cellfrequency', 'Tumor proliferating_stromal_cellfrequency', 'Tumor proliferating_tumorfront_cellfrequency', 'Vessel_intratumor_cellfrequency', 'B cells_intratumor_cellfrequency', 'Myeloid M1 macrophages_intratumor_cellfrequency', 'CD4 T cells naive_stromal_area', 'Myeloid Monocytes_tumorfront_celldistance', 'CD4 T cells naive_stromal_aggregatedNeighbors.Myeloid.M1.macrophages', 'Myeloid M2 macrophages_tumorfront_aggregatedNeighbors.Tumor.non.proliferating']",10
Fold 9,"['Tumor non-proliferating_intratumor_cellfrequency', 'Tumor proliferating_stromal_cellfrequency', 'B cells_intratumor_cellfrequency', 'Myeloid M1 macrophages_intratumor_cellfrequency', 'CD4 T cells naive_stromal_area', 'Vessel_tumorfront_eccentricity', 'Tumor non-proliferating_tumorfront_celldistance', 'Tumor non-proliferating_stromal_aggregatedNeighbors.Myeloid.Granulocytes', 'Myeloid M2 macrophages_tumorfront_aggregatedNeighbors.Tumor.non.proliferating']",9
Fold 10,"['Tumor non-proliferating_intratumor_cellfrequency', 'Tumor proliferating_stromal_cellfrequency', 'Tumor proliferating_tumorfront_cellfrequency', 'Vessel_intratumor_cellfrequency', 'Vessel_stromal_cellfrequency', 'Vessel_tumorfront_cellfrequency', 'Fibroblasts_intratumor_cellfrequency', 'Fibroblasts_tumorfront_cellfrequency', 'CD4 T cells memory_stromal_cellfrequency', 'CD4 T cells regulatory_tumorfront_cellfrequency', 'B cells_intratumor_cellfrequency', 'CD8 T cells_intratumor_cellfrequency', 'Myeloid M1 macrophages_intratumor_cellfrequency', 'Myeloid M1 macrophages_stromal_cellfrequency', 'Myeloid M1 macrophages_tumorfront_cellfrequency', 'Myeloid Granulocytes_stromal_cellfrequency', 'CD4 T cells regulatory_stromal_pS6', 'Myeloid Granulocytes_stromal_GranzymeB', 'CD8 T cells_intratumor_area', 'Fibroblasts_tumorfront_eccentricity', 'CD4 T cells naive_stromal_aggregatedNeighbors.Myeloid.M1.macrophages', 'CD8 T cells_intratumor_aggregatedNeighbors.CD8.T.cells']",22
Fold 11,"['Tumor non-proliferating_intratumor_cellfrequency', 'Fibroblasts_intratumor_cellfrequency', 'CD4 T cells regulatory_tumorfront_pSTAT1', 'Tumor non-proliferating_stromal_aggregatedNeighbors.Myeloid.Granulocytes', 'Myeloid M2 macrophages_tumorfront_aggregatedNeighbors.Tumor.non.proliferating', 'Myeloid Monocytes_tumorfront_aggregatedNeighbors.Tumor.non.proliferating', 'Myeloid Monocytes_tumorfront_aggregatedNeighbors.CD8.T.cells']",7
Fold 12,"['Tumor non-proliferating_intratumor_cellfrequency', 'Tumor proliferating_stromal_cellfrequency', 'Tumor proliferating_tumorfront_cellfrequency', 'Vessel_tumorfront_cellfrequency', 'B cells_intratumor_cellfrequency', 'Myeloid M1 macrophages_intratumor_cellfrequency', 'Myeloid M1 macrophages_stromal_cellfrequency', 'CD4 T cells naive_stromal_CD44', 'Myeloid Granulocytes_stromal_GranzymeB', 'Myeloid Granulocytes_stromal_Ki67', 'CD4 T cells naive_stromal_area', 'Vessel_tumorfront_eccentricity']",12
Fold 13,"['Tumor non-proliferating_intratumor_cellfrequency', 'Tumor proliferating_stromal_cellfrequency', 'Vessel_tumorfront_cellfrequency', 'CD8 T cells_tumorfront_cellfrequency', 'Myeloid M1 macrophages_intratumor_cellfrequency', 'Tumor non-proliferating_intratumor_area', 'CD4 T cells naive_stromal_area', 'CD8 T cells_intratumor_area', 'Tumor non-proliferating_intratumor_eccentricity', 'Vessel_tumorfront_eccentricity', 'Tumor non-proliferating_tumorfront_celldistance', 'B cells_tumorfront_celldistance', 'Myeloid M1 macrophages_tumorfront_celldistance', 'Myeloid Monocytes_tumorfront_celldistance', 'Myeloid M2 macrophages_tumorfront_aggregatedNeighbors.Tumor.non.proliferating', 'Myeloid Monocytes_tumorfront_aggregatedNeighbors.Tumor.non.proliferating']",16
Fold 14,"['Tumor non-proliferating_intratumor_cellfrequency', 'Tumor proliferating_stromal_cellfrequency', 'CD4 T cells regulatory_tumorfront_cellfrequency', 'B cells_intratumor_cellfrequency', 'Myeloid M1 macrophages_intratumor_cellfrequency', 'Tumor non-proliferating_intratumor_area', 'CD4 T cells naive_stromal_area', 'CD4 T cells memory_stromal_area', 'Myeloid Monocytes_tumorfront_celldistance', 'Myeloid DCs_stromal_aggregatedNeighbors.Vessel']",10
Fold 15,"['Tumor non-proliferating_intratumor_cellfrequency', 'Myeloid M1 macrophages_intratumor_cellfrequency', 'CD4 T cells naive_stromal_area', 'Myeloid Monocytes_tumorfront_celldistance']",4
Fold 16,"['Tumor non-proliferating_intratumor_cellfrequency', 'B cells_stromal_CD44', 'CD8 T cells_intratumor_CD36', 'Myeloid Granulocytes_stromal_GranzymeB', 'B cells_stromal_area', 'CD8 T cells_intratumor_area', 'Vessel_tumorfront_eccentricity', 'CD8 T cells_intratumor_aggregatedNeighbors.CD8.T.cells']",8
Fold 17,"['Tumor non-proliferating_intratumor_cellfrequency', 'CD4 T cells naive_stromal_CD44', 'CD4 T cells memory_stromal_CD44', 'Myeloid Granulocytes_stromal_GranzymeB', 'CD4 T cells naive_stromal_area', 'CD4 T cells memory_stromal_area', 'CD8 T cells_intratumor_area', 'Myeloid Monocytes_tumorfront_celldistance']",8
Fold 18,"['Tumor non-proliferating_intratumor_cellfrequency', 'Tumor proliferating_stromal_cellfrequency', 'Myeloid Granulocytes_stromal_GranzymeB', 'Tumor non-proliferating_intratumor_area', 'Tumor proliferating_tumorfront_area', 'CD4 T cells naive_stromal_area', 'CD8 T cells_intratumor_area', 'Tumor non-proliferating_intratumor_eccentricity', 'Fibroblasts_tumorfront_eccentricity', 'Tumor non-proliferating_tumorfront_celldistance', 'Fibroblasts_tumorfront_celldistance', 'CD4 T cells naive_tumorfront_celldistance', 'Myeloid M1 macrophages_tumorfront_celldistance', 'Myeloid Monocytes_tumorfront_celldistance']",14
Fold 19,"['Tumor non-proliferating_intratumor_cellfrequency', 'Tumor proliferating_stromal_cellfrequency', 'Myeloid M1 macrophages_intratumor_cellfrequency', 'Tumor non-proliferating_intratumor_area', 'CD4 T cells naive_stromal_area', 'Tumor non-proliferating_tumorfront_celldistance', 'Myeloid Monocytes_tumorfront_aggregatedNeighbors.Tumor.non.proliferating']",7
Fold 20,"['Tumor non-proliferating_intratumor_cellfrequency', 'Tumor proliferating_stromal_cellfrequency', 'Tumor non-proliferating_intratumor_area', 'CD4 T cells memory_stromal_area', 'CD8 T cells_intratumor_area', 'Fibroblasts_stromal_eccentricity', 'Myeloid Monocytes_tumorfront_celldistance', 'Tumor non-proliferating_stromal_aggregatedNeighbors.Myeloid.Granulocytes', 'CD4 T cells naive_stromal_aggregatedNeighbors.Myeloid.M1.macrophages', 'CD8 T cells_intratumor_aggregatedNeighbors.CD8.T.cells', 'CD8 T cells_stromal_aggregatedNeighbors.Myeloid.M1.macrophages', 'Myeloid M2 macrophages_tumorfront_aggregatedNeighbors.Tumor.non.proliferating', 'Myeloid DCs_stromal_aggregatedNeighbors.Vessel', 'Myeloid DCs_tumorfront_aggregatedNeighbors.CD8.T.cells', 'Myeloid Monocytes_tumorfront_aggregatedNeighbors.CD8.T.cells', 'Myeloid Monocytes_tumorfront_aggregatedNeighbors.Myeloid.DCs']",16
Fold 21,"['Tumor non-proliferating_intratumor_cellfrequency', 'Tumor proliferating_stromal_cellfrequency', 'Vessel_tumorfront_cellfrequency', 'CD4 T cells regulatory_tumorfront_cellfrequency', 'Myeloid M1 macrophages_intratumor_cellfrequency']",5
Fold 22,"['Tumor non-proliferating_intratumor_cellfrequency', 'CD4 T cells naive_stromal_area', 'CD8 T cells_intratumor_area', 'Vessel_tumorfront_eccentricity', 'Myeloid Monocytes_tumorfront_celldistance', 'Tumor non-proliferating_stromal_aggregatedNeighbors.Myeloid.Granulocytes', 'Fibroblasts_tumorfront_aggregatedNeighbors.B.cells', 'CD4 T cells naive_stromal_aggregatedNeighbors.Myeloid.M1.macrophages', 'Myeloid M2 macrophages_tumorfront_aggregatedNeighbors.Tumor.non.proliferating', 'Myeloid Granulocytes_stromal_aggregatedNeighbors.B.cells', 'Myeloid DCs_stromal_aggregatedNeighbors.Vessel', 'Myeloid Monocytes_tumorfront_aggregatedNeighbors.Tumor.non.proliferating']",12
Fold 23,"['Tumor non-proliferating_intratumor_cellfrequency', 'Tumor non-proliferating_intratumor_area', 'CD4 T cells naive_stromal_area', 'CD4 T cells regulatory_tumorfront_area', 'CD8 T cells_intratumor_area', 'CD4 T cells regulatory_tumorfront_eccentricity', 'Myeloid M2 macrophages_stromal_eccentricity', 'Myeloid M1 macrophages_tumorfront_celldistance', 'Myeloid Monocytes_tumorfront_celldistance', 'Myeloid M1 macrophages_tumorfront_aggregatedNeighbors.CD4.T.cells.memory', 'Myeloid M2 macrophages_tumorfront_aggregatedNeighbors.Tumor.non.proliferating', 'Myeloid DCs_stromal_aggregatedNeighbors.Vessel']",12
Fold 24,"['Tumor non-proliferating_intratumor_cellfrequency', 'Tumor proliferating_tumorfront_cellfrequency', 'Fibroblasts_intratumor_cellfrequency', 'B cells_intratumor_cellfrequency', 'Myeloid M1 macrophages_tumorfront_cellfrequency', 'CD4 T cells naive_stromal_CD44', 'Myeloid Granulocytes_stromal_GranzymeB', 'Myeloid Granulocytes_stromal_Ki67', 'Tumor non-proliferating_intratumor_area', 'CD4 T cells naive_stromal_area', 'CD8 T cells_intratumor_area', 'Tumor non-proliferating_intratumor_eccentricity', 'Vessel_tumorfront_eccentricity', 'CD4 T cells memory_tumorfront_aggregatedNeighbors.Tumor.non.proliferating']",14
Fold 25,"['Tumor non-proliferating_intratumor_cellfrequency', 'CD8 T cells_tumorfront_cellfrequency', 'Myeloid M1 macrophages_intratumor_cellfrequency', 'Myeloid Granulocytes_stromal_Ki67', 'Tumor non-proliferating_intratumor_area', 'Myeloid M2 macrophages_tumorfront_aggregatedNeighbors.Tumor.non.proliferating', 'Myeloid Monocytes_tumorfront_aggregatedNeighbors.Tumor.non.proliferating']",7
Fold 26,"['Tumor non-proliferating_intratumor_cellfrequency', 'Vessel_tumorfront_cellfrequency', 'Myeloid M1 macrophages_intratumor_cellfrequency', 'Tumor non-proliferating_tumorfront_celldistance', 'Myeloid Monocytes_tumorfront_celldistance', 'Tumor non-proliferating_stromal_aggregatedNeighbors.Myeloid.Granulocytes', 'Myeloid M2 macrophages_tumorfront_aggregatedNeighbors.Tumor.non.proliferating']",7
Fold 27,"['Tumor non-proliferating_intratumor_cellfrequency', 'CD8 T cells_intratumor_CD36', 'Myeloid Granulocytes_stromal_Ki67', 'CD8 T cells_intratumor_area', 'CD8 T cells_intratumor_aggregatedNeighbors.CD8.T.cells', 'Myeloid M2 macrophages_tumorfront_aggregatedNeighbors.Tumor.non.proliferating']",6
Fold 28,"['Tumor non-proliferating_intratumor_cellfrequency', 'Tumor proliferating_stromal_cellfrequency', 'Tumor proliferating_tumorfront_cellfrequency', 'CD4 T cells regulatory_stromal_CD44', 'Tumor non-proliferating_intratumor_area', 'CD4 T cells naive_stromal_area', 'CD4 T cells naive_tumorfront_area', 'CD4 T cells memory_stromal_area', 'CD8 T cells_intratumor_area', 'Tumor non-proliferating_intratumor_eccentricity', 'Vessel_tumorfront_eccentricity', 'Tumor non-proliferating_tumorfront_celldistance', 'B cells_tumorfront_celldistance', 'Myeloid Monocytes_tumorfront_celldistance', 'Myeloid M1 macrophages_tumorfront_aggregatedNeighbors.CD4.T.cells.memory', 'Myeloid M2 macrophages_tumorfront_aggregatedNeighbors.Tumor.non.proliferating', 'Myeloid DCs_stromal_aggregatedNeighbors.Vessel', 'Myeloid Monocytes_tumorfront_aggregatedNeighbors.CD8.T.cells']",18
Fold 29,"['Tumor non-proliferating_intratumor_cellfrequency', 'Myeloid M1 macrophages_intratumor_cellfrequency', 'Tumor non-proliferating_intratumor_area', 'CD4 T cells memory_stromal_area', 'CD8 T cells_intratumor_area', 'Vessel_tumorfront_eccentricity', 'CD4 T cells regulatory_tumorfront_eccentricity', 'Tumor non-proliferating_tumorfront_celldistance', 'Myeloid Monocytes_tumorfront_celldistance', 'Vessel_tumorfront_aggregatedNeighbors.CD4.T.cells.memory', 'CD4 T cells regulatory_tumorfront_aggregatedNeighbors.Tumor.proliferating', 'Myeloid M2 macrophages_stromal_aggregatedNeighbors.Myeloid.Monocytes', 'Myeloid DCs_stromal_aggregatedNeighbors.Vessel', 'Myeloid DCs_tumorfront_aggregatedNeighbors.CD8.T.cells']",14
Fold 30,"['Tumor non-proliferating_intratumor_cellfrequency', 'Myeloid M1 macrophages_intratumor_cellfrequency', 'Tumor non-proliferating_intratumor_area', 'CD4 T cells naive_tumorfront_area', 'Vessel_tumorfront_eccentricity', 'Tumor non-proliferating_tumorfront_celldistance', 'Myeloid Monocytes_tumorfront_celldistance', 'Tumor non-proliferating_stromal_aggregatedNeighbors.Myeloid.Granulocytes', 'CD4 T cells naive_stromal_aggregatedNeighbors.Myeloid.M1.macrophages', 'Myeloid M2 macrophages_tumorfront_aggregatedNeighbors.Tumor.non.proliferating', 'Myeloid DCs_tumorfront_aggregatedNeighbors.Tumor.non.proliferating']",11
Fold 31,"['Tumor non-proliferating_intratumor_cellfrequency', 'Vessel_tumorfront_cellfrequency', 'CD4 T cells regulatory_tumorfront_cellfrequency', 'B cells_intratumor_cellfrequency', 'Myeloid M1 macrophages_intratumor_cellfrequency', 'Myeloid Granulocytes_stromal_GranzymeB', 'Myeloid DCs_stromal_CD44', 'Myeloid DCs_stromal_aggregatedNeighbors.Vessel', 'Myeloid Monocytes_tumorfront_aggregatedNeighbors.Tumor.non.proliferating']",9
Fold 32,"['Tumor non-proliferating_intratumor_cellfrequency', 'CD4 T cells memory_stromal_CD44', 'Myeloid Granulocytes_stromal_GranzymeB', 'Myeloid Granulocytes_stromal_Ki67', 'Myeloid Granulocytes_stromal_pERK', 'Tumor non-proliferating_intratumor_area', 'CD4 T cells naive_stromal_area', 'CD4 T cells memory_stromal_area', 'Tumor non-proliferating_intratumor_eccentricity', 'Vessel_tumorfront_eccentricity', 'Myeloid M2 macrophages_stromal_eccentricity', 'Tumor non-proliferating_tumorfront_celldistance', 'Myeloid Monocytes_tumorfront_celldistance', 'Tumor non-proliferating_stromal_aggregatedNeighbors.Myeloid.Granulocytes', 'CD4 T cells memory_stromal_aggregatedNeighbors.Myeloid.M1.macrophages', 'CD8 T cells_stromal_aggregatedNeighbors.Myeloid.M1.macrophages', 'Myeloid M2 macrophages_tumorfront_aggregatedNeighbors.Tumor.non.proliferating', 'Myeloid DCs_stromal_aggregatedNeighbors.Vessel', 'Myeloid Monocytes_tumorfront_aggregatedNeighbors.Tumor.non.proliferating']",19
Fold 33,"['Tumor non-proliferating_intratumor_cellfrequency', 'Tumor proliferating_stromal_cellfrequency', 'Myeloid M1 macrophages_intratumor_cellfrequency', 'CD4 T cells naive_stromal_CD44', 'Myeloid Granulocytes_stromal_GranzymeB', 'CD4 T cells naive_stromal_area', 'B cells_stromal_area', 'CD8 T cells_intratumor_area', 'Myeloid Monocytes_tumorfront_celldistance', 'CD8 T cells_intratumor_aggregatedNeighbors.CD8.T.cells', 'Myeloid M2 macrophages_tumorfront_aggregatedNeighbors.Tumor.non.proliferating', 'Myeloid Granulocytes_stromal_aggregatedNeighbors.B.cells', 'Myeloid Monocytes_tumorfront_aggregatedNeighbors.Tumor.non.proliferating']",13
Fold 34,"['Tumor non-proliferating_intratumor_cellfrequency', 'Tumor proliferating_stromal_cellfrequency', 'CD4 T cells memory_stromal_cellfrequency', 'Myeloid M1 macrophages_intratumor_cellfrequency', 'Tumor non-proliferating_intratumor_area', 'CD8 T cells_intratumor_area', 'Vessel_tumorfront_eccentricity', 'Myeloid Monocytes_tumorfront_celldistance']",8
Fold 35,"['Tumor non-proliferating_intratumor_cellfrequency', 'Tumor proliferating_stromal_cellfrequency', 'Tumor proliferating_tumorfront_cellfrequency', 'Tumor non-proliferating_stromal_pERK', 'Tumor proliferating_intratumor_CD36', 'Fibroblasts_tumorfront_pERK', 'CD4 T cells naive_stromal_CD44', 'CD4 T cells memory_stromal_CD44', 'CD4 T cells regulatory_stromal_CD44', 'CD4 T cells regulatory_tumorfront_pSTAT1', 'CD8 T cells_intratumor_pSTAT1', 'CD8 T cells_intratumor_CD36', 'Myeloid Granulocytes_stromal_GranzymeB', 'Myeloid Granulocytes_stromal_Ki67', 'Myeloid Granulocytes_stromal_pERK', 'Myeloid Monocytes_stromal_CD44', 'CD4 T cells naive_stromal_area', 'CD8 T cells_intratumor_area', 'Tumor non-proliferating_tumorfront_celldistance', 'CD8 T cells_intratumor_aggregatedNeighbors.CD8.T.cells']",20
Fold 36,"['Tumor non-proliferating_intratumor_cellfrequency', 'Tumor proliferating_stromal_cellfrequency', 'Vessel_tumorfront_cellfrequency', 'CD4 T cells regulatory_tumorfront_cellfrequency', 'Myeloid M1 macrophages_intratumor_cellfrequency', 'Myeloid M1 macrophages_tumorfront_cellfrequency', 'Tumor non-proliferating_intratumor_area', 'CD4 T cells naive_stromal_area', 'Vessel_tumorfront_eccentricity', 'Fibroblasts_stromal_eccentricity', 'Myeloid M2 macrophages_stromal_eccentricity', 'Tumor non-proliferating_tumorfront_celldistance', 'CD4 T cells naive_tumorfront_celldistance', 'Myeloid Monocytes_tumorfront_celldistance', 'Tumor non-proliferating_stromal_aggregatedNeighbors.Myeloid.Granulocytes', 'B cells_stromal_aggregatedNeighbors.Myeloid.M2.macrophages', 'CD8 T cells_stromal_aggregatedNeighbors.Myeloid.M1.macrophages', 'Myeloid M1 macrophages_tumorfront_aggregatedNeighbors.CD4.T.cells.regulatory', 'Myeloid M2 macrophages_tumorfront_aggregatedNeighbors.Tumor.non.proliferating', 'Myeloid DCs_stromal_aggregatedNeighbors.Vessel', 'Myeloid DCs_tumorfront_aggregatedNeighbors.CD8.T.cells']",21
Fold 37,"['Tumor non-proliferating_intratumor_cellfrequency', 'Myeloid M1 macrophages_intratumor_cellfrequency', 'Tumor non-proliferating_stromal_pERK', 'B cells_stromal_CD44', 'CD8 T cells_intratumor_CD36', 'Myeloid Granulocytes_stromal_Ki67', 'Myeloid DCs_stromal_CD44', 'Tumor non-proliferating_intratumor_area', 'Myeloid Monocytes_tumorfront_celldistance', 'Tumor non-proliferating_stromal_aggregatedNeighbors.Myeloid.Granulocytes', 'Myeloid M2 macrophages_tumorfront_aggregatedNeighbors.Tumor.non.proliferating', 'Myeloid Monocytes_tumorfront_aggregatedNeighbors.Tumor.non.proliferating']",12
Fold 38,"['Tumor non-proliferating_intratumor_cellfrequency', 'CD4 T cells regulatory_stromal_CD44', 'Tumor non-proliferating_intratumor_area', 'CD4 T cells memory_stromal_area', 'Myeloid Monocytes_tumorfront_celldistance', 'Myeloid M2 macrophages_tumorfront_aggregatedNeighbors.Tumor.non.proliferating']",6
Fold 39,"['Tumor non-proliferating_intratumor_cellfrequency', 'Tumor proliferating_stromal_cellfrequency', 'Tumor proliferating_tumorfront_cellfrequency', 'Vessel_stromal_cellfrequency', 'Fibroblasts_intratumor_cellfrequency', 'CD4 T cells regulatory_tumorfront_cellfrequency', 'B cells_intratumor_cellfrequency', 'Myeloid M1 macrophages_intratumor_cellfrequency', 'Myeloid M1 macrophages_stromal_cellfrequency', 'Myeloid M1 macrophages_tumorfront_cellfrequency', 'CD4 T cells naive_stromal_CD44', 'Myeloid Granulocytes_stromal_GranzymeB']",12
Fold 40,"['Tumor non-proliferating_intratumor_cellfrequency', 'Vessel_tumorfront_cellfrequency', 'B cells_intratumor_cellfrequency', 'Myeloid M1 macrophages_intratumor_cellfrequency', 'Fibroblasts_stromal_pERK', 'CD8 T cells_intratumor_CD36', 'Myeloid Granulocytes_stromal_Ki67', 'Tumor non-proliferating_intratumor_area', 'CD4 T cells naive_stromal_area', 'CD4 T cells naive_tumorfront_area', 'CD8 T cells_intratumor_area', 'Vessel_tumorfront_eccentricity', 'Myeloid Monocytes_tumorfront_celldistance']",13
Fold 41,"['Tumor non-proliferating_intratumor_cellfrequency', 'Myeloid Granulocytes_stromal_GranzymeB', 'Tumor non-proliferating_intratumor_area', 'CD4 T cells naive_stromal_area', 'CD8 T cells_intratumor_area', 'Vessel_tumorfront_eccentricity', 'Myeloid M2 macrophages_stromal_eccentricity', 'Tumor non-proliferating_tumorfront_celldistance', 'CD4 T cells naive_tumorfront_celldistance', 'Myeloid Monocytes_tumorfront_celldistance']",10
Fold 42,"['Tumor non-proliferating_intratumor_cellfrequency', 'CD4 T cells naive_stromal_area', 'Myeloid Monocytes_tumorfront_celldistance']",3
Fold 43,"['Tumor non-proliferating_intratumor_cellfrequency', 'Tumor proliferating_stromal_cellfrequency', 'Tumor proliferating_tumorfront_cellfrequency', 'B cells_intratumor_cellfrequency', 'Tumor non-proliferating_stromal_pERK', 'CD4 T cells naive_stromal_CD44', 'Myeloid Granulocytes_stromal_GranzymeB', 'Myeloid Granulocytes_stromal_Ki67', 'Tumor non-proliferating_intratumor_area', 'CD4 T cells naive_stromal_area', 'CD8 T cells_intratumor_area', 'CD8 T cells_tumorfront_area', 'Tumor non-proliferating_intratumor_eccentricity', 'Vessel_stromal_eccentricity', 'Vessel_tumorfront_eccentricity', 'Myeloid M2 macrophages_stromal_eccentricity', 'Myeloid M1 macrophages_tumorfront_celldistance', 'Myeloid Monocytes_tumorfront_celldistance']",18
Fold 44,"['Tumor non-proliferating_intratumor_cellfrequency', 'Myeloid M1 macrophages_intratumor_cellfrequency', 'CD4 T cells naive_stromal_area', 'B cells_stromal_area', 'CD4 T cells regulatory_stromal_aggregatedNeighbors.Vessel', 'CD8 T cells_intratumor_aggregatedNeighbors.CD8.T.cells', 'CD8 T cells_stromal_aggregatedNeighbors.Myeloid.M1.macrophages', 'Myeloid M2 macrophages_tumorfront_aggregatedNeighbors.Tumor.non.proliferating', 'Myeloid Monocytes_tumorfront_aggregatedNeighbors.Tumor.non.proliferating', 'Myeloid Monocytes_tumorfront_aggregatedNeighbors.CD8.T.cells']",10
Fold 45,"['Tumor non-proliferating_intratumor_cellfrequency', 'Tumor proliferating_stromal_cellfrequency', 'Myeloid M1 macrophages_intratumor_cellfrequency', 'CD4 T cells naive_stromal_CD44', 'Tumor non-proliferating_intratumor_area', 'Myeloid DCs_tumorfront_aggregatedNeighbors.CD8.T.cells', 'Myeloid Monocytes_tumorfront_aggregatedNeighbors.Tumor.non.proliferating']",7
Fold 46,"['Tumor non-proliferating_intratumor_cellfrequency', 'Tumor proliferating_stromal_cellfrequency', 'Vessel_tumorfront_cellfrequency', 'CD4 T cells memory_stromal_cellfrequency', 'CD4 T cells regulatory_tumorfront_cellfrequency', 'B cells_intratumor_cellfrequency', 'Myeloid M1 macrophages_intratumor_cellfrequency', 'Myeloid M1 macrophages_stromal_cellfrequency', 'Myeloid Granulocytes_stromal_cellfrequency', 'CD4 T cells memory_stromal_CD44', 'CD4 T cells regulatory_tumorfront_pSTAT1', 'Myeloid Granulocytes_stromal_GranzymeB', 'CD4 T cells memory_stromal_area', 'CD8 T cells_intratumor_area', 'Myeloid Monocytes_tumorfront_celldistance', 'CD4 T cells regulatory_tumorfront_aggregatedNeighbors.Tumor.proliferating', 'B cells_stromal_aggregatedNeighbors.Myeloid.M2.macrophages', 'Myeloid M2 macrophages_tumorfront_aggregatedNeighbors.Tumor.non.proliferating', 'Myeloid DCs_stromal_aggregatedNeighbors.Vessel']",19
Fold 47,"['Tumor non-proliferating_intratumor_cellfrequency', 'Tumor proliferating_stromal_cellfrequency', 'Vessel_tumorfront_cellfrequency', 'B cells_intratumor_cellfrequency', 'Myeloid M1 macrophages_intratumor_cellfrequency', 'CD4 T cells naive_stromal_area', 'CD4 T cells naive_tumorfront_area', 'CD8 T cells_intratumor_area', 'Vessel_tumorfront_eccentricity', 'Fibroblasts_stromal_eccentricity', 'Myeloid M2 macrophages_stromal_eccentricity', 'Myeloid M1 macrophages_tumorfront_celldistance', 'Myeloid Monocytes_tumorfront_celldistance']",13
Fold 48,"['Tumor non-proliferating_intratumor_cellfrequency', 'CD4 T cells naive_stromal_area', 'Tumor non-proliferating_intratumor_eccentricity', 'Vessel_tumorfront_eccentricity', 'Tumor non-proliferating_tumorfront_celldistance', 'Myeloid Monocytes_tumorfront_celldistance', 'CD8 T cells_intratumor_aggregatedNeighbors.CD8.T.cells', 'Myeloid Granulocytes_stromal_aggregatedNeighbors.B.cells']",8
Fold 49,"['Tumor non-proliferating_intratumor_cellfrequency', 'Vessel_tumorfront_eccentricity', 'B cells_tumorfront_celldistance', 'Myeloid M1 macrophages_tumorfront_celldistance', 'Myeloid Monocytes_tumorfront_celldistance', 'CD4 T cells memory_tumorfront_aggregatedNeighbors.Tumor.non.proliferating', 'Myeloid DCs_stromal_aggregatedNeighbors.Vessel']",7
Fold 50,"['Tumor non-proliferating_intratumor_cellfrequency', 'Vessel_tumorfront_cellfrequency', 'CD4 T cells memory_stromal_cellfrequency', 'Myeloid M1 macrophages_intratumor_cellfrequency', 'Tumor non-proliferating_intratumor_area', 'CD4 T cells naive_stromal_area', 'CD4 T cells memory_stromal_area', 'Myeloid Monocytes_tumorfront_celldistance', 'Tumor non-proliferating_stromal_aggregatedNeighbors.Myeloid.Granulocytes', 'Tumor proliferating_tumorfront_aggregatedNeighbors.Vessel', 'CD4 T cells naive_stromal_aggregatedNeighbors.Myeloid.M1.macrophages', 'B cells_stromal_aggregatedNeighbors.Myeloid.M2.macrophages', 'Myeloid M1 macrophages_tumorfront_aggregatedNeighbors.CD4.T.cells.memory', 'Myeloid M2 macrophages_tumorfront_aggregatedNeighbors.Tumor.non.proliferating', 'Myeloid Monocytes_tumorfront_aggregatedNeighbors.Tumor.non.proliferating']",15
Fold 51,"['Tumor non-proliferating_intratumor_cellfrequency', 'Myeloid Granulocytes_stromal_GranzymeB', 'CD4 T cells naive_stromal_area', 'CD8 T cells_intratumor_area']",4
Fold 52,"['Tumor non-proliferating_intratumor_cellfrequency', 'Tumor proliferating_stromal_cellfrequency', 'Vessel_intratumor_cellfrequency', 'Myeloid M1 macrophages_intratumor_cellfrequency', 'CD4 T cells naive_stromal_CD44', 'Myeloid Granulocytes_stromal_Ki67', 'Myeloid Granulocytes_stromal_pERK', 'Tumor non-proliferating_intratumor_area', 'CD4 T cells naive_stromal_area', 'CD8 T cells_intratumor_area', 'Tumor proliferating_intratumor_eccentricity', 'Vessel_tumorfront_eccentricity', 'Tumor non-proliferating_tumorfront_celldistance', 'CD4 T cells naive_tumorfront_aggregatedNeighbors.CD8.T.cells', 'Myeloid DCs_stromal_aggregatedNeighbors.Vessel']",15
Fold 53,"['Tumor non-proliferating_intratumor_cellfrequency', 'Tumor non-proliferating_stromal_pERK', 'CD4 T cells memory_stromal_CD44', 'Myeloid Granulocytes_stromal_GranzymeB', 'Myeloid Granulocytes_stromal_Ki67', 'Tumor non-proliferating_tumorfront_celldistance', 'Myeloid Monocytes_tumorfront_celldistance', 'Tumor non-proliferating_stromal_aggregatedNeighbors.Myeloid.Granulocytes', 'Myeloid M2 macrophages_tumorfront_aggregatedNeighbors.Tumor.non.proliferating', 'Myeloid DCs_stromal_aggregatedNeighbors.Vessel', 'Myeloid Monocytes_tumorfront_aggregatedNeighbors.Tumor.non.proliferating']",11
Fold 54,"['Tumor non-proliferating_intratumor_cellfrequency', 'Tumor non-proliferating_stromal_cellfrequency', 'Tumor proliferating_stromal_cellfrequency', 'Vessel_stromal_cellfrequency', 'Vessel_tumorfront_cellfrequency', 'CD4 T cells memory_stromal_cellfrequency', 'CD4 T cells regulatory_tumorfront_cellfrequency', 'Myeloid M1 macrophages_intratumor_cellfrequency', 'Myeloid M1 macrophages_tumorfront_cellfrequency', 'CD4 T cells regulatory_stromal_CD44', 'Myeloid Granulocytes_stromal_GranzymeB', 'Tumor non-proliferating_intratumor_area', 'CD4 T cells naive_stromal_area', 'CD8 T cells_intratumor_area', 'Vessel_tumorfront_eccentricity', 'Myeloid M2 macrophages_stromal_eccentricity', 'Tumor non-proliferating_tumorfront_celldistance', 'Myeloid Monocytes_tumorfront_celldistance', 'CD4 T cells naive_stromal_aggregatedNeighbors.Myeloid.M1.macrophages', 'CD8 T cells_intratumor_aggregatedNeighbors.CD8.T.cells', 'Myeloid M1 macrophages_tumorfront_aggregatedNeighbors.Tumor.non.proliferating', 'Myeloid DCs_stromal_aggregatedNeighbors.Vessel', 'Myeloid DCs_tumorfront_aggregatedNeighbors.CD4.T.cells.memory', 'Myeloid Monocytes_tumorfront_aggregatedNeighbors.Tumor.non.proliferating']",24
Fold 55,"['Tumor non-proliferating_intratumor_cellfrequency', 'Vessel_tumorfront_cellfrequency', 'Myeloid M1 macrophages_intratumor_cellfrequency', 'Tumor non-proliferating_intratumor_area', 'CD4 T cells naive_stromal_area', 'CD4 T cells memory_stromal_area', 'Tumor non-proliferating_intratumor_eccentricity', 'Vessel_tumorfront_eccentricity', 'Tumor non-proliferating_tumorfront_celldistance', 'Myeloid M1 macrophages_tumorfront_celldistance', 'Myeloid Monocytes_tumorfront_celldistance', 'CD4 T cells naive_stromal_aggregatedNeighbors.Myeloid.M1.macrophages']",12
Fold 56,"['Tumor non-proliferating_intratumor_cellfrequency', 'Myeloid M1 macrophages_intratumor_cellfrequency', 'CD4 T cells naive_stromal_area', 'CD8 T cells_intratumor_area', 'Tumor non-proliferating_intratumor_eccentricity', 'Tumor non-proliferating_stromal_eccentricity', 'CD4 T cells naive_stromal_eccentricity', 'Myeloid Monocytes_stromal_eccentricity', 'Tumor non-proliferating_tumorfront_celldistance', 'Myeloid Monocytes_tumorfront_celldistance', 'Tumor non-proliferating_stromal_aggregatedNeighbors.Myeloid.Granulocytes', 'Tumor proliferating_tumorfront_aggregatedNeighbors.Vessel', 'CD4 T cells naive_tumorfront_aggregatedNeighbors.CD8.T.cells', 'B cells_stromal_aggregatedNeighbors.Myeloid.M2.macrophages', 'CD8 T cells_intratumor_aggregatedNeighbors.CD8.T.cells', 'Myeloid M2 macrophages_tumorfront_aggregatedNeighbors.Tumor.non.proliferating', 'Myeloid DCs_stromal_aggregatedNeighbors.Vessel', 'Myeloid Monocytes_tumorfront_aggregatedNeighbors.Tumor.non.proliferating']",18
Fold 57,"['Tumor non-proliferating_intratumor_cellfrequency', 'Tumor proliferating_stromal_cellfrequency', 'Tumor proliferating_tumorfront_cellfrequency', 'Fibroblasts_intratumor_cellfrequency', 'CD4 T cells memory_stromal_cellfrequency', 'Myeloid M1 macrophages_intratumor_cellfrequency', 'CD4 T cells naive_stromal_CD44', 'Myeloid Granulocytes_stromal_GranzymeB', 'Myeloid Granulocytes_stromal_Ki67', 'CD4 T cells naive_stromal_area', 'CD8 T cells_intratumor_area', 'Tumor non-proliferating_intratumor_eccentricity', 'Vessel_tumorfront_eccentricity', 'Myeloid M2 macrophages_tumorfront_aggregatedNeighbors.Tumor.non.proliferating', 'Myeloid DCs_tumorfront_aggregatedNeighbors.CD8.T.cells']",15
Fold 58,"['Tumor non-proliferating_intratumor_cellfrequency', 'Vessel_tumorfront_cellfrequency', 'Myeloid M1 macrophages_intratumor_cellfrequency', 'Vessel_tumorfront_eccentricity', 'Myeloid Monocytes_tumorfront_celldistance']",5
Fold 59,"['Tumor non-proliferating_intratumor_cellfrequency', 'Tumor proliferating_stromal_cellfrequency', 'Tumor proliferating_tumorfront_cellfrequency', 'Myeloid M1 macrophages_intratumor_cellfrequency', 'Myeloid Granulocytes_stromal_GranzymeB', 'CD4 T cells naive_stromal_area', 'CD8 T cells_intratumor_area', 'Vessel_stromal_eccentricity', 'Vessel_tumorfront_eccentricity', 'Myeloid M2 macrophages_stromal_eccentricity', 'Tumor non-proliferating_tumorfront_celldistance']",11
Fold 60,"['Tumor non-proliferating_intratumor_cellfrequency', 'Myeloid M1 macrophages_intratumor_cellfrequency', 'Tumor non-proliferating_intratumor_area', 'CD4 T cells naive_stromal_area', 'Tumor non-proliferating_intratumor_eccentricity', 'CD4 T cells naive_tumorfront_celldistance', 'Myeloid M1 macrophages_tumorfront_aggregatedNeighbors.Tumor.non.proliferating', 'Myeloid M2 macrophages_tumorfront_aggregatedNeighbors.Tumor.non.proliferating', 'Myeloid M2 macrophages_tumorfront_aggregatedNeighbors.CD8.T.cells', 'Myeloid DCs_stromal_aggregatedNeighbors.Vessel', 'Myeloid DCs_tumorfront_aggregatedNeighbors.CD8.T.cells', 'Myeloid Monocytes_tumorfront_aggregatedNeighbors.Tumor.non.proliferating']",12
Fold 61,"['Tumor non-proliferating_intratumor_cellfrequency', 'Tumor proliferating_stromal_cellfrequency', 'Tumor proliferating_tumorfront_cellfrequency', 'Vessel_intratumor_cellfrequency', 'CD4 T cells regulatory_tumorfront_cellfrequency', 'Myeloid M1 macrophages_intratumor_cellfrequency', 'CD8 T cells_intratumor_area', 'Vessel_tumorfront_eccentricity']",8
Fold 62,"['Tumor non-proliferating_intratumor_cellfrequency', 'Tumor proliferating_stromal_cellfrequency', 'Myeloid M1 macrophages_intratumor_cellfrequency', 'Tumor non-proliferating_intratumor_area', 'CD4 T cells naive_stromal_area', 'CD4 T cells memory_stromal_area', 'CD8 T cells_intratumor_area', 'Vessel_tumorfront_eccentricity', 'CD4 T cells regulatory_tumorfront_eccentricity', 'Myeloid M2 macrophages_stromal_eccentricity', 'B cells_tumorfront_celldistance', 'Myeloid Monocytes_tumorfront_celldistance', 'B cells_stromal_aggregatedNeighbors.Myeloid.M2.macrophages', 'Myeloid M2 macrophages_tumorfront_aggregatedNeighbors.Tumor.non.proliferating']",14
Fold 63,"['Tumor non-proliferating_intratumor_cellfrequency', 'Tumor proliferating_stromal_cellfrequency', 'Vessel_tumorfront_cellfrequency', 'Myeloid M1 macrophages_intratumor_cellfrequency', 'Tumor non-proliferating_intratumor_area', 'Tumor non-proliferating_tumorfront_celldistance', 'Myeloid Monocytes_tumorfront_celldistance', 'Tumor non-proliferating_stromal_aggregatedNeighbors.Myeloid.Granulocytes', 'Vessel_stromal_aggregatedNeighbors.Vessel', 'CD4 T cells memory_stromal_aggregatedNeighbors.Myeloid.M1.macrophages', 'CD4 T cells regulatory_tumorfront_aggregatedNeighbors.Tumor.proliferating', 'CD8 T cells_stromal_aggregatedNeighbors.Myeloid.M1.macrophages', 'Myeloid M2 macrophages_tumorfront_aggregatedNeighbors.Tumor.non.proliferating', 'Myeloid M2 macrophages_tumorfront_aggregatedNeighbors.CD8.T.cells', 'Myeloid Granulocytes_tumorfront_aggregatedNeighbors.CD4.T.cells.memory', 'Myeloid Monocytes_tumorfront_aggregatedNeighbors.Tumor.non.proliferating', 'Myeloid Monocytes_tumorfront_aggregatedNeighbors.Myeloid.DCs']",17
Fold 64,"['Tumor non-proliferating_intratumor_cellfrequency', 'CD4 T cells naive_stromal_CD44', 'Myeloid Granulocytes_stromal_Ki67', 'Tumor non-proliferating_stromal_aggregatedNeighbors.Myeloid.Granulocytes', 'Myeloid Monocytes_tumorfront_aggregatedNeighbors.Tumor.non.proliferating']",5
Fold 65,"['Tumor non-proliferating_intratumor_cellfrequency', 'Myeloid M1 macrophages_intratumor_cellfrequency', 'Tumor non-proliferating_stromal_pERK', 'CD4 T cells naive_stromal_CD44', 'CD4 T cells naive_stromal_area', 'CD8 T cells_intratumor_area', 'Vessel_tumorfront_eccentricity', 'Myeloid M2 macrophages_stromal_eccentricity', 'Myeloid Monocytes_tumorfront_celldistance']",9
Fold 66,"['Tumor non-proliferating_intratumor_cellfrequency', 'Tumor proliferating_stromal_cellfrequency', 'Tumor proliferating_tumorfront_cellfrequency', 'Vessel_tumorfront_cellfrequency', 'CD4 T cells regulatory_tumorfront_cellfrequency', 'Myeloid M1 macrophages_intratumor_cellfrequency', 'Myeloid M1 macrophages_stromal_cellfrequency', 'Myeloid M2 macrophages_stromal_cellfrequency', 'Myeloid Granulocytes_stromal_cellfrequency', 'CD8 T cells_intratumor_area', 'Vessel_tumorfront_eccentricity', 'Myeloid Monocytes_tumorfront_celldistance', 'Tumor non-proliferating_stromal_aggregatedNeighbors.Myeloid.Granulocytes', 'Tumor non-proliferating_stromal_aggregatedNeighbors.Myeloid.Monocytes', 'Fibroblasts_tumorfront_aggregatedNeighbors.Myeloid.M1.macrophages', 'CD4 T cells naive_stromal_aggregatedNeighbors.Myeloid.M1.macrophages', 'CD4 T cells naive_tumorfront_aggregatedNeighbors.CD8.T.cells', 'CD4 T cells memory_stromal_aggregatedNeighbors.Myeloid.M1.macrophages', 'CD4 T cells regulatory_stromal_aggregatedNeighbors.Vessel', 'CD8 T cells_stromal_aggregatedNeighbors.Myeloid.M1.macrophages', 'Myeloid M2 macrophages_tumorfront_aggregatedNeighbors.Tumor.non.proliferating', 'Myeloid M2 macrophages_tumorfront_aggregatedNeighbors.CD8.T.cells', 'Myeloid DCs_stromal_aggregatedNeighbors.Vessel', 'Myeloid Monocytes_tumorfront_aggregatedNeighbors.CD8.T.cells']",24
Fold 67,"['Tumor non-proliferating_intratumor_cellfrequency', 'CD4 T cells naive_stromal_area', 'Tumor non-proliferating_tumorfront_celldistance', 'Myeloid Monocytes_tumorfront_celldistance', 'Myeloid M2 macrophages_tumorfront_aggregatedNeighbors.Tumor.non.proliferating', 'Myeloid DCs_stromal_aggregatedNeighbors.Vessel']",6
Fold 68,"['Tumor non-proliferating_intratumor_cellfrequency', 'CD4 T cells memory_tumorfront_cellfrequency', 'Myeloid M1 macrophages_intratumor_cellfrequency', 'CD4 T cells naive_stromal_area', 'Vessel_tumorfront_eccentricity', 'Tumor non-proliferating_tumorfront_celldistance', 'Myeloid M1 macrophages_tumorfront_aggregatedNeighbors.CD4.T.cells.memory', 'Myeloid Monocytes_tumorfront_aggregatedNeighbors.Tumor.non.proliferating']",8
Fold 69,"['Tumor non-proliferating_intratumor_cellfrequency', 'Tumor proliferating_stromal_cellfrequency', 'Tumor proliferating_tumorfront_cellfrequency', 'Fibroblasts_tumorfront_cellfrequency', 'B cells_intratumor_cellfrequency', 'Myeloid M1 macrophages_intratumor_cellfrequency', 'CD4 T cells naive_stromal_CD44', 'Myeloid Granulocytes_stromal_GranzymeB', 'Myeloid Granulocytes_stromal_Ki67', 'Myeloid Granulocytes_stromal_pERK', 'Tumor non-proliferating_intratumor_area', 'CD4 T cells naive_stromal_area', 'CD4 T cells memory_stromal_area', 'Myeloid Monocytes_tumorfront_celldistance']",14
Fold 70,"['Tumor non-proliferating_intratumor_cellfrequency', 'Tumor proliferating_stromal_cellfrequency', 'Tumor proliferating_tumorfront_cellfrequency', 'Vessel_tumorfront_cellfrequency', 'Myeloid M1 macrophages_intratumor_cellfrequency', 'CD4 T cells memory_stromal_CD44', 'Myeloid Granulocytes_stromal_GranzymeB', 'Myeloid Granulocytes_stromal_Ki67', 'CD8 T cells_intratumor_aggregatedNeighbors.CD8.T.cells', 'Myeloid M2 macrophages_tumorfront_aggregatedNeighbors.Tumor.non.proliferating']",10
Fold 71,"['Tumor non-proliferating_intratumor_cellfrequency', 'Tumor proliferating_stromal_cellfrequency', 'CD4 T cells regulatory_tumorfront_cellfrequency']",3
Fold 72,"['Tumor non-proliferating_intratumor_cellfrequency', 'Tumor proliferating_stromal_cellfrequency', 'Tumor proliferating_tumorfront_cellfrequency', 'Vessel_tumorfront_cellfrequency', 'Tumor non-proliferating_intratumor_area', 'CD4 T cells naive_stromal_area', 'CD8 T cells_intratumor_area', 'Myeloid Monocytes_tumorfront_celldistance', 'Tumor non-proliferating_stromal_aggregatedNeighbors.Myeloid.Granulocytes', 'CD4 T cells memory_tumorfront_aggregatedNeighbors.Tumor.non.proliferating', 'Myeloid Monocytes_tumorfront_aggregatedNeighbors.Tumor.non.proliferating']",11
Fold 73,"['Tumor non-proliferating_intratumor_cellfrequency', 'CD8 T cells_tumorfront_cellfrequency', 'Myeloid M1 macrophages_intratumor_cellfrequency', 'Tumor non-proliferating_stromal_pERK', 'CD4 T cells regulatory_tumorfront_pSTAT1', 'Myeloid Granulocytes_stromal_GranzymeB', 'Myeloid DCs_stromal_CD44', 'Tumor non-proliferating_intratumor_area', 'CD4 T cells naive_stromal_area', 'CD4 T cells memory_stromal_area', 'Vessel_tumorfront_eccentricity', 'Tumor non-proliferating_tumorfront_celldistance', 'Myeloid M1 macrophages_tumorfront_celldistance', 'Myeloid Monocytes_tumorfront_celldistance']",14
Fold 74,"['Tumor non-proliferating_intratumor_cellfrequency', 'Myeloid M1 macrophages_intratumor_cellfrequency', 'CD4 T cells naive_stromal_area', 'Myeloid Monocytes_tumorfront_celldistance', 'Myeloid DCs_stromal_aggregatedNeighbors.Vessel']",5
Fold 75,"['Tumor non-proliferating_intratumor_cellfrequency', 'Tumor proliferating_stromal_cellfrequency', 'Tumor non-proliferating_intratumor_area', 'Tumor proliferating_tumorfront_area', 'CD4 T cells naive_stromal_area', 'CD4 T cells memory_stromal_area', 'CD8 T cells_intratumor_area', 'Tumor non-proliferating_intratumor_eccentricity', 'Vessel_tumorfront_eccentricity', 'Tumor non-proliferating_tumorfront_celldistance', 'Myeloid Monocytes_tumorfront_celldistance', 'Tumor non-proliferating_stromal_aggregatedNeighbors.Myeloid.Granulocytes', 'CD4 T cells naive_stromal_aggregatedNeighbors.Myeloid.M1.macrophages', 'B cells_stromal_aggregatedNeighbors.Myeloid.M2.macrophages', 'Myeloid M2 macrophages_tumorfront_aggregatedNeighbors.Tumor.non.proliferating', 'Myeloid DCs_stromal_aggregatedNeighbors.Vessel', 'Myeloid Monocytes_tumorfront_aggregatedNeighbors.Tumor.non.proliferating']",17
Fold 76,"['Tumor non-proliferating_intratumor_cellfrequency', 'Tumor proliferating_stromal_cellfrequency', 'Tumor proliferating_tumorfront_cellfrequency', 'Vessel_tumorfront_cellfrequency', 'CD4 T cells naive_stromal_cellfrequency', 'Myeloid M1 macrophages_intratumor_cellfrequency', 'CD4 T cells naive_stromal_CD44', 'CD4 T cells naive_stromal_area', 'Tumor non-proliferating_stromal_aggregatedNeighbors.Myeloid.Granulocytes', 'Myeloid M2 macrophages_tumorfront_aggregatedNeighbors.Tumor.non.proliferating']",10
Fold 77,"['Tumor non-proliferating_intratumor_cellfrequency', 'Tumor proliferating_stromal_cellfrequency', 'CD4 T cells regulatory_tumorfront_cellfrequency', 'Myeloid M1 macrophages_tumorfront_cellfrequency', 'CD4 T cells regulatory_stromal_CD44', 'Myeloid Granulocytes_stromal_GranzymeB', 'Myeloid Granulocytes_stromal_pERK', 'Myeloid DCs_stromal_CD44', 'Tumor proliferating_tumorfront_area', 'CD4 T cells naive_stromal_area', 'CD8 T cells_intratumor_area', 'Tumor non-proliferating_intratumor_eccentricity', 'Myeloid M2 macrophages_stromal_eccentricity', 'Tumor non-proliferating_tumorfront_celldistance', 'B cells_tumorfront_celldistance', 'Myeloid M1 macrophages_tumorfront_celldistance', 'Myeloid Monocytes_tumorfront_celldistance', 'CD4 T cells memory_stromal_aggregatedNeighbors.Myeloid.M1.macrophages', 'CD4 T cells memory_tumorfront_aggregatedNeighbors.Tumor.non.proliferating', 'CD4 T cells regulatory_stromal_aggregatedNeighbors.Vessel', 'CD8 T cells_stromal_aggregatedNeighbors.Myeloid.M1.macrophages', 'Myeloid M1 macrophages_tumorfront_aggregatedNeighbors.CD4.T.cells.memory', 'Myeloid M2 macrophages_tumorfront_aggregatedNeighbors.Tumor.non.proliferating', 'Myeloid Monocytes_tumorfront_aggregatedNeighbors.Tumor.non.proliferating', 'Myeloid Monocytes_tumorfront_aggregatedNeighbors.CD8.T.cells']",25
Fold 78,"['Tumor non-proliferating_intratumor_cellfrequency', 'Myeloid M1 macrophages_intratumor_cellfrequency', 'Myeloid M2 macrophages_tumorfront_aggregatedNeighbors.Tumor.non.proliferating', 'Myeloid DCs_stromal_aggregatedNeighbors.Vessel', 'Myeloid DCs_tumorfront_aggregatedNeighbors.CD8.T.cells']",5
Fold 79,"['Tumor non-proliferating_intratumor_cellfrequency', 'Tumor non-proliferating_intratumor_area', 'CD4 T cells naive_stromal_area', 'CD8 T cells_intratumor_area', 'Tumor proliferating_intratumor_eccentricity', 'Vessel_tumorfront_eccentricity', 'CD4 T cells regulatory_tumorfront_eccentricity', 'Vessel_tumorfront_celldistance', 'B cells_tumorfront_celldistance', 'Myeloid Monocytes_tumorfront_celldistance']",10
Fold 80,"['Tumor non-proliferating_intratumor_cellfrequency', 'Tumor proliferating_tumorfront_cellfrequency', 'Vessel_tumorfront_cellfrequency', 'CD4 T cells memory_stromal_cellfrequency', 'B cells_intratumor_cellfrequency', 'Myeloid M1 macrophages_intratumor_cellfrequency', 'Myeloid M2 macrophages_stromal_cellfrequency', 'CD4 T cells naive_stromal_CD44', 'Myeloid Granulocytes_stromal_GranzymeB', 'Tumor non-proliferating_intratumor_area', 'CD4 T cells naive_stromal_area', 'CD4 T cells memory_stromal_area', 'CD8 T cells_intratumor_area', 'Tumor non-proliferating_intratumor_eccentricity', 'Tumor non-proliferating_tumorfront_eccentricity', 'Vessel_tumorfront_eccentricity', 'CD4 T cells regulatory_tumorfront_eccentricity', 'Myeloid M2 macrophages_stromal_eccentricity', 'Tumor non-proliferating_tumorfront_celldistance', 'CD4 T cells naive_tumorfront_celldistance', 'CD4 T cells memory_tumorfront_celldistance', 'Myeloid M1 macrophages_tumorfront_celldistance', 'Myeloid Monocytes_tumorfront_celldistance', 'Tumor non-proliferating_stromal_aggregatedNeighbors.CD8.T.cells', 'Tumor non-proliferating_stromal_aggregatedNeighbors.Myeloid.Granulocytes', 'Tumor proliferating_tumorfront_aggregatedNeighbors.CD4.T.cells.regulatory', 'CD4 T cells naive_stromal_aggregatedNeighbors.Myeloid.M1.macrophages', 'CD4 T cells naive_tumorfront_aggregatedNeighbors.CD8.T.cells', 'CD4 T cells naive_tumorfront_aggregatedNeighbors.Myeloid.M1.macrophages', 'CD4 T cells memory_tumorfront_aggregatedNeighbors.Tumor.non.proliferating', 'CD4 T cells regulatory_stromal_aggregatedNeighbors.Vessel', 'CD4 T cells regulatory_tumorfront_aggregatedNeighbors.CD8.T.cells', 'B cells_stromal_aggregatedNeighbors.Myeloid.M2.macrophages', 'CD8 T cells_stromal_aggregatedNeighbors.Vessel', 'CD8 T cells_tumorfront_aggregatedNeighbors.Myeloid.DCs', 'Myeloid M1 macrophages_tumorfront_aggregatedNeighbors.CD4.T.cells.memory', 'Myeloid M2 macrophages_tumorfront_aggregatedNeighbors.Tumor.non.proliferating', 'Myeloid M2 macrophages_tumorfront_aggregatedNeighbors.CD4.T.cells.naive', 'Myeloid M2 macrophages_tumorfront_aggregatedNeighbors.CD8.T.cells', 'Myeloid DCs_stromal_aggregatedNeighbors.Vessel', 'Myeloid DCs_tumorfront_aggregatedNeighbors.CD8.T.cells', 'Myeloid Monocytes_stromal_aggregatedNeighbors.CD4.T.cells.memory', 'Myeloid Monocytes_tumorfront_aggregatedNeighbors.Tumor.non.proliferating', 'Myeloid Monocytes_tumorfront_aggregatedNeighbors.CD8.T.cells']",44
Fold 81,"['Tumor non-proliferating_intratumor_cellfrequency', 'Tumor proliferating_stromal_cellfrequency', 'Myeloid M1 macrophages_intratumor_cellfrequency', 'Fibroblasts_tumorfront_pERK', 'CD4 T cells regulatory_stromal_CD44', 'Myeloid Granulocytes_stromal_Ki67', 'Myeloid Granulocytes_tumorfront_Ki67', 'B cells_stromal_aggregatedNeighbors.Myeloid.M2.macrophages', 'Myeloid Monocytes_tumorfront_aggregatedNeighbors.CD8.T.cells']",9
Fold 82,"['Tumor non-proliferating_intratumor_cellfrequency', 'Tumor proliferating_stromal_cellfrequency', 'Vessel_tumorfront_cellfrequency', 'CD4 T cells regulatory_tumorfront_cellfrequency', 'Myeloid M1 macrophages_intratumor_cellfrequency', 'Tumor non-proliferating_intratumor_area', 'Vessel_tumorfront_eccentricity', 'Tumor non-proliferating_tumorfront_celldistance']",8
Fold 83,"['Tumor non-proliferating_intratumor_cellfrequency', 'Tumor proliferating_stromal_cellfrequency', 'Vessel_tumorfront_cellfrequency', 'CD4 T cells naive_stromal_area', 'CD8 T cells_intratumor_area', 'Vessel_tumorfront_eccentricity', 'Myeloid Monocytes_tumorfront_celldistance', 'Myeloid Monocytes_tumorfront_aggregatedNeighbors.Tumor.non.proliferating']",8
Fold 84,"['Tumor non-proliferating_intratumor_cellfrequency', 'Myeloid M1 macrophages_intratumor_cellfrequency', 'CD8 T cells_intratumor_area', 'Myeloid Monocytes_tumorfront_celldistance']",4
Fold 85,"['Tumor non-proliferating_intratumor_cellfrequency', 'Tumor proliferating_stromal_cellfrequency', 'Tumor non-proliferating_intratumor_CD44', 'CD4 T cells naive_stromal_CD44', 'B cells_stromal_CD44', 'Myeloid M1 macrophages_stromal_pERK', 'Myeloid Granulocytes_stromal_GranzymeB', 'Myeloid Granulocytes_stromal_Ki67', 'Myeloid Granulocytes_stromal_pERK', 'Myeloid DCs_stromal_CD44', 'CD4 T cells naive_stromal_area']",11
Fold 86,"['Tumor non-proliferating_intratumor_cellfrequency', 'Tumor proliferating_stromal_cellfrequency', 'Tumor proliferating_tumorfront_cellfrequency', 'CD4 T cells regulatory_tumorfront_cellfrequency', 'B cells_intratumor_cellfrequency', 'Myeloid M1 macrophages_intratumor_cellfrequency', 'Tumor non-proliferating_intratumor_area', 'CD4 T cells naive_stromal_area', 'CD4 T cells naive_tumorfront_area', 'CD8 T cells_intratumor_area', 'Tumor non-proliferating_intratumor_eccentricity', 'Vessel_tumorfront_eccentricity', 'CD4 T cells naive_stromal_eccentricity', 'B cells_tumorfront_celldistance', 'Myeloid M1 macrophages_tumorfront_aggregatedNeighbors.CD4.T.cells.memory', 'Myeloid M2 macrophages_tumorfront_aggregatedNeighbors.Tumor.non.proliferating', 'Myeloid DCs_stromal_aggregatedNeighbors.Vessel', 'Myeloid DCs_tumorfront_aggregatedNeighbors.CD8.T.cells']",18
Fold 87,"['Tumor non-proliferating_intratumor_cellfrequency', 'Myeloid M1 macrophages_intratumor_cellfrequency', 'Tumor non-proliferating_intratumor_area', 'Vessel_tumorfront_eccentricity']",4
Fold 88,"['Tumor non-proliferating_intratumor_cellfrequency', 'Tumor proliferating_tumorfront_cellfrequency', 'Vessel_tumorfront_cellfrequency', 'Myeloid Granulocytes_stromal_Ki67', 'Tumor non-proliferating_stromal_aggregatedNeighbors.Myeloid.Granulocytes', 'Tumor non-proliferating_tumorfront_aggregatedNeighbors.Tumor.proliferating', 'Tumor proliferating_tumorfront_aggregatedNeighbors.Myeloid.DCs', 'CD4 T cells memory_stromal_aggregatedNeighbors.Myeloid.M1.macrophages', 'CD4 T cells memory_tumorfront_aggregatedNeighbors.Tumor.non.proliferating', 'CD4 T cells regulatory_stromal_aggregatedNeighbors.Vessel', 'B cells_stromal_aggregatedNeighbors.Myeloid.M2.macrophages', 'CD8 T cells_intratumor_aggregatedNeighbors.CD8.T.cells', 'CD8 T cells_stromal_aggregatedNeighbors.Vessel', 'Myeloid M2 macrophages_tumorfront_aggregatedNeighbors.Tumor.non.proliferating', 'Myeloid M2 macrophages_tumorfront_aggregatedNeighbors.Vessel', 'Myeloid Granulocytes_stromal_aggregatedNeighbors.B.cells', 'Myeloid Granulocytes_tumorfront_aggregatedNeighbors.Myeloid.DCs', 'Myeloid DCs_stromal_aggregatedNeighbors.Vessel', 'Myeloid DCs_tumorfront_aggregatedNeighbors.Myeloid.M1.macrophages', 'Myeloid Monocytes_tumorfront_aggregatedNeighbors.Tumor.non.proliferating', 'Myeloid Monocytes_tumorfront_aggregatedNeighbors.CD8.T.cells']",21
Fold 89,"['Tumor non-proliferating_intratumor_cellfrequency', 'Tumor proliferating_stromal_cellfrequency', 'CD4 T cells regulatory_stromal_CD44', 'CD8 T cells_intratumor_CD36', 'Myeloid Granulocytes_stromal_GranzymeB', 'CD8 T cells_intratumor_area', 'Vessel_tumorfront_eccentricity', 'Tumor non-proliferating_tumorfront_celldistance', 'Myeloid Monocytes_tumorfront_celldistance']",9
Fold 90,"['Tumor non-proliferating_intratumor_cellfrequency', 'Vessel_tumorfront_cellfrequency', 'Myeloid M1 macrophages_intratumor_cellfrequency', 'CD4 T cells memory_stromal_CD44', 'CD8 T cells_intratumor_CD36', 'Myeloid Granulocytes_stromal_Ki67', 'Myeloid DCs_stromal_CD44', 'CD4 T cells naive_stromal_area', 'Vessel_tumorfront_eccentricity', 'Tumor non-proliferating_tumorfront_celldistance']",10
Fold 91,"['Tumor non-proliferating_intratumor_cellfrequency', 'Tumor proliferating_stromal_cellfrequency', 'Tumor proliferating_tumorfront_cellfrequency', 'CD4 T cells regulatory_tumorfront_cellfrequency', 'B cells_intratumor_cellfrequency', 'Myeloid M1 macrophages_intratumor_cellfrequency', 'CD4 T cells regulatory_stromal_CD44', 'Myeloid Granulocytes_stromal_GranzymeB', 'Myeloid Granulocytes_stromal_Ki67', 'Myeloid Granulocytes_stromal_pERK', 'Tumor non-proliferating_intratumor_area', 'Tumor non-proliferating_intratumor_eccentricity', 'Vessel_tumorfront_eccentricity', 'Myeloid M2 macrophages_stromal_eccentricity', 'Myeloid Monocytes_tumorfront_celldistance']",15
Fold 92,"['Tumor non-proliferating_intratumor_cellfrequency', 'Myeloid M2 macrophages_tumorfront_aggregatedNeighbors.Tumor.non.proliferating']",2
Fold 93,"['Tumor non-proliferating_intratumor_cellfrequency', 'CD4 T cells regulatory_tumorfront_pSTAT1', 'Myeloid Granulocytes_stromal_GranzymeB', 'CD4 T cells naive_stromal_area', 'CD8 T cells_intratumor_area', 'Vessel_tumorfront_eccentricity', 'Tumor non-proliferating_tumorfront_celldistance', 'CD4 T cells memory_tumorfront_aggregatedNeighbors.Tumor.non.proliferating', 'B cells_stromal_aggregatedNeighbors.Myeloid.M2.macrophages', 'Myeloid M2 macrophages_tumorfront_aggregatedNeighbors.Tumor.non.proliferating', 'Myeloid DCs_stromal_aggregatedNeighbors.Vessel', 'Myeloid Monocytes_tumorfront_aggregatedNeighbors.Tumor.non.proliferating']",12
Fold 94,"['Tumor non-proliferating_intratumor_cellfrequency', 'Tumor proliferating_stromal_cellfrequency', 'CD8 T cells_stromal_cellfrequency', 'CD8 T cells_tumorfront_cellfrequency', 'Myeloid M1 macrophages_intratumor_cellfrequency', 'Tumor non-proliferating_stromal_pERK', 'B cells_stromal_CD44', 'Myeloid Granulocytes_stromal_GranzymeB', 'Tumor non-proliferating_intratumor_area', 'CD4 T cells naive_stromal_area', 'Tumor non-proliferating_tumorfront_celldistance', 'Myeloid Monocytes_tumorfront_celldistance', 'Tumor non-proliferating_stromal_aggregatedNeighbors.Myeloid.Granulocytes', 'CD4 T cells naive_stromal_aggregatedNeighbors.Myeloid.M1.macrophages', 'CD4 T cells regulatory_stromal_aggregatedNeighbors.Vessel', 'Myeloid M2 macrophages_tumorfront_aggregatedNeighbors.Tumor.non.proliferating', 'Myeloid M2 macrophages_tumorfront_aggregatedNeighbors.CD8.T.cells', 'Myeloid DCs_stromal_aggregatedNeighbors.Vessel', 'Myeloid Monocytes_tumorfront_aggregatedNeighbors.Tumor.non.proliferating']",19
Fold 95,"['Tumor non-proliferating_intratumor_cellfrequency', 'Tumor proliferating_stromal_cellfrequency', 'Tumor proliferating_tumorfront_cellfrequency', 'CD4 T cells naive_stromal_area', 'Myeloid M2 macrophages_stromal_eccentricity', 'Tumor non-proliferating_tumorfront_celldistance', 'B cells_stromal_aggregatedNeighbors.Myeloid.M2.macrophages', 'Myeloid M2 macrophages_tumorfront_aggregatedNeighbors.Tumor.non.proliferating', 'Myeloid Monocytes_tumorfront_aggregatedNeighbors.Tumor.non.proliferating', 'Myeloid Monocytes_tumorfront_aggregatedNeighbors.CD8.T.cells']",10
Fold 96,"['Tumor non-proliferating_intratumor_cellfrequency', 'Tumor proliferating_stromal_cellfrequency', 'Myeloid Granulocytes_stromal_cellfrequency', 'Tumor non-proliferating_stromal_pERK', 'CD8 T cells_intratumor_CD36', 'Myeloid Granulocytes_stromal_GranzymeB', 'Myeloid Granulocytes_stromal_Ki67', 'Myeloid DCs_stromal_CD44', 'CD8 T cells_intratumor_area', 'Vessel_tumorfront_eccentricity', 'Myeloid Monocytes_tumorfront_celldistance', 'Tumor non-proliferating_stromal_aggregatedNeighbors.Myeloid.Granulocytes', 'CD4 T cells naive_tumorfront_aggregatedNeighbors.CD8.T.cells', 'CD8 T cells_intratumor_aggregatedNeighbors.CD8.T.cells', 'CD8 T cells_stromal_aggregatedNeighbors.Tumor.non.proliferating', 'Myeloid M2 macrophages_tumorfront_aggregatedNeighbors.Tumor.non.proliferating', 'Myeloid Granulocytes_stromal_aggregatedNeighbors.B.cells', 'Myeloid Monocytes_stromal_aggregatedNeighbors.CD4.T.cells.memory', 'Myeloid Monocytes_tumorfront_aggregatedNeighbors.Tumor.non.proliferating', 'Myeloid Monocytes_tumorfront_aggregatedNeighbors.CD8.T.cells']",20
Fold 97,"['Tumor non-proliferating_intratumor_cellfrequency', 'Tumor proliferating_stromal_cellfrequency', 'Tumor proliferating_tumorfront_cellfrequency', 'Myeloid M1 macrophages_intratumor_cellfrequency', 'CD4 T cells naive_stromal_area', 'CD4 T cells memory_stromal_area', 'Vessel_tumorfront_eccentricity', 'Fibroblasts_tumorfront_eccentricity', 'CD4 T cells regulatory_tumorfront_eccentricity', 'CD4 T cells naive_tumorfront_celldistance', 'Myeloid Monocytes_tumorfront_celldistance']",11
Fold 98,"['Tumor non-proliferating_intratumor_cellfrequency', 'Myeloid M1 macrophages_intratumor_cellfrequency', 'Tumor non-proliferating_intratumor_area', 'CD4 T cells naive_stromal_area', 'Tumor non-proliferating_intratumor_eccentricity', 'Myeloid Monocytes_tumorfront_celldistance', 'Myeloid M2 macrophages_tumorfront_aggregatedNeighbors.Tumor.non.proliferating', 'Myeloid Granulocytes_stromal_aggregatedNeighbors.Myeloid.M1.macrophages', 'Myeloid DCs_stromal_aggregatedNeighbors.Vessel', 'Myeloid Monocytes_tumorfront_aggregatedNeighbors.Tumor.non.proliferating']",10
Fold 99,"['Tumor non-proliferating_intratumor_cellfrequency', 'Tumor proliferating_stromal_cellfrequency', 'Vessel_tumorfront_cellfrequency', 'Myeloid M1 macrophages_intratumor_cellfrequency', 'Fibroblasts_stromal_pERK', 'CD4 T cells naive_stromal_CD44', 'CD8 T cells_intratumor_CD36', 'Myeloid Granulocytes_stromal_GranzymeB', 'Tumor non-proliferating_tumorfront_aggregatedNeighbors.Myeloid.M1.macrophages', 'CD8 T cells_intratumor_aggregatedNeighbors.CD8.T.cells', 'Myeloid M2 macrophages_tumorfront_aggregatedNeighbors.Tumor.non.proliferating', 'Myeloid DCs_stromal_aggregatedNeighbors.Vessel']",12
