,Max Proba
artificial.14,0.26
artificial.187,0.246
artificial.156,0.218
artificial.92,0.201
artificial.86,0.168
artificial.153,0.168
artificial.134,0.167
artificial.102,0.13
artificial.110,0.126
artificial.30,0.102
artificial.188,0.1
artificial.97,0.097
artificial.185,0.093
artificial.42,0.092
artificial.26,0.087
artificial.18,0.087
artificial.9,0.084
artificial.127,0.082
artificial.20,0.081
artificial.83,0.081
artificial.46,0.078
artificial.11,0.071
artificial.103,0.071
artificial.53,0.07
artificial.111,0.068
artificial.152,0.068
artificial.173,0.068
artificial.48,0.064
artificial.25,0.061
artificial.74,0.06
artificial.177,0.06
artificial.178,0.057
artificial.154,0.057
artificial.54,0.056
artificial.45,0.054
artificial.1,0.053
artificial.184,0.052
artificial.164,0.05
artificial.47,0.049
artificial.52,0.045
artificial.136,0.044
artificial.138,0.039
artificial.57,0.036
artificial.4,0.032
artificial.192,0.031
artificial.41,0.03
artificial.125,0.03
artificial.169,0.03
artificial.37,0.029
artificial.165,0.027
artificial.36,0.026
artificial.100,0.026
artificial.80,0.026
artificial.131,0.026
artificial.68,0.026
artificial.38,0.025
artificial.124,0.025
artificial.179,0.025
artificial.129,0.025
artificial.146,0.025
artificial.167,0.024
artificial.99,0.023
artificial.142,0.023
artificial.174,0.022
artificial.76,0.022
artificial.183,0.022
artificial.151,0.022
artificial.176,0.021
artificial.191,0.02
artificial.189,0.02
artificial.51,0.018
artificial.31,0.017
artificial.19,0.017
artificial.3,0.017
artificial.49,0.016
artificial.193,0.016
artificial.120,0.016
artificial.115,0.016
artificial.126,0.015
artificial.143,0.015
artificial.73,0.015
artificial.150,0.015
artificial.122,0.014
artificial.22,0.013
artificial.128,0.013
artificial.40,0.013
artificial.117,0.013
artificial.79,0.012
artificial.112,0.011
artificial.160,0.011
artificial.16,0.011
artificial.175,0.011
artificial.141,0.011
artificial.145,0.01
artificial.149,0.01
artificial.158,0.01
artificial.24,0.01
artificial.139,0.01
artificial.7,0.009
artificial.133,0.008
artificial.107,0.008
artificial.105,0.008
artificial.98,0.008
artificial.59,0.008
artificial.93,0.008
artificial.2,0.008
artificial.60,0.007
artificial.148,0.007
artificial.43,0.007
artificial.78,0.007
artificial.180,0.007
artificial.195,0.007
artificial.29,0.007
artificial.106,0.007
artificial.95,0.007
artificial.91,0.006
artificial.118,0.006
artificial.147,0.006
artificial.13,0.005
artificial.15,0.005
artificial.140,0.005
artificial.6,0.005
artificial.155,0.005
artificial.85,0.005
artificial.63,0.004
artificial.65,0.004
artificial.27,0.004
artificial.84,0.004
artificial.123,0.004
artificial.55,0.004
artificial.56,0.004
artificial.90,0.004
artificial.172,0.004
artificial.70,0.003
artificial.5,0.003
artificial.64,0.003
artificial.166,0.003
artificial.113,0.003
artificial.171,0.002
artificial.72,0.002
artificial.135,0.002
artificial.67,0.002
artificial.34,0.002
artificial.190,0.002
artificial.77,0.002
artificial.44,0.001
artificial.10,0.001
artificial.33,0.001
artificial.8,0.001
artificial.32,0.001
artificial.28,0.001
artificial.181,0.001
artificial.182,0.001
artificial.62,0.001
artificial.58,0.001
artificial.69,0.001
artificial.114,0.001
artificial.82,0.001
artificial.75,0.001
artificial.137,0.001
artificial.71,0.001
artificial.130,0.001
artificial.163,0.0
artificial.88,0.0
artificial.194,0.0
artificial.108,0.0
artificial.109,0.0
artificial.96,0.0
artificial.94,0.0
artificial.157,0.0
artificial.12,0.0
artificial.116,0.0
artificial.186,0.0
artificial.119,0.0
artificial.17,0.0
artificial.21,0.0
artificial.121,0.0
artificial.89,0.0
artificial.23,0.0
artificial.144,0.0
artificial.87,0.0
artificial.101,0.0
artificial.81,0.0
artificial.61,0.0
artificial.132,0.0
artificial.159,0.0
artificial.50,0.0
artificial.161,0.0
artificial.170,0.0
artificial.35,0.0
artificial.168,0.0
artificial.39,0.0
artificial.162,0.0
artificial.66,0.0
artificial.104,0.0
