,Fold selected features,Fold nb of features
Fold 0,"['Bcells_S6', 'CCR2nncMC_MAPKAPK2', 'CCR2nncMC_Frequency', 'CCR2pcMC_Frequency', 'CD4Tnaive_Frequency', 'CD4Trm_STAT5', 'CD4Trm_STAT6', 'CD56brightCD16nNKcells_Frequency', 'CD61pCD41pPLT_STAT3', 'CD62LnAgedNeutrophils_S6', 'CD62LpImmatureNeutrophils_Frequency', 'gdTcells_Frequency', 'MDSC_Frequency', 'Th1naive_CREB', 'Th1naive_S6', 'Th1naive_STAT6']",16
Fold 1,"['Bcells_S6', 'CCR2nncMC_NFkB', 'CCR2nncMC_MAPKAPK2', 'CCR2nncMC_Frequency', 'CD4Tnaive_Frequency', 'CD61pCD41pPLT_STAT3', 'CD62LnAgedNeutrophils_S6', 'CD62LpImmatureNeutrophils_Frequency', 'gdTcells_Frequency', 'mDC_S6', 'MDSC_Frequency', 'Th1naive_CREB', 'Th1naive_S6', 'Th1naive_STAT6', 'Th1naive_MAPKAPK2']",15
Fold 2,"['Bcells_S6', 'CCR2nncMC_MAPKAPK2', 'CCR2nncMC_Frequency', 'CCR2pcMC_Frequency', 'CD4Tnaive_Frequency', 'CD4Trm_STAT5', 'CD4Trm_STAT6', 'CD56brightCD16nNKcells_Frequency', 'CD61pCD41pPLT_CREB', 'CD61pCD41pPLT_STAT3', 'CD62LnAgedNeutrophils_S6', 'gdTcells_Frequency', 'mDC_S6', 'MDSC_Frequency', 'Th1mem_S6', 'Th1naive_CREB', 'Th1naive_STAT6', 'Th1naive_MAPKAPK2']",18
Fold 3,"['Bcells_S6', 'Bcells_Frequency', 'CCR2nncMC_NFkB', 'CCR2nncMC_MAPKAPK2', 'CCR2nncMC_Frequency', 'CCR2pcMC_Frequency', 'CD4Tnaive_Frequency', 'CD4Trm_STAT6', 'CD56brightCD16nNKcells_Frequency', 'CD61pCD41pPLT_CREB', 'CD62LnAgedNeutrophils_S6', 'gdTcells_Frequency', 'mDC_Frequency', 'MDSC_Frequency', 'Th1naive_CREB']",15
Fold 4,"['Bcells_S6', 'CCR2nncMC_Frequency', 'CCR2pcMC_Frequency', 'CD4Tnaive_Frequency', 'CD4Trm_STAT5', 'CD56brightCD16nNKcells_Frequency', 'CD61pCD41pPLT_CREB', 'CD61pCD41pPLT_STAT3', 'CD62LnAgedNeutrophils_S6', 'CD62LpImmatureNeutrophils_IkB', 'gdTcells_Frequency', 'MDSC_Frequency', 'Th1naive_CREB', 'Th1naive_STAT6', 'Th1naive_MAPKAPK2']",15
Fold 5,"['CCR2nncMC_Frequency', 'CCR2pcMC_Frequency', 'CD4Tnaive_Frequency', 'CD4Trm_STAT5', 'CD4Trm_STAT6', 'CD56brightCD16nNKcells_Frequency', 'CD61pCD41pPLT_CREB', 'CD61pCD41pPLT_STAT3', 'CD62LnAgedNeutrophils_S6', 'CD62LpImmatureNeutrophils_IkB', 'gdTcells_Frequency', 'mDC_STAT3', 'MDSC_Frequency', 'Th1naive_CREB', 'Th1naive_STAT6', 'Th1naive_MAPKAPK2']",16
Fold 6,"['Bcells_S6', 'CCR2nncMC_MAPKAPK2', 'CCR2nncMC_Frequency', 'CCR2pcMC_Frequency', 'CD56brightCD16nNKcells_Frequency', 'CD56dimCD16pNKcells_Frequency', 'CD61pCD41pPLT_STAT3', 'CD62LnAgedNeutrophils_S6', 'CD62LpImmatureNeutrophils_S6', 'gdTcells_Frequency', 'mDC_S6', 'Th1mem_S6', 'Th1naive_CREB', 'Th1naive_STAT6', 'Th1naive_MAPKAPK2']",15
Fold 7,"['Bcells_S6', 'CCR2nncMC_MAPKAPK2', 'CCR2nncMC_Frequency', 'CCR2pcMC_Frequency', 'CD4Tnaive_Frequency', 'CD4Trm_STAT5', 'CD4Trm_STAT6', 'CD56brightCD16nNKcells_Frequency', 'CD61pCD41pPLT_CREB', 'CD61pCD41pPLT_STAT3', 'CD62LnAgedNeutrophils_S6', 'gdTcells_Frequency', 'MDSC_Frequency', 'Th1mem_S6', 'Th1naive_CREB', 'Th1naive_STAT6']",16
Fold 8,"['CCR2nncMC_MAPKAPK2', 'CCR2nncMC_Frequency', 'CCR2pcMC_Frequency', 'CD4Tnaive_Frequency', 'CD4Trm_STAT5', 'CD4Trm_STAT6', 'CD56brightCD16nNKcells_Frequency', 'CD61pCD41pPLT_CREB', 'CD61pCD41pPLT_STAT3', 'CD62LnAgedNeutrophils_S6', 'CD62LpImmatureNeutrophils_CREB', 'CD62LpImmatureNeutrophils_IkB', 'gdTcells_Frequency', 'intMC_S6', 'MDSC_Frequency', 'pDC_IkB', 'Th1mem_S6', 'Th1naive_CREB', 'Th1naive_STAT6', 'Th1naive_MAPKAPK2']",20
Fold 9,"['Bcells_S6', 'CCR2nncMC_Frequency', 'CCR2pcMC_Frequency', 'CD4Tnaive_Frequency', 'CD4Trm_STAT5', 'CD4Trm_STAT6', 'CD4Trm_Frequency', 'CD56brightCD16nNKcells_Frequency', 'CD61pCD41pPLT_CREB', 'CD61pCD41pPLT_STAT3', 'CD61pCD41pPLT_S6', 'CD62LnAgedNeutrophils_S6', 'CD62LpImmatureNeutrophils_IkB', 'gdTcells_Frequency', 'mDC_S6', 'MDSC_Frequency', 'Th1mem_S6', 'Th1naive_CREB', 'Th1naive_STAT6']",19
Fold 10,"['Bcells_S6', 'CCR2nncMC_Frequency', 'CCR2pcMC_Frequency', 'CD4Tnaive_Frequency', 'CD4Trm_STAT5', 'CD56brightCD16nNKcells_Frequency', 'CD61pCD41pPLT_CREB', 'CD61pCD41pPLT_STAT3', 'CD62LnAgedNeutrophils_S6', 'CD62LpImmatureNeutrophils_IkB', 'gdTcells_Frequency', 'mDC_S6', 'MDSC_STAT3', 'MDSC_Frequency', 'Th1mem_S6', 'Th1naive_CREB', 'Th1naive_STAT6', 'Th1naive_MAPKAPK2']",18
Fold 11,"['CCR2nncMC_NFkB', 'CCR2nncMC_MAPKAPK2', 'CCR2nncMC_Frequency', 'CCR2pcMC_Frequency', 'CD4Trm_STAT5', 'CD4Trm_STAT6', 'CD56brightCD16nNKcells_Frequency', 'CD61pCD41pPLT_CREB', 'CD61pCD41pPLT_STAT3', 'CD61pCD41pPLT_IkB', 'CD62LnAgedNeutrophils_S6', 'gdTcells_Frequency', 'MDSC_Frequency', 'Th1naive_CREB', 'Th1naive_STAT6']",15
Fold 12,"['Bcells_S6', 'CCR2nncMC_Frequency', 'CCR2pcMC_Frequency', 'CD4Tnaive_Frequency', 'CD4Trm_STAT5', 'CD56brightCD16nNKcells_Frequency', 'CD61pCD41pPLT_CREB', 'CD61pCD41pPLT_STAT3', 'CD62LnAgedNeutrophils_S6', 'gdTcells_Frequency', 'MDSC_Frequency', 'Th1mem_S6', 'Th1naive_CREB', 'Th1naive_STAT6']",14
Fold 13,"['Bcells_S6', 'Bcells_Frequency', 'CCR2nncMC_MAPKAPK2', 'CCR2nncMC_Frequency', 'CCR2pcMC_Frequency', 'CD4Tnaive_Frequency', 'CD4Trm_STAT5', 'CD4Trm_STAT6', 'CD56brightCD16nNKcells_Frequency', 'CD61pCD41pPLT_CREB', 'CD61pCD41pPLT_STAT3', 'CD62LnAgedNeutrophils_S6', 'CD62LpImmatureNeutrophils_S6', 'CD62LpImmatureNeutrophils_IkB', 'gdTcells_Frequency', 'mDC_S6', 'MDSC_Frequency', 'Th1mem_S6', 'Th1naive_CREB', 'Th1naive_S6', 'Th1naive_STAT6', 'Th1naive_MAPKAPK2']",22
Fold 14,"['Bcells_S6', 'CCR2nncMC_MAPKAPK2', 'CCR2nncMC_Frequency', 'CD4Tnaive_Frequency', 'CD4Trm_STAT5', 'CD56brightCD16nNKcells_Frequency', 'CD61pCD41pPLT_CREB', 'CD61pCD41pPLT_STAT3', 'CD62LnAgedNeutrophils_S6', 'CD62LpImmatureNeutrophils_IkB', 'gdTcells_Frequency', 'intMC_S6', 'MDSC_S6', 'MDSC_Frequency', 'Th1mem_S6', 'Th1naive_CREB', 'Th1naive_STAT6', 'Th1naive_MAPKAPK2']",18
Fold 15,"['Bcells_S6', 'CCR2nncMC_MAPKAPK2', 'CCR2nncMC_Frequency', 'CCR2pcMC_Frequency', 'CD4Tnaive_Frequency', 'CD4Trm_STAT5', 'CD56brightCD16nNKcells_Frequency', 'CD61pCD41pPLT_CREB', 'CD61pCD41pPLT_STAT3', 'CD62LnAgedNeutrophils_S6', 'gdTcells_Frequency', 'MDSC_Frequency', 'Th1mem_S6', 'Th1naive_CREB', 'Th1naive_STAT6']",15
Fold 16,"['Bcells_S6', 'Bcells_Frequency', 'CCR2nncMC_Frequency', 'CCR2pcMC_Frequency', 'CD4Tnaive_Frequency', 'CD4Trm_STAT6', 'CD56brightCD16nNKcells_Frequency', 'CD61pCD41pPLT_CREB', 'CD61pCD41pPLT_STAT3', 'CD62LnAgedNeutrophils_S6', 'CD62LpImmatureNeutrophils_IkB', 'gdTcells_Frequency', 'MDSC_Frequency', 'Th1mem_S6', 'Th1naive_CREB', 'Th1naive_STAT6', 'Th1naive_MAPKAPK2']",17
Fold 17,"['Th1mem_S6', 'Th1naive_CREB']",2
Fold 18,"['CCR2nncMC_Frequency', 'CCR2pcMC_Frequency', 'CD4Tnaive_Frequency', 'CD4Trm_STAT5', 'CD56brightCD16nNKcells_Frequency', 'CD61pCD41pPLT_CREB', 'CD61pCD41pPLT_STAT3', 'CD62LnAgedNeutrophils_S6', 'CD62LpImmatureNeutrophils_IkB', 'gdTcells_Frequency', 'MDSC_Frequency', 'Th1mem_S6', 'Th1naive_CREB', 'Th1naive_STAT6', 'Th1naive_MAPKAPK2']",15
Fold 19,"['CCR2nncMC_MAPKAPK2', 'CCR2nncMC_Frequency', 'CCR2pcMC_Frequency', 'CD4Tnaive_Frequency', 'CD56brightCD16nNKcells_Frequency', 'CD61pCD41pPLT_CREB', 'CD61pCD41pPLT_STAT3', 'CD62LnAgedNeutrophils_S6', 'gdTcells_Frequency', 'MDSC_Frequency', 'Th1mem_S6', 'Th1naive_CREB', 'Th1naive_STAT6', 'Th1naive_MAPKAPK2']",14
