,Spearman corr,pvalue,Lasso mean coef,Lasso ModelIndex,Lasso rank,Lasso 1SE mean coef,Lasso 1SE ModelIndex,Lasso 1SE rank,ElasticNet mean coef,ElasticNet ModelIndex,ElasticNet rank,rank sum
EGA,-0.0714995158380062,0.3845875868296798,6.512728785287535,2.702813299360811,1,6.512728785287535,2.702813299360811,1,6.386949773862638,2.6506144137527325,1,1.0
pDCs_168Er_STAT6_IFNa,0.0856802215996885,0.2971780058457949,1.9865663253481791,1.0468873490615913,2,1.9865663253481791,1.0468873490615913,2,1.3735376977070346,0.7238314778826505,5,2.75
ncMCs_150Nd_STAT5_GMCSF,0.1003673591564859,0.2216889883641238,-0.9383734623399175,0.6139363538988348,3,-0.9383734623399175,0.6139363538988348,3,-1.0714155599556465,0.7009799283426162,6,3.75
MDSCs_154Sm_STAT3_IL246,0.12497577413815,0.1275560180499875,-0.5741332485889504,0.5134468168938133,4,-0.5741332485889504,0.5134468168938133,4,-0.6372116523978135,0.5698577732876505,9,5.25
pDCs_168Er_STAT6_IL246,0.1199512076087482,0.1437162713115778,0.4905690619803025,0.4133015202476969,7,0.4905690619803025,0.4133015202476969,7,0.8744718199630426,0.7367373130819401,4,6.25
Granulocytes_159Tb_MAPKAPK2_LPS,0.12581037623777,0.1250128727044963,-0.4997641612588678,0.45130965941075146,6,-0.4997641612588678,0.45130965941075146,6,-0.6690027423492475,0.604139758709319,8,6.5
MDSCs_159Tb_MAPKAPK2_GMCSF,-0.1189807903184917,0.1470090486026305,-0.5576099297616534,0.46429721633005516,5,-0.5576099297616534,0.46429721633005516,5,-0.5216163089269136,0.4343269143909335,11,6.5
cMCs_154Sm_STAT3_IL246,0.1896535188964815,0.0200998842023163,-0.18762262970817772,0.31835928724003065,8,-0.18762262970817772,0.31835928724003065,8,-0.5908585565475932,1.002572606591956,2,6.5
CD56hiCD16negNK_168Er_STAT6_IL246,0.1637469808991273,0.0452587556557196,0.16012266325447694,0.21525247840655104,10,0.16012266325447694,0.21525247840655104,10,0.6547206949942809,0.8801393219247382,3,8.25
ncMCs_155Gd_S6_unstim,0.1292528027573986,0.1149349437575152,-0.17672430242656711,0.1660409494076775,12,-0.17672430242656711,0.1660409494076775,12,-0.44901014139974416,0.42186654097937615,12,12.0
CD8Tem_153Eu_STAT1_IFNa,0.0592369939220187,0.471484640647933,0.730060940451635,0.23838858791497153,9,0.730060940451635,0.23838858791497153,9,0.8666576865659036,0.2829918581567899,23,12.5
Bcells_168Er_STAT6_IFNa,0.0680048762864389,0.4083070273861128,0.44806691087981293,0.1743039183311251,11,0.44806691087981293,0.1743039183311251,11,0.8822282996446951,0.34319840576650906,18,12.75
CD8Tem_154Sm_STAT3_IL246,0.1109542431946413,0.1764661658670162,0.202339970238922,0.1524304998379122,13,0.202339970238922,0.1524304998379122,13,0.5092469343724303,0.38363534726062826,16,13.75
intMCs_167Er_ERK_GMCSF,0.090136418192529,0.2726672944227791,-0.1506591976447746,0.08502707204204264,16,-0.1506591976447746,0.08502707204204264,16,-0.5052507286223024,0.28514681329416364,21,17.25
CD8Tcm_154Sm_STAT3_IFNa,0.1381558139060455,0.0917965055119782,0.0484488788864582,0.05024991029640766,22,0.0484488788864582,0.05024991029640766,22,0.5852327092827836,0.6069880628796801,7,18.25
CD8Tcm_154Sm_STAT3_IL246,0.0660622275226043,0.4218572832145909,0.2989140445891636,0.11204328106853144,15,0.2989140445891636,0.11204328106853144,15,0.45004629145080244,0.16869285347959356,32,19.25
CD56hiCD16negNK_154Sm_STAT3_IL246,0.0263900967755759,0.7485412862914784,0.9461994214080789,0.11901697592389641,14,0.9461994214080789,0.11901697592389641,14,1.093737006636012,0.1375748790800955,36,19.5
CD8Tcm_153Eu_STAT1_IFNa,0.049380905512775,0.5484415691315863,0.3133040179179086,0.08173150488677433,17,0.3133040179179086,0.08173150488677433,17,0.7553054031413204,0.19703624504434816,28,19.75
ncMCs_168Er_STAT6_IL246,0.0768503115734456,0.3499275861199801,-0.13922203282026197,0.06348828466338817,18,-0.13922203282026197,0.06348828466338817,18,-0.49946099056789545,0.2277651094806986,26,20.0
CD8Tem_154Sm_STAT3_IFNa,0.0923668223977591,0.2609283811350353,0.06094164670830418,0.03555815159024821,24,0.06094164670830418,0.03555815159024821,24,0.7056248035259489,0.4117170290739096,13,21.25
Tregs_153Eu_STAT1_IFNa,0.0870004729806389,0.2897688221584075,0.08599401736328309,0.046260339278642225,23,0.08599401736328309,0.046260339278642225,23,0.5297251149708794,0.28496474864580135,22,22.75
CD4Tcm_154Sm_STAT3_IL246,0.1315163404430841,0.1086608938453749,-0.024044696050870867,0.023177325160681852,26,-0.024044696050870867,0.023177325160681852,26,-0.36931137642398987,0.35598910623816216,17,23.75
CD4Tem_150Nd_STAT5_IFNa,0.0464443082090389,0.5725020146902294,-0.2268610785133415,0.05495096663344705,19,-0.2268610785133415,0.05495096663344705,19,-0.5089081274699735,0.123269243518332,39,24.0
Granulocytes_151Eu_p38_LPS,0.1632326848379908,0.0459483937398202,-0.013667460941203332,0.018283367960536992,29,-0.013667460941203332,0.018283367960536992,29,-0.29998345426319817,0.40129676609005027,14,25.25
pDCs_154Sm_STAT3_GMCSF,0.1100866136523308,0.179894143070494,0.04354908338402211,0.03244332574278576,25,0.04354908338402211,0.03244332574278576,25,0.2154903576359969,0.16053664793732683,33,27.0
CD4negCD8negTcells_150Nd_STAT5_IFNa,-0.0318388890808212,0.6989182104016509,-0.14129713260997304,0.021982109776018426,27,-0.14129713260997304,0.021982109776018426,27,-0.8376833248972545,0.13032144718931016,37,29.5
cMCs_153Eu_STAT1_IFNa,0.0978078526218771,0.2337584168738834,-0.08133059434170134,0.05133853412799744,21,-0.08133059434170134,0.05133853412799744,21,-0.11427361373796152,0.07213324661280486,56,29.75
MDSCs_168Er_STAT6_IL246,-0.0065693197602059,0.9364080940820771,1.8536795232496208,0.05289445050559687,20,1.8536795232496208,0.05289445050559687,20,1.7768319036647455,0.050701615897660306,66,31.5
CD56hiCD16negNK_153Eu_STAT1_IFNa,0.0324002005094356,0.6938737325670243,0.13050483309771482,0.0207136687662578,28,0.13050483309771482,0.0207136687662578,28,0.6311055600749595,0.1001687923553632,45,32.25
CD56hiCD16negNK_154Sm_STAT3_IFNa,0.0710664688764237,0.3874807147773456,0.023932478122118434,0.009854195660226427,32,0.023932478122118434,0.009854195660226427,32,0.20743251014886555,0.08541031692867956,50,36.5
CD4Tnaive_154Sm_STAT3_IL246,0.0585710379940943,0.4764917820577862,-0.024511423724017184,0.007891320141929307,34,-0.024511423724017184,0.007891320141929307,34,-0.20817190916721667,0.06701981893387562,58,40.0
cMCs_167Er_ERK_LPS,0.0919834855809001,0.2629209163953326,-0.009498290076308863,0.00551066914072921,35,-0.009498290076308863,0.00551066914072921,35,-0.09285386622731304,0.05387147908785484,64,42.25
CD8Teff_154Sm_STAT3_IL246,-0.0467376968328709,0.5700760405505997,-0.04883112593401157,0.011918076734500077,31,-0.04883112593401157,0.011918076734500077,31,-0.1766482500711165,0.04311404578726596,77,42.5
CD56hiCD16negNK_168Er_STAT6_IFNa,-0.0172442919199228,0.8340990089204707,0.06766981873173544,0.005331190377740098,36,0.06766981873173544,0.005331190377740098,36,0.6323029149799688,0.04981433790330733,69,44.25
Granulocytes_154Sm_STAT3_IFNa,-0.0521965033490175,0.5258466820835623,0.01482984416666378,0.00413961548384427,38,0.01482984416666378,0.00413961548384427,38,0.14581550023781248,0.04070306442773233,80,48.5
pDCs_155Gd_S6_GMCSF,0.0865139617671568,0.2924846441525223,0.008286537463561325,0.004424156912481288,37,0.008286537463561325,0.004424156912481288,37,0.06765211167015762,0.03611925473162001,84,48.75
CD4negCD8negTcells_150Nd_STAT5_IL246,-0.0030494635749809,0.970456461855433,-1.161896071893172,0.015132469189268152,30,-1.161896071893172,0.015132469189268152,30,-0.9188986391075987,0.011967684271192422,109,49.75
MDSCs_168Er_STAT6_IFNa,0.0008784041563836,0.991488158121567,2.4897003161452007,0.009242933851736352,33,2.4897003161452007,0.009242933851736352,33,2.118497634418594,0.007864855610537274,117,54.0
CD4Teff_153Eu_STAT1_IFNa,0.020833277980679,0.8002315192162798,0.025165850493508845,0.002435660401514946,40,0.025165850493508845,0.002435660401514946,40,0.2006762959142694,0.019422324216984234,97,54.25
Granulocytes_154Sm_STAT3_unstim,0.0217285392922839,0.7918383859893605,-0.008295402718591133,0.0008408506283928934,42,-0.008295402718591133,0.0008408506283928934,42,-0.23210284093663072,0.023526744423866593,93,54.75
CD4Tnaive_154Sm_STAT3_unstim,-0.0128599756738986,0.87588265020343,0.06759791609051106,0.0038905356158404217,39,0.06759791609051106,0.0038905356158404217,39,0.10178344212904163,0.00585805198751468,125,60.5
Granulocytes_154Sm_STAT3_GMCSF,0.0097511709884521,0.905726388155636,-0.03596469379027806,0.0015465889714731521,41,-0.03596469379027806,0.0015465889714731521,41,-0.04675103041427553,0.002010433578702393,143,66.5
CD8Teff_154Sm_STAT3_IFNa,-0.0004409719921838,0.9957268683718912,0.04398187558379311,8.179634216088311e-05,43,0.04398187558379311,8.179634216088311e-05,43,0.4289339279158122,0.0007977201032586685,156,71.25
pDCs_155Gd_S6_IL246,-8.535207339920495e-05,0.9991729127655428,0.05676809533271061,2.0399504278433975e-05,44,0.05676809533271061,2.0399504278433975e-05,44,0.0986008818080783,3.543203446429975e-05,183,78.75
CD8Tnaive_153Eu_STAT1_IFNa,0.0462229742454438,0.5743353878173874,0.0,0.0,45,0.0,0.0,518,0.2678852881483623,0.06451599899754033,60,167.0
CD4Tnaive_153Eu_STAT1_IL246,0.0463200050089833,0.5735313153629067,0.0,0.0,69,0.0,0.0,497,0.2091776590541558,0.05050445313240779,67,175.5
MDSCs_154Sm_STAT3_unstim,-0.0481243868334002,0.5586759201031591,0.0,0.0,53,0.0,0.0,517,0.04850173703652707,0.01226318147570554,106,182.25
CD4Tem_150Nd_STAT5_IL246,0.0642698897479216,0.4345874665115693,0.0,0.0,138,0.0,0.0,432,-0.27063398737718136,0.09794861126442175,46,188.5
CD8Tem_166Er_NFkB_unstim,-0.0489638941482506,0.5518279469439943,0.0,0.0,52,0.0,0.0,525,0.02035176415477856,0.005254750381452077,129,189.5
mDCs_159Tb_MAPKAPK2_LPS,-0.0434713034875415,0.5973546388697327,0.0,0.0,51,0.0,0.0,524,-0.016209291796249067,0.003627116906099678,133,189.75
pDCs_153Eu_STAT1_IFNa,0.036193756717427,0.6601420498783841,0.0,0.0,80,0.0,0.0,508,0.11379623682956465,0.02052458543823785,95,190.75
CD4Teff_154Sm_STAT3_IFNa,0.035665387980739,0.6648013454668545,0.0,0.0,86,0.0,0.0,536,0.2528610674522,0.044834318030935315,76,196.0
mDCs_153Eu_STAT1_unstim,0.0329584990245716,0.6888696142084765,0.0,0.0,46,0.0,0.0,519,0.0,0.0,189,200.0
CD4Tcm_156Gd_IkB_IFNa,0.0430178847052557,0.601187228959881,0.0,0.0,48,0.0,0.0,521,0.0,0.0,185,200.5
pDCs_149Sm_CREB_unstim,0.0429875319935526,0.6014441817802443,0.0,0.0,47,0.0,0.0,520,0.0,0.0,188,200.5
CD8Tem_150Nd_STAT5_IFNa,-0.049499106122635,0.5474835617808435,0.0,0.0,162,0.0,0.0,411,0.18842835344985542,0.04929830585748717,71,201.5
cMCs_167Er_ERK_GMCSF,0.0524604383246078,0.5237530402963182,0.0,0.0,169,0.0,0.0,418,-0.2692040020303332,0.07561225492328867,54,202.5
cMCs_150Nd_STAT5_IFNa,0.06847157046377,0.4050904143066074,0.0,0.0,141,0.0,0.0,435,-0.05726291251223945,0.02247271740486875,94,202.75
NKT_166Er_NFkB_unstim,-0.0691543658065062,0.4004114714529279,0.0,0.0,144,0.0,0.0,438,-0.06732865505325958,0.026762701996140777,90,204.0
CD8Tcm_149Sm_CREB_IFNa,0.0493144250578035,0.5489807482116476,0.0,0.0,49,0.0,0.0,522,0.0,0.0,203,205.75
CD4Teff_154Sm_STAT3_unstim,-0.0362385922929102,0.6597472744582898,0.0,0.0,79,0.0,0.0,507,0.002388130564643894,0.00043134986277355267,161,206.5
ncMCs_153Eu_STAT1_IFNa,0.0690326264398834,0.4012433429530141,0.0,0.0,146,0.0,0.0,440,0.03928170787073466,0.01557881737008673,102,208.5
CD8Tem_150Nd_STAT5_unstim,-0.0449435809453165,0.5849865054612556,0.0,0.0,64,0.0,0.0,516,0.0,0.0,192,209.0
CD4Tem_154Sm_STAT3_IL246,0.0632581435239192,0.4418693441044584,0.0,0.0,122,0.0,0.0,550,-0.2902784827775196,0.1029635565984403,42,209.0
intMCs_150Nd_STAT5_IL246,0.0457721815435329,0.5780779172586952,0.0,0.0,65,0.0,0.0,515,0.0,0.0,196,210.25
MDSCs_150Nd_STAT5_unstim,-0.0489928211069743,0.5515927152388401,0.0,0.0,50,0.0,0.0,523,0.0,0.0,220,210.75
MDSCs_151Eu_p38_IFNa,0.0327241740424791,0.6909682806673322,0.0,0.0,66,0.0,0.0,514,0.0,0.0,200,211.5
cMCs_159Tb_MAPKAPK2_IL246,0.0435122000835908,0.5970094955310277,0.0,0.0,56,0.0,0.0,529,0.0,0.0,206,211.75
CD8Teff_156Gd_IkB_unstim,0.0473448784408914,0.5650708409335853,0.0,0.0,55,0.0,0.0,528,0.0,0.0,210,212.0
CD4Tnaive_166Er_NFkB_unstim,-0.0473529238864822,0.5650046602920179,0.0,0.0,54,0.0,0.0,526,0.0,0.0,215,212.25
CD8Tcm_150Nd_STAT5_IL246,0.0352297503271703,0.6686525879988239,0.0,0.0,89,0.0,0.0,560,-0.061698448459699386,0.01078485609867034,112,212.5
MDSCs_166Er_NFkB_IFNa,-0.0438409631000362,0.5942381968852783,0.0,0.0,57,0.0,0.0,530,0.0,0.0,207,212.75
CD4negCD8negTcells_159Tb_MAPKAPK2_IL246,-0.044275010505554,0.5905883515214285,0.0,0.0,58,0.0,0.0,531,0.0,0.0,209,214.0
CD8Tcm_167Er_ERK_unstim,-0.0468763896368642,0.5689309077807498,0.0,0.0,59,0.0,0.0,532,0.0,0.0,211,215.25
Granulocytes_153Eu_STAT1_IFNa,-0.0519609495831002,0.5277187622324921,0.0,0.0,171,0.0,0.0,420,-0.05929994543038029,0.016461514518587853,100,215.5
pDCs_155Gd_S6_IFNa,-0.053209905091621,0.517831114194411,0.0,0.0,164,0.0,0.0,413,0.022325249736482894,0.00638082111356198,124,216.25
CD56hiCD16negNK_156Gd_IkB_unstim,0.0448711170790335,0.5855924861223857,0.0,0.0,63,0.0,0.0,527,0.0,0.0,213,216.5
mDCs_167Er_ERK_GMCSF,0.0427448984435134,0.6034999724918413,0.0,0.0,60,0.0,0.0,533,0.0,0.0,214,216.75
ncMCs_156Gd_IkB_IFNa,0.0444315575537962,0.5892744791719797,0.0,0.0,61,0.0,0.0,534,0.0,0.0,217,218.25
ncMCs_159Tb_MAPKAPK2_GMCSF,-0.0415100449900465,0.6140107488969451,0.0,0.0,115,0.0,0.0,543,-0.07471685071832583,0.01582682413035941,101,218.5
Granulocytes_168Er_STAT6_GMCSF,0.0447711039967608,0.5864293212139535,0.0,0.0,62,0.0,0.0,535,0.0,0.0,218,219.25
mDCs_159Tb_MAPKAPK2_GMCSF,-0.0510523330979616,0.5349714257625271,0.0,0.0,176,0.0,0.0,404,-0.020631115022345558,0.005604842931901,126,220.5
intMCs_159Tb_MAPKAPK2_unstim,0.042093266011967,0.6090365476495105,0.0,0.0,85,0.0,0.0,513,0.0,0.0,201,221.0
CD4Tnaive_154Sm_STAT3_IFNa,0.0673015721941854,0.413182776307004,0.0,0.0,153,0.0,0.0,426,-0.0029218768222283044,0.0011215851811468196,154,221.5
CD8Tcm_159Tb_MAPKAPK2_IL246,-0.0356699337589495,0.6647612045520923,0.0,0.0,84,0.0,0.0,512,0.0,0.0,219,224.75
CD4Tnaive_156Gd_IkB_IFNa,0.0463073935179173,0.5736357941269108,0.0,0.0,70,0.0,0.0,498,0.0,0.0,266,226.0
CD56hiCD16negNK_155Gd_S6_IL246,0.0332181108993647,0.686547237966153,0.0,0.0,83,0.0,0.0,511,0.0,0.0,227,226.0
MDSCs_167Er_ERK_GMCSF,-0.0464644692383014,0.5723351518548117,0.0,0.0,67,0.0,0.0,495,0.0,0.0,279,227.0
mDCs_150Nd_STAT5_IFNa,0.0460886856346971,0.5754490783817374,0.0,0.0,71,0.0,0.0,499,0.0,0.0,267,227.0
CD56loCD16posNK_156Gd_IkB_unstim,0.0459940985529965,0.5762341195162046,0.0,0.0,68,0.0,0.0,496,0.0,0.0,278,227.5
Granulocytes_156Gd_IkB_IL246,0.0461349165693616,0.5750655591645149,0.0,0.0,72,0.0,0.0,500,0.0,0.0,268,228.0
CD56hiCD16negNK_167Er_ERK_IL246,0.0425482728158946,0.6051682362925912,0.0,0.0,74,0.0,0.0,502,0.0,0.0,263,228.25
mDCs_159Tb_MAPKAPK2_IL246,-0.0338218315136541,0.6811579572497005,0.0,0.0,73,0.0,0.0,501,0.0,0.0,269,229.0
CD8Teff_159Tb_MAPKAPK2_IL246,-0.035720509479762,0.6643146663042134,0.0,0.0,75,0.0,0.0,503,0.0,0.0,270,230.75
CD4Teff_159Tb_MAPKAPK2_IL246,-0.0368673922820143,0.6542206372063606,0.0,0.0,76,0.0,0.0,504,0.0,0.0,272,232.0
CD4negCD8negTcells_151Eu_p38_IFNa,0.0364887117843374,0.6575467055891111,0.0,0.0,77,0.0,0.0,505,0.0,0.0,273,233.0
cMCs_156Gd_IkB_IFNa,0.0333716223762344,0.6851753654062156,0.0,0.0,87,0.0,0.0,537,0.0,0.0,221,233.0
ncMCs_150Nd_STAT5_IL246,0.0630679415095554,0.4432459704960837,0.0,0.0,123,0.0,0.0,551,-0.00932906574059427,0.0032964739263666195,136,233.25
Granulocytes_156Gd_IkB_LPS,0.0339103905763622,0.6803687550671923,0.0,0.0,100,0.0,0.0,572,0.00224569469807246,0.0003756051015809298,163,233.75
pDCs_159Tb_MAPKAPK2_IL246,-0.0364488916778521,0.6578968497254551,0.0,0.0,78,0.0,0.0,506,0.0,0.0,274,234.0
mDCs_166Er_NFkB_IFNa,0.0358354189187744,0.6633005575446729,0.0,0.0,82,0.0,0.0,510,0.0,0.0,262,234.0
Bcells_156Gd_IkB_IFNa,0.0353648692992165,0.6674571430098752,0.0,0.0,88,0.0,0.0,538,0.0,0.0,222,234.0
intMCs_150Nd_STAT5_IFNa,0.0534820789552631,0.5156890457067587,0.0,0.0,184,0.0,0.0,478,-0.08505215050995645,0.02446202709044922,92,234.5
cMCs_159Tb_MAPKAPK2_GMCSF,-0.0564124089678396,0.4929183109323387,0.0,0.0,195,0.0,0.0,489,-0.18670378244171337,0.057360078591819935,62,235.25
CD4Tcm_150Nd_STAT5_unstim,-0.0360974694085643,0.6609901721692841,0.0,0.0,81,0.0,0.0,509,0.0,0.0,277,237.0
CD8Tcm_166Er_NFkB_unstim,-0.0379876033911909,0.6444213927094867,0.0,0.0,113,0.0,0.0,541,0.0,0.0,186,238.25
mDCs_156Gd_IkB_IL246,-0.0384936837640075,0.6400142121943587,0.0,0.0,110,0.0,0.0,549,0.0,0.0,184,238.25
CD8Tnaive_149Sm_CREB_unstim,0.0373162254708878,0.6502871831750281,0.0,0.0,114,0.0,0.0,542,0.0,0.0,190,240.0
CD4negCD8negTcells_149Sm_CREB_IL246,0.0380865826889247,0.6435584555227386,0.0,0.0,112,0.0,0.0,540,0.0,0.0,202,241.5
CD4Teff_154Sm_STAT3_IL246,0.056067455070728,0.4955708595015876,0.0,0.0,198,0.0,0.0,471,0.04569894264047946,0.01393334433386945,104,242.75
NKT_150Nd_STAT5_IL246,-0.0131847069437222,0.8727746260893805,0.0,0.0,208,0.0,0.0,457,-0.24941649418998124,0.014739988125601684,103,244.0
CD8Tnaive_150Nd_STAT5_IFNa,-0.0493959755760759,0.5483193817989056,0.0,0.0,117,0.0,0.0,545,0.0,0.0,199,244.5
CD56hiCD16negNK_155Gd_S6_unstim,0.0594935712616937,0.4695631974323553,0.0,0.0,118,0.0,0.0,546,0.0,0.0,198,245.0
CD4Tcm_149Sm_CREB_unstim,0.0638255229535996,0.4377772414352588,0.0,0.0,119,0.0,0.0,547,0.0,0.0,204,247.25
Bcells_159Tb_MAPKAPK2_IL246,0.0627389345653802,0.4456329444168357,0.0,0.0,126,0.0,0.0,554,0.0,0.0,187,248.25
Tregs_155Gd_S6_LPS,0.0687187281529375,0.4033930110031326,0.0,0.0,148,0.0,0.0,442,0.0,0.0,259,249.25
intMCs_159Tb_MAPKAPK2_LPS,0.015250874100648,0.8530466536986092,0.0,0.0,209,0.0,0.0,458,-0.09470786555572076,0.006537420323291345,122,249.5
MDSCs_166Er_NFkB_IL246,0.0633320288886005,0.4413352375285005,0.0,0.0,121,0.0,0.0,548,0.0,0.0,208,249.5
Bcells_150Nd_STAT5_IFNa,-0.0686582723152994,0.403807813142079,0.0,0.0,149,0.0,0.0,443,0.0,0.0,258,249.75
CD56hiCD16negNK_166Er_NFkB_LPS,0.0624949995837872,0.447407384134871,0.0,0.0,127,0.0,0.0,555,0.0,0.0,191,250.0
cMCs_150Nd_STAT5_GMCSF,0.1497722252969204,0.0673524302868182,0.0,0.0,404,0.0,0.0,159,-0.13330851791117643,0.15619048895206233,34,250.25
NKT_149Sm_CREB_unstim,0.3104484671411326,0.000110467334518,0.0,0.0,116,0.0,0.0,544,0.0,0.0,225,250.25
Granulocytes_149Sm_CREB_IL246,0.0682902029508557,0.4063386749679033,0.0,0.0,150,0.0,0.0,444,0.0,0.0,257,250.25
CD8Tnaive_167Er_ERK_unstim,-0.0656799332551868,0.4245542413499716,0.0,0.0,151,0.0,0.0,445,0.0,0.0,256,250.75
CD56loCD16posNK_156Gd_IkB_IL246,0.0635428404775122,0.4398133249739402,0.0,0.0,120,0.0,0.0,539,0.0,0.0,224,250.75
pDCs_150Nd_STAT5_IL246,0.1605152430363798,0.0497393157473688,0.0,0.0,426,0.0,0.0,136,0.24259885176870824,0.3161791304571465,20,252.0
CD4Tnaive_168Er_STAT6_IFNa,0.1468009986882947,0.0730333944360026,0.0,0.0,410,0.0,0.0,165,0.21610511752220904,0.24559882278850723,25,252.5
CD4Teff_168Er_STAT6_unstim,-0.0630501043179292,0.4433751951611612,0.0,0.0,124,0.0,0.0,552,0.0,0.0,212,253.0
Tregs_167Er_ERK_IFNa,0.062856290014913,0.4447806897589019,0.0,0.0,125,0.0,0.0,553,0.0,0.0,216,254.75
pDCs_150Nd_STAT5_GMCSF,0.1580800848021182,0.0533536256340296,0.0,0.0,430,0.0,0.0,140,-0.2622619629758542,0.33381648438939915,19,254.75
mDCs_168Er_STAT6_IFNa,0.0586608848394651,0.4758145699305205,0.0,0.0,190,0.0,0.0,484,0.00131837929007386,0.0004252594080267423,162,256.5
Bcells_156Gd_IkB_unstim,0.0612679289875555,0.4563934448587,0.0,0.0,131,0.0,0.0,493,0.0,0.0,281,259.0
ncMCs_151Eu_p38_GMCSF,0.0610483825356201,0.4580117489717782,0.0,0.0,132,0.0,0.0,492,0.0,0.0,282,259.5
Tregs_159Tb_MAPKAPK2_IL246,0.0607684280056812,0.4600799431390484,0.0,0.0,133,0.0,0.0,491,0.0,0.0,283,260.0
NKT_150Nd_STAT5_IFNa,-0.1456647845632726,0.0753058838280111,0.0,0.0,438,0.0,0.0,148,-0.23403607608768479,0.2628625546814584,24,262.0
CD8Teff_154Sm_STAT3_unstim,0.06157037038164,0.4541693320340841,0.0,0.0,130,0.0,0.0,494,0.0,0.0,295,262.25
MDSCs_153Eu_STAT1_IFNa,0.0584542541254665,0.4773728100640452,0.0,0.0,192,0.0,0.0,486,-0.00022284020334271598,7.156342009782497e-05,180,262.5
intMCs_168Er_STAT6_IFNa,0.1497359070876094,0.0674196314136303,0.0,0.0,405,0.0,0.0,160,0.03360904051258884,0.03936336620907547,81,262.75
CD4Tnaive_159Tb_MAPKAPK2_IFNa,0.0512274318339361,0.533569910259311,0.0,0.0,175,0.0,0.0,446,0.0,0.0,255,262.75
CD56loCD16posNK_149Sm_CREB_IFNa,0.0502555632612523,0.5413720018098263,0.0,0.0,177,0.0,0.0,447,0.0,0.0,254,263.75
CD8Tem_156Gd_IkB_unstim,0.0501846042881003,0.5419438564015537,0.0,0.0,178,0.0,0.0,449,0.0,0.0,252,264.25
CD8Tcm_168Er_STAT6_IFNa,0.1578039611384299,0.0537768246056342,0.0,0.0,431,0.0,0.0,141,0.0518301708229923,0.06579346998155584,59,265.5
MDSCs_155Gd_S6_IFNa,0.0499739066826258,0.5436436131120028,0.0,0.0,179,0.0,0.0,473,0.0,0.0,240,267.75
pDCs_150Nd_STAT5_unstim,-0.1663581628628731,0.0418892175607604,0.0,0.0,420,0.0,0.0,175,-0.05178533364322692,0.07135489479553127,57,268.0
pDCs_154Sm_STAT3_IFNa,0.2135588894016919,0.0086899988405586,0.0,0.0,497,0.0,0.0,71,0.26604401558003676,0.5483114701204669,10,268.75
CD4Tem_149Sm_CREB_IFNa,0.0499192075219339,0.5440853155139882,0.0,0.0,180,0.0,0.0,474,0.0,0.0,241,268.75
CD8Tnaive_156Gd_IkB_unstim,0.0403453810590771,0.6239965951194348,0.0,0.0,103,0.0,0.0,575,0.0,0.0,296,269.25
ncMCs_156Gd_IkB_LPS,0.0382052258474957,0.6425247083910046,0.0,0.0,111,0.0,0.0,558,0.0,0.0,298,269.5
CD56loCD16posNK_156Gd_IkB_LPS,0.0498691309206121,0.5444898450000253,0.0,0.0,181,0.0,0.0,475,0.0,0.0,242,269.75
mDCs_155Gd_S6_IL246,0.0533949514245494,0.5163742630019295,0.0,0.0,183,0.0,0.0,477,0.0,0.0,236,269.75
CD4Tem_154Sm_STAT3_IFNa,0.1553430529239847,0.0576723910737494,0.0,0.0,434,0.0,0.0,144,0.036550187620427464,0.04528685362271267,73,271.25
Tregs_156Gd_IkB_IFNa,0.0590262348892518,0.4730661669163917,0.0,0.0,187,0.0,0.0,472,0.0,0.0,239,271.25
CD8Tnaive_155Gd_S6_unstim,0.0622872938959661,0.4489214126431826,0.0,0.0,128,0.0,0.0,556,0.0,0.0,280,273.0
CD4Teff_156Gd_IkB_IFNa,0.0496004585563224,0.546662760639237,0.0,0.0,182,0.0,0.0,476,0.0,0.0,260,275.0
CD8Tem_167Er_ERK_unstim,-0.0554237782111693,0.5005405604467585,0.0,0.0,201,0.0,0.0,450,0.0,0.0,251,275.75
CD56hiCD16negNK_156Gd_IkB_IL246,0.0549166151578529,0.5044746102223356,0.0,0.0,202,0.0,0.0,451,0.0,0.0,250,276.25
CD8Teff_166Er_NFkB_unstim,-0.0558789751063269,0.497023370584558,0.0,0.0,199,0.0,0.0,470,0.0,0.0,238,276.5
pDCs_168Er_STAT6_unstim,0.0556289343346165,0.4989537564871303,0.0,0.0,200,0.0,0.0,469,0.0,0.0,237,276.5
CD8Teff_166Er_NFkB_IFNa,-0.0544013633099367,0.508487869104838,0.0,0.0,203,0.0,0.0,452,0.0,0.0,249,276.75
Tregs_155Gd_S6_IFNa,-0.0538519264325786,0.5127855761071562,0.0,0.0,204,0.0,0.0,453,0.0,0.0,248,277.25
Granulocytes_159Tb_MAPKAPK2_unstim,0.0325741677093884,0.6923130070138621,0.0,0.0,205,0.0,0.0,454,0.0,0.0,247,277.75
Granulocytes_151Eu_p38_unstim,-0.0617239072703214,0.4530425614765638,0.0,0.0,129,0.0,0.0,557,0.0,0.0,297,278.0
Granulocytes_156Gd_IkB_IFNa,0.030343496155714,0.712421082531935,0.0,0.0,206,0.0,0.0,455,0.0,0.0,246,278.25
cMCs_159Tb_MAPKAPK2_unstim,0.0150135093782156,0.8553086555115494,0.0,0.0,212,0.0,0.0,461,0.0,0.0,229,278.5
MDSCs_166Er_NFkB_unstim,-0.0323632243345263,0.6942056257661059,0.0,0.0,207,0.0,0.0,456,0.0,0.0,245,278.75
CD56hiCD16negNK_154Sm_STAT3_unstim,-0.0150016240970319,0.8554219491409962,0.0,0.0,213,0.0,0.0,462,0.0,0.0,230,279.5
CD4Tem_150Nd_STAT5_unstim,-0.0534927476324934,0.5156051736559989,0.0,0.0,185,0.0,0.0,479,0.0,0.0,271,280.0
MDSCs_155Gd_S6_unstim,0.0149477722936656,0.8559353156389882,0.0,0.0,214,0.0,0.0,463,0.0,0.0,231,280.5
Tregs_150Nd_STAT5_unstim,-0.0152473178749046,0.853080534495217,0.0,0.0,210,0.0,0.0,459,0.0,0.0,244,280.75
CD8Tnaive_159Tb_MAPKAPK2_IL246,0.0150339443302995,0.8551138710708268,0.0,0.0,211,0.0,0.0,460,0.0,0.0,243,281.25
CD56hiCD16negNK_166Er_NFkB_IFNa,-0.0143317171452442,0.861812380036602,0.0,0.0,215,0.0,0.0,464,0.0,0.0,232,281.5
MDSCs_156Gd_IkB_LPS,0.0142423828641617,0.8626652512842455,0.0,0.0,216,0.0,0.0,465,0.0,0.0,233,282.5
CD56loCD16posNK_159Tb_MAPKAPK2_IFNa,0.0131633695892616,0.8729787881793769,0.0,0.0,218,0.0,0.0,467,0.0,0.0,228,282.75
CD56hiCD16negNK_159Tb_MAPKAPK2_LPS,0.013997428953767,0.8650046278244504,0.0,0.0,217,0.0,0.0,466,0.0,0.0,234,283.5
Bcells_150Nd_STAT5_unstim,-0.0346791979226002,0.6735320936181061,0.0,0.0,90,0.0,0.0,562,0.0,0.0,393,283.75
CD8Tem_156Gd_IkB_IFNa,0.0344337679491694,0.6757117268347436,0.0,0.0,92,0.0,0.0,564,0.0,0.0,389,284.25
CD4negCD8negTcells_154Sm_STAT3_IFNa,0.0345825172418682,0.67439038014198,0.0,0.0,91,0.0,0.0,563,0.0,0.0,395,285.0
CD8Tem_168Er_STAT6_IL246,0.2383026870664396,0.0033181912751615,0.0,0.0,522,0.0,0.0,53,0.040549382287402694,0.10052591616791819,44,285.25
Bcells_159Tb_MAPKAPK2_IFNa,0.019351202382809,0.8141759561331268,0.0,0.0,219,0.0,0.0,468,0.0,0.0,235,285.25
CD56hiCD16negNK_151Eu_p38_unstim,0.0125524222354275,0.8788280130117507,0.0,0.0,221,0.0,0.0,448,0.0,0.0,253,285.75
MDSCs_149Sm_CREB_LPS,0.1556953960769468,0.0571007929010253,0.0,0.0,433,0.0,0.0,143,0.00260534373364069,0.0032393746120990357,137,286.5
CD8Teff_150Nd_STAT5_unstim,-0.0566560104312637,0.491049666068867,0.0,0.0,186,0.0,0.0,480,0.0,0.0,294,286.5
Granulocytes_149Sm_CREB_LPS,0.1652435853936603,0.0433008699112988,0.0,0.0,422,0.0,0.0,168,0.002588200037117096,0.0035290194951399087,134,286.5
intMCs_168Er_STAT6_IL246,0.2363742750813511,0.0035895239122661,0.0,0.0,524,0.0,0.0,46,0.03223302400923745,0.07880855588952922,53,286.75
CD56hiCD16negNK_155Gd_S6_LPS,-0.0344219040144181,0.6758171573648541,0.0,0.0,93,0.0,0.0,565,0.0,0.0,396,286.75
MDSCs_156Gd_IkB_GMCSF,-0.0690047126884604,0.4014342283187182,0.0,0.0,147,0.0,0.0,441,0.0,0.0,412,286.75
Granulocytes_156Gd_IkB_GMCSF,0.0417003030673193,0.6123861193542478,0.0,0.0,98,0.0,0.0,561,0.0,0.0,392,287.25
CD8Tem_154Sm_STAT3_unstim,0.0589628218802113,0.4735425801465344,0.0,0.0,188,0.0,0.0,481,0.0,0.0,293,287.5
Granulocytes_153Eu_STAT1_unstim,0.0589628218802113,0.4735425801465344,0.0,0.0,189,0.0,0.0,483,0.0,0.0,291,288.0
Bcells_166Er_NFkB_IFNa,-0.0368887296364748,0.6540334259052553,0.0,0.0,94,0.0,0.0,566,0.0,0.0,398,288.0
MDSCs_159Tb_MAPKAPK2_LPS,-0.1310302595259159,0.1099850781999854,0.0,0.0,451,0.0,0.0,205,0.09979447266406463,0.09566959109016906,48,288.75
Tregs_155Gd_S6_IL246,0.037052316020672,0.6525988556746806,0.0,0.0,95,0.0,0.0,567,0.0,0.0,399,289.0
CD56hiCD16negNK_155Gd_S6_IFNa,-0.0586480181887828,0.4759115190388759,0.0,0.0,191,0.0,0.0,485,0.0,0.0,290,289.25
MDSCs_155Gd_S6_IL246,0.0370837956109286,0.6523229411677716,0.0,0.0,96,0.0,0.0,568,0.0,0.0,400,290.0
cMCs_168Er_STAT6_IFNa,0.1293178188315484,0.1147508812866285,0.0,0.0,455,0.0,0.0,209,0.10968250722294436,0.10312831607437703,41,290.0
intMCs_159Tb_MAPKAPK2_IL246,0.0573708118056907,0.4855883037584253,0.0,0.0,193,0.0,0.0,487,0.0,0.0,289,290.5
CD8Tcm_155Gd_S6_IL246,0.039166492225134,0.6341745195587167,0.0,0.0,106,0.0,0.0,578,0.0,0.0,372,290.5
CD8Teff_159Tb_MAPKAPK2_IFNa,-0.039881293599561,0.6279949576630679,0.0,0.0,104,0.0,0.0,576,0.0,0.0,379,290.75
mDCs_166Er_NFkB_LPS,0.0572180722841233,0.4867525529350683,0.0,0.0,194,0.0,0.0,488,0.0,0.0,288,291.0
mDCs_166Er_NFkB_unstim,0.0372539918736028,0.6508320094029351,0.0,0.0,97,0.0,0.0,569,0.0,0.0,401,291.0
CD4negCD8negTcells_154Sm_STAT3_IL246,0.0404965206531723,0.6226968018013069,0.0,0.0,102,0.0,0.0,574,0.0,0.0,387,291.25
cMCs_156Gd_IkB_LPS,0.0389815684864763,0.6357773539937897,0.0,0.0,107,0.0,0.0,579,0.0,0.0,373,291.5
MDSCs_151Eu_p38_GMCSF,0.0535583818845682,0.5150893426868415,0.0,0.0,196,0.0,0.0,490,0.0,0.0,284,291.5
intMCs_166Er_NFkB_unstim,0.0386828455240292,0.6383701161528175,0.0,0.0,109,0.0,0.0,559,0.0,0.0,390,291.75
MDSCs_167Er_ERK_IFNa,-0.056081224239351,0.4954648361136641,0.0,0.0,197,0.0,0.0,482,0.0,0.0,292,292.0
CD8Tcm_168Er_STAT6_unstim,-0.0416078411979905,0.6131754240221408,0.0,0.0,99,0.0,0.0,570,0.0,0.0,402,292.5
mDCs_167Er_ERK_LPS,0.0691187122655199,0.4006549935372172,0.0,0.0,145,0.0,0.0,439,0.0,0.0,442,292.75
CD4Teff_156Gd_IkB_unstim,0.0415048582310821,0.6140550653834133,0.0,0.0,101,0.0,0.0,573,0.0,0.0,397,293.0
pDCs_154Sm_STAT3_IL246,0.1697101507769483,0.0378741496495046,0.0,0.0,531,0.0,0.0,62,-0.06025986092091205,0.08566885967526104,49,293.25
intMCs_156Gd_IkB_IL246,0.039502555557887,0.6312660238375594,0.0,0.0,105,0.0,0.0,577,0.0,0.0,386,293.25
cMCs_151Eu_p38_LPS,0.1892376087032604,0.0203795196862431,0.0,0.0,532,0.0,0.0,63,-0.047463700657708746,0.0802519125054932,52,294.75
cMCs_154Sm_STAT3_IFNa,0.2193284446124329,0.0070039013845082,0.0,0.0,491,0.0,0.0,112,-0.015764611933726712,0.03396737839357786,86,295.0
intMCs_150Nd_STAT5_GMCSF,0.1687998111370783,0.0389311308023941,0.0,0.0,483,0.0,0.0,193,-0.1299791537964971,0.183232000637597,29,297.0
CD8Tem_167Er_ERK_IFNa,0.0389442281161704,0.6361012085803341,0.0,0.0,108,0.0,0.0,571,0.0,0.0,403,297.5
CD4Teff_168Er_STAT6_IL246,0.1818440471639355,0.0259407989447522,0.0,0.0,537,0.0,0.0,90,0.11449904945388813,0.18159739910744432,30,298.5
CD8Teff_168Er_STAT6_IL246,0.138708807009147,0.0904915023559583,0.0,0.0,474,0.0,0.0,184,0.05394225917182232,0.05628293255079469,63,298.75
Bcells_153Eu_STAT1_IFNa,0.012453024566866,0.8797802768093084,0.0,0.0,222,0.0,0.0,581,0.001961097282983324,0.00010908756288443242,177,300.5
NKT_150Nd_STAT5_unstim,-0.1342688591684896,0.1013965038347407,0.0,0.0,441,0.0,0.0,151,-0.000131108091353042,0.0001303184298462458,176,302.25
pDCs_150Nd_STAT5_IFNa,0.1373368206039082,0.0937566908150829,0.0,0.0,478,0.0,0.0,188,-0.046353600048975006,0.04765139561266254,72,304.0
CD4negCD8negTcells_168Er_STAT6_IL246,0.2360551523965994,0.0036363035068911,0.0,0.0,526,0.0,0.0,57,-0.003936702584235392,0.009602955590574027,114,305.75
intMCs_154Sm_STAT3_IL246,0.2004502202534985,0.0139137608424905,0.0,0.0,559,0.0,0.0,110,-0.20886094986823825,0.38776193807232634,15,310.75
pDCs_155Gd_S6_unstim,0.1441573372528301,0.078408686617454,0.0,0.0,465,0.0,0.0,219,-0.018122824202373943,0.02003724361076679,96,311.25
intMCs_167Er_ERK_LPS,0.1739884991601116,0.0332246655743476,0.0,0.0,548,0.0,0.0,124,-0.0689513497735569,0.10194728606782846,43,315.75
Tregs_168Er_STAT6_IFNa,0.1947300311452106,0.0169449302483468,0.0,0.0,564,0.0,0.0,95,0.06080960951887643,0.10769139911970377,40,315.75
CD8Teff_155Gd_S6_unstim,0.0677763283309317,0.4098877335830997,0.0,0.0,152,0.0,0.0,437,0.0,0.0,522,315.75
intMCs_151Eu_p38_LPS,0.1795237694502028,0.0279344467751821,0.0,0.0,539,0.0,0.0,115,-0.02728596719401902,0.042398570941965134,78,317.75
CD4Tnaive_168Er_STAT6_IL246,0.1834816891187795,0.0246081206507278,0.0,0.0,536,0.0,0.0,89,0.0029267926327330718,0.004708979746732392,130,322.75
CD4Tcm_150Nd_STAT5_IFNa,0.0116679766641544,0.8873072452230734,0.0,0.0,224,0.0,0.0,697,-0.023559098685815075,0.0012233291052123412,152,324.25
intMCs_154Sm_STAT3_GMCSF,0.1445908043887603,0.0775061047389987,0.0,0.0,464,0.0,0.0,218,0.00070043942909674,0.000777952920491663,157,325.75
Granulocytes_150Nd_STAT5_GMCSF,-0.0185848357351024,0.8214097132819895,0.0,0.0,236,0.0,0.0,709,-0.0619824882000497,0.005295794072256741,128,327.25
CD8Tcm_150Nd_STAT5_IFNa,-0.0192302907075327,0.8153162201275203,0.0,0.0,233,0.0,0.0,705,0.0313752284249642,0.0027821644205033025,142,328.25
ncMCs_149Sm_CREB_LPS,0.1711024673059415,0.0363043448335114,0.0,0.0,551,0.0,0.0,127,0.024473291795834955,0.035242553290538735,85,328.5
Granulocytes_168Er_STAT6_IL246,0.0165738490091644,0.8404615724086681,0.0,0.0,246,0.0,0.0,674,0.016545122448880747,0.001248861225619683,151,329.25
cMCs_168Er_STAT6_IL246,0.2037902408475846,0.0123725025777823,0.0,0.0,554,0.0,0.0,130,0.01938093391954553,0.03696995411466595,82,330.0
Granulocytes_155Gd_S6_unstim,0.191806813584121,0.0187045222306237,0.0,0.0,569,0.0,0.0,100,-0.021259114018860062,0.03673688384678126,83,330.25
NKT_154Sm_STAT3_IFNa,-0.0155602657403254,0.8501000582426539,0.0,0.0,232,0.0,0.0,696,0.0044505572771996885,0.0003138976003370964,168,332.0
intMCs_159Tb_MAPKAPK2_GMCSF,-0.0704221602840347,0.3918094819531371,0.0,0.0,332,0.0,0.0,605,-0.11042691329164711,0.044935478107694285,75,336.0
CD4Tnaive_150Nd_STAT5_IFNa,0.019045366968875,0.8170609016440898,0.0,0.0,234,0.0,0.0,707,-0.001942339431854054,0.00017043168262798904,174,337.25
CD8Tcm_167Er_ERK_IFNa,0.0607510043748095,0.4602088328462578,0.0,0.0,134,0.0,0.0,428,0.0,0.0,653,337.25
CD56loCD16posNK_154Sm_STAT3_IL246,0.0032699495710728,0.9683214431678282,0.0,0.0,259,0.0,0.0,687,0.11785513290669457,0.0016476678786702323,147,338.0
Tregs_149Sm_CREB_unstim,-0.0601241022003053,0.4648595646329734,0.0,0.0,135,0.0,0.0,429,0.0,0.0,654,338.25
CD4Tcm_155Gd_S6_unstim,0.0599295162280799,0.4663083628131179,0.0,0.0,136,0.0,0.0,430,0.0,0.0,655,339.25
Tregs_154Sm_STAT3_IL246,0.0597108083448597,0.4679397189685149,0.0,0.0,137,0.0,0.0,431,0.0,0.0,656,340.25
mDCs_154Sm_STAT3_GMCSF,0.0693001710619864,0.3994165038588412,0.0,0.0,142,0.0,0.0,427,0.0,0.0,651,340.5
MDSCs_150Nd_STAT5_IFNa,-0.0040532154971037,0.9607388129369284,0.0,0.0,256,0.0,0.0,684,0.015603002062953137,0.00027140897607196474,171,341.75
ncMCs_166Er_NFkB_unstim,0.0647122448241632,0.4314253693097438,0.0,0.0,139,0.0,0.0,433,0.0,0.0,657,342.0
cMCs_153Eu_STAT1_IL246,0.1503773183729262,0.0662408060637885,0.0,0.0,401,0.0,0.0,403,-0.00026772368936171803,0.000315612601358695,167,343.0
Tregs_168Er_STAT6_unstim,-0.0653118638907431,0.4271602474239436,0.0,0.0,140,0.0,0.0,434,0.0,0.0,658,343.0
CD56loCD16posNK_168Er_STAT6_IL246,0.1273893404678475,0.1203088003761606,0.0,0.0,575,0.0,0.0,106,0.009287200150328925,0.008541462158637209,116,343.0
cMCs_159Tb_MAPKAPK2_LPS,0.0033446303116846,0.9675983418705384,0.0,0.0,258,0.0,0.0,686,-0.017977455091474814,0.00025716541941210564,172,343.5
MDSCs_159Tb_MAPKAPK2_IL246,0.0672027393024976,0.4138706731638323,0.0,0.0,154,0.0,0.0,425,0.0,0.0,643,344.0
Granulocytes_155Gd_S6_IL246,0.0692077091926575,0.4000472880142826,0.0,0.0,143,0.0,0.0,436,0.0,0.0,659,345.25
CD56loCD16posNK_168Er_STAT6_IFNa,0.0671923851217016,0.4139427791529062,0.0,0.0,155,0.0,0.0,424,0.0,0.0,650,346.0
ncMCs_167Er_ERK_LPS,0.0664676680697419,0.4190079294632871,0.0,0.0,156,0.0,0.0,405,0.0,0.0,675,348.0
CD8Tcm_155Gd_S6_IFNa,-0.0127063945812324,0.8773532480486435,0.0,0.0,220,0.0,0.0,580,0.0,0.0,374,348.5
CD56loCD16posNK_150Nd_STAT5_unstim,-0.0525293767445272,0.5232068899357929,0.0,0.0,167,0.0,0.0,416,0.0,0.0,644,348.5
ncMCs_150Nd_STAT5_IFNa,0.0323207576690544,0.6945868724925803,0.0,0.0,300,0.0,0.0,727,-0.31647772240968003,0.05009001432727599,68,348.75
intMCs_151Eu_p38_GMCSF,0.0662561215368187,0.420493234940972,0.0,0.0,157,0.0,0.0,406,0.0,0.0,676,349.0
CD8Tcm_159Tb_MAPKAPK2_IFNa,-0.0531549456238596,0.5182642095757412,0.0,0.0,165,0.0,0.0,414,0.0,0.0,652,349.0
MDSCs_166Er_NFkB_GMCSF,0.052491123161223,0.5235099102966698,0.0,0.0,168,0.0,0.0,417,0.0,0.0,645,349.5
NKT_156Gd_IkB_unstim,0.0590449804264946,0.4729253842799884,0.0,0.0,163,0.0,0.0,412,0.0,0.0,661,349.75
NKT_154Sm_STAT3_IL246,0.0661724705206502,0.4210814068011146,0.0,0.0,158,0.0,0.0,407,0.0,0.0,677,350.0
ncMCs_154Sm_STAT3_unstim,0.0021516772464752,0.9791519460309582,0.0,0.0,265,0.0,0.0,715,-0.07151465175641508,0.000654352527347795,158,350.75
Tregs_154Sm_STAT3_unstim,0.0594745982203008,0.4697051349057133,0.0,0.0,161,0.0,0.0,410,0.0,0.0,672,351.0
mDCs_166Er_NFkB_IL246,0.0659402372362998,0.4227168018208765,0.0,0.0,159,0.0,0.0,408,0.0,0.0,678,351.0
CD8Tnaive_168Er_STAT6_unstim,-0.0520275826262052,0.5271888504842607,0.0,0.0,170,0.0,0.0,419,0.0,0.0,646,351.25
CD4negCD8negTcells_154Sm_STAT3_unstim,0.0526216177230881,0.5224765827060378,0.0,0.0,166,0.0,0.0,415,0.0,0.0,660,351.75
Bcells_155Gd_S6_IL246,0.0595152159289717,0.4694013021678525,0.0,0.0,160,0.0,0.0,409,0.0,0.0,679,352.0
Granulocytes_150Nd_STAT5_IFNa,-0.1264398281943549,0.123120867667237,0.0,0.0,576,0.0,0.0,107,0.0014513356088264701,0.001320234043282014,150,352.25
CD56hiCD16negNK_159Tb_MAPKAPK2_IL246,-0.0185361024045407,0.8218702242253325,0.0,0.0,237,0.0,0.0,710,0.0,0.0,226,352.5
CD4Teff_155Gd_S6_IFNa,-0.0517822030499093,0.5291416039234631,0.0,0.0,172,0.0,0.0,421,0.0,0.0,647,353.0
ncMCs_155Gd_S6_IFNa,0.0517786468241659,0.5291699314509724,0.0,0.0,173,0.0,0.0,422,0.0,0.0,648,354.0
intMCs_156Gd_IkB_LPS,0.0514745895231037,0.5315947554423333,0.0,0.0,174,0.0,0.0,423,0.0,0.0,649,355.0
Bcells_150Nd_STAT5_IL246,-0.0227101383483583,0.7826632346758478,0.0,0.0,351,0.0,0.0,600,-0.04272644584819466,0.004547164841906321,131,358.25
mDCs_168Er_STAT6_IL246,0.0196357702615816,0.8114938651780873,0.0,0.0,312,0.0,0.0,670,-0.03292061098626548,0.002986385293504699,139,358.25
CD4negCD8negTcells_155Gd_S6_IL246,0.149701100782052,0.0674840862394824,0.0,0.0,406,0.0,0.0,161,0.0,0.0,473,361.5
CD8Teff_153Eu_STAT1_IFNa,0.005877557322164,0.9430925351794542,0.0,0.0,294,0.0,0.0,722,0.12326119145395985,0.0031364663977985195,138,362.0
NKT_166Er_NFkB_IL246,0.149084095615569,0.0686350188214668,0.0,0.0,407,0.0,0.0,162,0.0,0.0,474,362.5
MDSCs_149Sm_CREB_IL246,0.1465569219038856,0.0735168180732964,0.0,0.0,412,0.0,0.0,158,0.0,0.0,471,363.25
CD8Tnaive_166Er_NFkB_IFNa,0.1489667401660362,0.0688557252749048,0.0,0.0,408,0.0,0.0,163,0.0,0.0,475,363.5
NKT_155Gd_S6_IL246,0.167091044667366,0.0409821688477405,0.0,0.0,419,0.0,0.0,174,0.0,0.0,444,364.0
Granulocytes_159Tb_MAPKAPK2_GMCSF,-0.0238764996413083,0.7717999592172597,0.0,0.0,348,0.0,0.0,597,-0.003215012530580384,0.00036167363424372456,164,364.25
CD4negCD8negTcells_155Gd_S6_IFNa,0.1474606785636987,0.0717396905952503,0.0,0.0,409,0.0,0.0,164,0.0,0.0,476,364.5
CD4Tnaive_155Gd_S6_IL246,0.1545749081634064,0.0589348639741701,0.0,0.0,417,0.0,0.0,172,0.0,0.0,452,364.5
CD56hiCD16negNK_150Nd_STAT5_IL246,-0.0067133248240532,0.9350171276585164,0.0,0.0,292,0.0,0.0,720,-0.027362894874819778,0.0007984611381322923,155,364.75
Granulocytes_154Sm_STAT3_IL246,-0.0195841351690028,0.8119803713343612,0.0,0.0,299,0.0,0.0,718,0.02198147000898695,0.0019883222016272547,144,365.0
Tregs_150Nd_STAT5_IL246,-0.0310085103697331,0.7064049186889467,0.0,0.0,330,0.0,0.0,624,-0.000582184388083502,8.787857081811953e-05,179,365.75
pDCs_167Er_ERK_GMCSF,0.1653203162624377,0.043202428543423,0.0,0.0,421,0.0,0.0,176,0.0,0.0,445,365.75
ncMCs_166Er_NFkB_LPS,0.1459911980510105,0.0746472656494288,0.0,0.0,416,0.0,0.0,171,0.0,0.0,461,366.0
CD56loCD16posNK_166Er_NFkB_IL246,0.1467992205754229,0.0730369068715914,0.0,0.0,411,0.0,0.0,166,0.0,0.0,477,366.25
Bcells_167Er_ERK_IL246,0.1635747900557605,0.0454886844205434,0.0,0.0,423,0.0,0.0,157,0.0,0.0,463,366.5
ncMCs_159Tb_MAPKAPK2_LPS,0.0057486389142351,0.9443387154261678,0.0,0.0,295,0.0,0.0,723,0.047467606617491206,0.0011806240429801855,153,366.5
Granulocytes_156Gd_IkB_unstim,0.0223402101201518,0.7861175703963867,0.0,0.0,355,0.0,0.0,583,-0.00159118080370827,0.000166298278599637,175,367.0
intMCs_149Sm_CREB_GMCSF,0.1685135349647332,0.0392686048642497,0.0,0.0,418,0.0,0.0,173,0.0,0.0,460,367.25
NKT_153Eu_STAT1_IFNa,-0.019279205949346,0.8148548755557488,0.0,0.0,298,0.0,0.0,726,0.017915250881315164,0.0015930192994823274,148,367.5
intMCs_151Eu_p38_IL246,0.146554588015654,0.0735214530938439,0.0,0.0,413,0.0,0.0,167,0.0,0.0,478,367.75
CD4Tnaive_155Gd_S6_IFNa,0.1545268991158702,0.0590145166851103,0.0,0.0,415,0.0,0.0,170,0.0,0.0,472,368.0
CD8Tem_156Gd_IkB_IL246,0.1618767855885396,0.047808670748851,0.0,0.0,424,0.0,0.0,156,0.0,0.0,470,368.5
CD4Tem_159Tb_MAPKAPK2_unstim,0.1613505962807872,0.0485472756126693,0.0,0.0,425,0.0,0.0,155,0.0,0.0,469,368.5
CD56loCD16posNK_153Eu_STAT1_IFNa,0.0203407402773847,0.804858914684798,0.0,0.0,364,0.0,0.0,658,0.30372868495925565,0.02863561370814963,89,368.75
CD4Teff_153Eu_STAT1_IL246,0.0217278428181379,0.7918449063423931,0.0,0.0,359,0.0,0.0,653,0.1322879168586054,0.013408686398889343,105,369.0
CD56loCD16posNK_155Gd_S6_IFNa,0.1538369913216472,0.0601689563050199,0.0,0.0,414,0.0,0.0,169,0.0,0.0,479,369.0
Granulocytes_155Gd_S6_LPS,6.756828912494184e-05,0.9993452429348012,0.0,0.0,274,0.0,0.0,746,0.16894821300236734,4.8057405953604144e-05,182,369.0
CD4Teff_150Nd_STAT5_IFNa,-0.0224628999082997,0.7849714454904426,0.0,0.0,353,0.0,0.0,602,0.002942236041374654,0.0003093647658920248,169,369.25
intMCs_154Sm_STAT3_unstim,-0.0046230934664433,0.955224115634006,0.0,0.0,276,0.0,0.0,748,-0.004687613163716982,9.325876006492026e-05,178,369.5
CD4Teff_159Tb_MAPKAPK2_IFNa,-0.0005796647961771,0.9943829189013706,0.0,0.0,271,0.0,0.0,743,0.0,0.0,197,370.5
MDSCs_167Er_ERK_LPS,-0.0003981224424538,0.9961420881161024,0.0,0.0,272,0.0,0.0,744,0.0,0.0,195,370.75
CD8Teff_168Er_STAT6_IFNa,-0.0092230714655545,0.9108103086536008,0.0,0.0,282,0.0,0.0,754,0.008465990146843733,0.0003434826825071074,166,371.0
CD8Teff_156Gd_IkB_IFNa,-0.0116038684760884,0.8879223626552805,0.0,0.0,225,0.0,0.0,698,0.0,0.0,338,371.5
pDCs_159Tb_MAPKAPK2_IFNa,-0.0009139784526498,0.9911434526552214,0.0,0.0,270,0.0,0.0,742,0.0,0.0,205,371.75
ncMCs_150Nd_STAT5_unstim,0.0110954588316511,0.8928028847654207,0.0,0.0,226,0.0,0.0,699,0.0,0.0,339,372.5
cMCs_166Er_NFkB_unstim,-0.0041243694687833,0.9600501504574754,0.0,0.0,275,0.0,0.0,747,0.0,0.0,193,372.5
mDCs_166Er_NFkB_GMCSF,0.1689971053304258,0.0386999744942483,0.0,0.0,439,0.0,0.0,149,0.0,0.0,464,372.75
MDSCs_156Gd_IkB_unstim,0.0117098489276446,0.8869055175155248,0.0,0.0,223,0.0,0.0,627,0.0,0.0,420,373.25
mDCs_154Sm_STAT3_unstim,-0.0213783270719004,0.7951188631332644,0.0,0.0,360,0.0,0.0,654,0.0708102637599018,0.007050432331593326,120,373.5
ncMCs_159Tb_MAPKAPK2_IL246,0.0109497783204836,0.894202106593049,0.0,0.0,227,0.0,0.0,700,0.0,0.0,340,373.5
Granulocytes_167Er_ERK_LPS,0.0152792816570611,0.8527760194829067,0.0,0.0,229,0.0,0.0,702,0.0,0.0,335,373.75
CD4negCD8negTcells_156Gd_IkB_IL246,0.1351994377612781,0.0990290389904412,0.0,0.0,440,0.0,0.0,150,0.0,0.0,465,373.75
MDSCs_167Er_ERK_IL246,0.0108922698812096,0.8947545495351619,0.0,0.0,228,0.0,0.0,701,0.0,0.0,341,374.5
Bcells_155Gd_S6_IFNa,-0.0047546738189498,0.9539511071730936,0.0,0.0,278,0.0,0.0,749,0.0,0.0,194,374.75
CD4Tnaive_149Sm_CREB_IL246,0.1547738102294079,0.0586058024684965,0.0,0.0,436,0.0,0.0,146,0.0,0.0,482,375.0
Tregs_159Tb_MAPKAPK2_unstim,0.1341154224269362,0.1017911085527346,0.0,0.0,442,0.0,0.0,152,0.0,0.0,466,375.5
Granulocytes_155Gd_S6_GMCSF,0.0262929550339609,0.7494361095240462,0.0,0.0,382,0.0,0.0,630,0.0958904550642176,0.012011754814526036,108,375.5
CD8Tcm_166Er_NFkB_IFNa,0.0161701584553216,0.8442976419227717,0.0,0.0,247,0.0,0.0,675,0.0,0.0,334,375.75
CD8Teff_149Sm_CREB_IFNa,0.1337169567967272,0.1028215251978837,0.0,0.0,443,0.0,0.0,153,0.0,0.0,467,376.5
MDSCs_159Tb_MAPKAPK2_unstim,-0.0154704843899119,0.8509549096477591,0.0,0.0,230,0.0,0.0,703,0.0,0.0,344,376.75
intMCs_151Eu_p38_IFNa,0.1336642602361519,0.1029584090819979,0.0,0.0,444,0.0,0.0,154,0.0,0.0,468,377.5
cMCs_156Gd_IkB_unstim,0.0155211472571478,0.850472502749062,0.0,0.0,231,0.0,0.0,704,0.0,0.0,345,377.75
Bcells_149Sm_CREB_IFNa,-0.1326616593017301,0.1055901757893902,0.0,0.0,445,0.0,0.0,177,0.0,0.0,446,378.25
NKT_167Er_ERK_IL246,0.0003840723802891,0.9962782359434394,0.0,0.0,273,0.0,0.0,745,0.0,0.0,223,378.5
Granulocytes_149Sm_CREB_GMCSF,0.1524038323470497,0.0626263632755217,0.0,0.0,399,0.0,0.0,647,0.04119015816936669,0.049561761541722864,70,378.75
NKT_149Sm_CREB_IFNa,-0.1322604027487563,0.106658135835153,0.0,0.0,446,0.0,0.0,178,0.0,0.0,447,379.25
intMCs_156Gd_IkB_unstim,0.0171445643090181,0.8350447630286016,0.0,0.0,243,0.0,0.0,695,0.0,0.0,337,379.5
CD8Tcm_155Gd_S6_unstim,0.1320088777085475,0.1073318883808763,0.0,0.0,447,0.0,0.0,179,0.0,0.0,448,380.25
Granulocytes_166Er_NFkB_unstim,-0.0160990339404532,0.8449738842179627,0.0,0.0,248,0.0,0.0,676,0.0,0.0,352,381.0
pDCs_149Sm_CREB_GMCSF,0.1537965728166476,0.0602371602511617,0.0,0.0,396,0.0,0.0,644,-0.023539034126555333,0.028720811413286657,88,381.0
ncMCs_167Er_ERK_IL246,0.0169124304926399,0.837247087004274,0.0,0.0,245,0.0,0.0,693,0.0,0.0,343,381.5
NKT_159Tb_MAPKAPK2_IL246,-0.018764425135145,0.8197131905853936,0.0,0.0,235,0.0,0.0,708,0.0,0.0,349,381.75
Granulocytes_166Er_NFkB_IFNa,0.0158714354928744,0.8471386171543923,0.0,0.0,249,0.0,0.0,677,0.0,0.0,354,382.25
NKT_154Sm_STAT3_unstim,0.0177938955025163,0.8288912098069958,0.0,0.0,241,0.0,0.0,714,0.0,0.0,336,383.0
CD56hiCD16negNK_167Er_ERK_unstim,-0.0170302467550255,0.8361291694708347,0.0,0.0,244,0.0,0.0,694,0.0,0.0,350,383.0
NKT_168Er_STAT6_IFNa,0.0156865117542167,0.8488983044728732,0.0,0.0,250,0.0,0.0,678,0.0,0.0,355,383.25
MDSCs_151Eu_p38_unstim,-0.0185243950781628,0.821980862945084,0.0,0.0,238,0.0,0.0,711,0.0,0.0,347,383.5
Granulocytes_155Gd_S6_IFNa,-0.0179767211329779,0.8271604721511812,0.0,0.0,240,0.0,0.0,713,0.0,0.0,342,383.75
ncMCs_149Sm_CREB_GMCSF,0.1549394213021067,0.0583329708742731,0.0,0.0,435,0.0,0.0,145,0.0,0.0,521,384.0
pDCs_153Eu_STAT1_unstim,-0.0184954708125489,0.8222542233570389,0.0,0.0,239,0.0,0.0,712,0.0,0.0,346,384.0
Granulocytes_167Er_ERK_IFNa,-0.0156626328125538,0.8491255849501887,0.0,0.0,251,0.0,0.0,679,0.0,0.0,356,384.25
CD56hiCD16negNK_159Tb_MAPKAPK2_IFNa,-0.0177243866630017,0.8295494386275528,0.0,0.0,242,0.0,0.0,706,0.0,0.0,348,384.5
CD4Tcm_167Er_ERK_IL246,0.1464613791297982,0.0737067561436728,0.0,0.0,437,0.0,0.0,147,0.0,0.0,520,385.25
CD4Tcm_149Sm_CREB_IFNa,0.0106125886732101,0.8974419649220551,0.0,0.0,252,0.0,0.0,680,0.0,0.0,357,385.25
CD56hiCD16negNK_149Sm_CREB_LPS,-0.0105814178566034,0.8977415533994011,0.0,0.0,253,0.0,0.0,681,0.0,0.0,358,386.25
CD4Teff_150Nd_STAT5_IL246,0.0211773243020541,0.7970033034359509,0.0,0.0,361,0.0,0.0,655,-0.00305454549793157,0.0003009945423223216,170,386.75
mDCs_154Sm_STAT3_IFNa,0.1538120977414432,0.0602109553163632,0.0,0.0,395,0.0,0.0,643,-0.007547191388094768,0.00921002242239784,115,387.0
ncMCs_156Gd_IkB_unstim,-0.0102156370996311,0.9012582067537857,0.0,0.0,254,0.0,0.0,682,0.0,0.0,359,387.25
CD4Tcm_150Nd_STAT5_IL246,0.0271428929866378,0.7416183323893197,0.0,0.0,377,0.0,0.0,650,-0.014223315286238778,0.001846464293459656,145,387.25
CD4Tcm_167Er_ERK_unstim,0.0042852520208186,0.958493161038386,0.0,0.0,255,0.0,0.0,683,0.0,0.0,360,388.25
CD8Tnaive_155Gd_S6_IFNa,-0.0035615600820331,0.965498056433472,0.0,0.0,257,0.0,0.0,685,0.0,0.0,362,390.25
Tregs_166Er_NFkB_unstim,-0.0246677598692188,0.7644552948073517,0.0,0.0,390,0.0,0.0,638,-0.01462726683880875,0.0017062400613430141,146,391.0
intMCs_167Er_ERK_IL246,0.1575364887799957,0.0541894053135481,0.0,0.0,432,0.0,0.0,142,0.0,0.0,562,392.0
CD4Tem_168Er_STAT6_IFNa,0.1603946715925099,0.0499133597403028,0.0,0.0,427,0.0,0.0,137,0.0,0.0,577,392.0
CD8Tnaive_154Sm_STAT3_IFNa,0.0865123036601294,0.2924939289388282,0.0,0.0,583,0.0,0.0,338,0.10036336407268197,0.05358230833240577,65,392.25
Bcells_155Gd_S6_unstim,0.1392973623696827,0.0891188500498037,0.0,0.0,472,0.0,0.0,182,0.0,0.0,443,392.25
NKT_167Er_ERK_IFNa,0.0022742063629158,0.9779650263656046,0.0,0.0,264,0.0,0.0,692,0.0,0.0,351,392.75
MDSCs_150Nd_STAT5_IL246,-0.0030103718519725,0.9708350186764014,0.0,0.0,260,0.0,0.0,688,0.0,0.0,364,393.0
mDCs_155Gd_S6_LPS,0.1601901886122634,0.0502096847366604,0.0,0.0,428,0.0,0.0,138,0.0,0.0,578,393.0
intMCs_166Er_NFkB_IFNa,0.1397312219103797,0.0881176557107433,0.0,0.0,471,0.0,0.0,181,0.0,0.0,450,393.25
cMCs_166Er_NFkB_IL246,0.2182242365191016,0.0073020726066274,0.0,0.0,493,0.0,0.0,45,0.0,0.0,544,393.75
CD8Tem_149Sm_CREB_IFNa,-0.0028280219457355,0.9726009451068076,0.0,0.0,261,0.0,0.0,689,0.0,0.0,365,394.0
cMCs_151Eu_p38_IL246,0.1596751212286896,0.0509625642553179,0.0,0.0,429,0.0,0.0,139,0.0,0.0,579,394.0
CD4negCD8negTcells_159Tb_MAPKAPK2_IFNa,-0.009410670738936,0.9090038989116624,0.0,0.0,280,0.0,0.0,752,0.0,0.0,265,394.25
cMCs_154Sm_STAT3_unstim,0.0249895982989982,0.761473862857444,0.0,0.0,388,0.0,0.0,636,0.0029749763081745977,0.00035207356814101427,165,394.25
CD8Teff_167Er_ERK_unstim,0.0022902093787611,0.9778100112578344,0.0,0.0,263,0.0,0.0,691,0.0,0.0,361,394.5
ncMCs_149Sm_CREB_IFNa,-0.0092603904037763,0.9104509246883364,0.0,0.0,281,0.0,0.0,753,0.0,0.0,264,394.75
CD8Teff_155Gd_S6_IL246,0.1389826363913902,0.0898507866324981,0.0,0.0,473,0.0,0.0,183,0.0,0.0,451,395.0
CD4Tnaive_167Er_ERK_unstim,-0.0026422757273595,0.9743998990010124,0.0,0.0,262,0.0,0.0,690,0.0,0.0,366,395.0
CD4Tcm_166Er_NFkB_unstim,-0.0252936556000604,0.758660366405034,0.0,0.0,387,0.0,0.0,635,-0.0016779067557027,0.00020126928387924735,173,395.5
CD4Tnaive_153Eu_STAT1_IFNa,0.0099245458156582,0.9040581626396476,0.0,0.0,279,0.0,0.0,751,0.0,0.0,275,396.0
pDCs_159Tb_MAPKAPK2_GMCSF,0.0718283970149767,0.3823991381946529,0.0,0.0,392,0.0,0.0,640,0.0013709695897939562,0.0005723566277115044,160,396.0
cMCs_149Sm_CREB_GMCSF,0.2149685118510024,0.0082478888807074,0.0,0.0,496,0.0,0.0,70,0.0,0.0,524,396.5
mDCs_149Sm_CREB_IFNa,0.1371369552305562,0.0942400589817257,0.0,0.0,479,0.0,0.0,180,0.0,0.0,449,396.75
CD4Tnaive_150Nd_STAT5_IL246,0.0267357051390164,0.7453604319254601,0.0,0.0,379,0.0,0.0,648,0.0004161016393760121,5.310857760048591e-05,181,396.75
CD4Tcm_168Er_STAT6_IFNa,0.1382625006783481,0.0915435778518432,0.0,0.0,475,0.0,0.0,185,0.0,0.0,453,397.0
CD56hiCD16negNK_166Er_NFkB_unstim,-0.0076930737256698,0.9255590130031914,0.0,0.0,286,0.0,0.0,758,0.0,0.0,261,397.75
CD56hiCD16negNK_150Nd_STAT5_IFNa,-0.1381072544256969,0.0919118118091907,0.0,0.0,476,0.0,0.0,186,0.0,0.0,454,398.0
CD4Tcm_166Er_NFkB_IL246,0.2126640775692675,0.0089814046857802,0.0,0.0,498,0.0,0.0,72,0.0,0.0,525,398.25
CD4Tcm_155Gd_S6_IL246,0.2176143438041054,0.0074715505618209,0.0,0.0,494,0.0,0.0,67,0.0,0.0,541,399.0
CD4Tnaive_159Tb_MAPKAPK2_unstim,0.1380473490208713,0.092054218090097,0.0,0.0,477,0.0,0.0,187,0.0,0.0,455,399.0
intMCs_155Gd_S6_GMCSF,0.2111793533213905,0.0094840076637275,0.0,0.0,499,0.0,0.0,73,0.0,0.0,526,399.25
CD8Tcm_159Tb_MAPKAPK2_unstim,0.2161094112774095,0.0079047692827666,0.0,0.0,495,0.0,0.0,69,0.0,0.0,540,399.75
CD4Tcm_168Er_STAT6_unstim,0.0074698521740494,0.9277130392301852,0.0,0.0,287,0.0,0.0,750,0.0,0.0,276,400.0
cMCs_166Er_NFkB_GMCSF,0.2111740189827754,0.0094858573004707,0.0,0.0,500,0.0,0.0,74,0.0,0.0,527,400.25
Bcells_155Gd_S6_LPS,0.1313314167044264,0.1091631851043124,0.0,0.0,448,0.0,0.0,201,0.0,0.0,507,401.0
CD8Tnaive_149Sm_CREB_IL246,0.2097031265541217,0.0100081881368519,0.0,0.0,501,0.0,0.0,75,0.0,0.0,528,401.25
ncMCs_149Sm_CREB_unstim,0.1366184431892019,0.0955032867349679,0.0,0.0,480,0.0,0.0,189,0.0,0.0,456,401.25
CD8Tcm_151Eu_p38_unstim,0.0302759942311566,0.7130327490210886,0.0,0.0,311,0.0,0.0,671,0.0,0.0,313,401.5
CD8Teff_167Er_ERK_IFNa,0.0090043635823343,0.9129168414965922,0.0,0.0,283,0.0,0.0,755,0.0,0.0,285,401.5
CD4negCD8negTcells_159Tb_MAPKAPK2_unstim,0.2089649918677993,0.0102797391341899,0.0,0.0,503,0.0,0.0,68,0.0,0.0,532,401.5
CD8Tem_149Sm_CREB_unstim,0.2089823841566607,0.0102732667854205,0.0,0.0,502,0.0,0.0,76,0.0,0.0,529,402.25
cMCs_155Gd_S6_unstim,0.084675513063654,0.302899660904837,0.0,0.0,592,0.0,0.0,346,-0.07871136304285922,0.04082767947604533,79,402.25
cMCs_156Gd_IkB_GMCSF,0.1312816295440185,0.1092987274058692,0.0,0.0,449,0.0,0.0,203,0.0,0.0,509,402.5
CD4Tnaive_168Er_STAT6_unstim,0.0089385734060811,0.913550633168036,0.0,0.0,284,0.0,0.0,756,0.0,0.0,286,402.5
Granulocytes_167Er_ERK_unstim,-0.1362699436002613,0.0963598359357725,0.0,0.0,481,0.0,0.0,191,0.0,0.0,458,402.75
ncMCs_168Er_STAT6_GMCSF,0.1300406206760533,0.1127200369997686,0.0,0.0,452,0.0,0.0,206,0.0,0.0,503,403.25
Tregs_156Gd_IkB_unstim,0.008248665611858,0.9202000832074048,0.0,0.0,285,0.0,0.0,757,0.0,0.0,287,403.5
mDCs_156Gd_IkB_unstim,-0.0015765519959308,0.9847236587242636,0.0,0.0,267,0.0,0.0,717,0.0,0.0,363,403.5
CD4Tcm_155Gd_S6_IFNa,0.1310824809023871,0.1098422141442324,0.0,0.0,450,0.0,0.0,204,0.0,0.0,510,403.5
CD8Tcm_149Sm_CREB_IL246,0.1362375761594901,0.0964396970603503,0.0,0.0,482,0.0,0.0,192,0.0,0.0,459,403.75
intMCs_156Gd_IkB_IFNa,0.0016163046003834,0.9843385156405524,0.0,0.0,266,0.0,0.0,716,0.0,0.0,367,403.75
Granulocytes_166Er_NFkB_GMCSF,0.2079182943146763,0.0106759301568154,0.0,0.0,504,0.0,0.0,77,0.0,0.0,530,403.75
CD56hiCD16negNK_150Nd_STAT5_unstim,0.0055975540544797,0.9457993374420268,0.0,0.0,296,0.0,0.0,724,0.0,0.0,300,404.0
mDCs_151Eu_p38_unstim,-0.0050478189952093,0.9511154204633334,0.0,0.0,297,0.0,0.0,725,0.0,0.0,299,404.5
MDSCs_156Gd_IkB_IL246,0.0066777425296241,0.93536080425581,0.0,0.0,293,0.0,0.0,721,0.0,0.0,312,404.75
CD4Tem_166Er_NFkB_IL246,0.2078685071542684,0.0106951057248859,0.0,0.0,505,0.0,0.0,79,0.0,0.0,531,405.0
CD8Tnaive_154Sm_STAT3_IL246,0.0859450856540543,0.2956816394001959,0.0,0.0,585,0.0,0.0,340,0.021908430374628834,0.011593407720040404,110,405.0
cMCs_155Gd_S6_GMCSF,0.2638132724368485,0.0011063042987749,0.0,0.0,516,0.0,0.0,47,0.0,0.0,545,406.0
CD8Teff_151Eu_p38_unstim,0.0302759942311566,0.7130327490210886,0.0,0.0,309,0.0,0.0,673,0.0,0.0,333,406.0
CD56loCD16posNK_155Gd_S6_IL246,0.1299747165833124,0.1129040367515867,0.0,0.0,453,0.0,0.0,207,0.0,0.0,511,406.0
Bcells_154Sm_STAT3_unstim,0.0302759942311566,0.7130327490210886,0.0,0.0,310,0.0,0.0,672,0.0,0.0,332,406.0
intMCs_149Sm_CREB_IL246,0.1288882896186982,0.1159711522148307,0.0,0.0,457,0.0,0.0,202,0.0,0.0,508,406.0
CD8Tcm_168Er_STAT6_IL246,0.2299011037476146,0.0046524917039741,0.0,0.0,506,0.0,0.0,80,0.0,0.0,533,406.25
ncMCs_168Er_STAT6_IFNa,0.0920768373364988,0.2624347310314831,0.0,0.0,606,0.0,0.0,316,0.03290862424434013,0.019119209411980077,98,406.5
CD8Teff_151Eu_p38_IFNa,0.1264983533136295,0.1229460838361916,0.0,0.0,485,0.0,0.0,195,0.0,0.0,462,406.75
mDCs_149Sm_CREB_LPS,0.2585891768197675,0.0013978836222077,0.0,0.0,517,0.0,0.0,48,0.0,0.0,546,407.0
intMCs_166Er_NFkB_IL246,0.231095995597403,0.0044372610181796,0.0,0.0,507,0.0,0.0,81,0.0,0.0,534,407.25
intMCs_156Gd_IkB_GMCSF,0.1297488962486054,0.1135362890911573,0.0,0.0,454,0.0,0.0,208,0.0,0.0,513,407.25
CD8Tem_151Eu_p38_unstim,0.0302759942311566,0.7130327490210886,0.0,0.0,335,0.0,0.0,584,0.0,0.0,376,407.5
Granulocytes_168Er_STAT6_unstim,0.0302759942311566,0.7130327490210886,0.0,0.0,337,0.0,0.0,586,0.0,0.0,371,407.75
intMCs_166Er_NFkB_GMCSF,0.2529258873233744,0.0017918926330289,0.0,0.0,518,0.0,0.0,49,0.0,0.0,547,408.0
cMCs_166Er_NFkB_LPS,0.2045701077772482,0.0120349657116726,0.0,0.0,508,0.0,0.0,82,0.0,0.0,535,408.25
CD8Tem_153Eu_STAT1_unstim,0.0302759942311566,0.7130327490210886,0.0,0.0,336,0.0,0.0,585,0.0,0.0,377,408.5
Granulocytes_149Sm_CREB_IFNa,0.0071071171482208,0.9312144435990364,0.0,0.0,289,0.0,0.0,728,0.0,0.0,330,409.0
Tregs_149Sm_CREB_LPS,0.2471109461159242,0.0022992260797959,0.0,0.0,519,0.0,0.0,50,0.0,0.0,548,409.0
Tregs_155Gd_S6_unstim,0.1288900677315699,0.1159660799594119,0.0,0.0,456,0.0,0.0,210,0.0,0.0,514,409.0
intMCs_154Sm_STAT3_IFNa,0.2323495651719579,0.0042211011400536,0.0,0.0,509,0.0,0.0,83,0.0,0.0,536,409.25
cMCs_155Gd_S6_LPS,0.2673677200673948,0.000940969264535,0.0,0.0,514,0.0,0.0,56,0.0,0.0,553,409.25
MDSCs_154Sm_STAT3_IFNa,0.0880771995760202,0.2838182043857453,0.0,0.0,601,0.0,0.0,347,0.04784483108947527,0.02616919694236178,91,410.0
NKT_168Er_STAT6_IL246,0.2450186193828845,0.0025115106178003,0.0,0.0,520,0.0,0.0,51,0.0,0.0,549,410.0
Bcells_168Er_STAT6_unstim,0.0302759942311566,0.7130327490210886,0.0,0.0,338,0.0,0.0,587,0.0,0.0,378,410.25
intMCs_155Gd_S6_LPS,0.2979601520251481,0.0002128969219131,0.0,0.0,510,0.0,0.0,84,0.0,0.0,537,410.25
mDCs_155Gd_S6_GMCSF,0.1694843845926863,0.0381340040203288,0.0,0.0,484,0.0,0.0,194,0.0,0.0,480,410.5
CD8Tnaive_167Er_ERK_IL246,0.1416711430534142,0.0837503209462448,0.0,0.0,468,0.0,0.0,200,0.0,0.0,506,410.5
CD8Tnaive_156Gd_IkB_IL246,0.1281645976799127,0.1180499280358469,0.0,0.0,458,0.0,0.0,211,0.0,0.0,515,410.5
CD8Tcm_166Er_NFkB_IL246,0.2369459869453256,0.0035070706692137,0.0,0.0,523,0.0,0.0,54,0.0,0.0,543,410.75
CD8Tnaive_151Eu_p38_IFNa,0.1423626697607711,0.082236093744217,0.0,0.0,466,0.0,0.0,220,0.0,0.0,492,411.0
CD4Teff_159Tb_MAPKAPK2_unstim,0.1356433404183207,0.0979152069085218,0.0,0.0,463,0.0,0.0,217,0.0,0.0,501,411.0
CD56loCD16posNK_159Tb_MAPKAPK2_LPS,0.1403642300927081,0.0866730226380533,0.0,0.0,470,0.0,0.0,199,0.0,0.0,505,411.0
intMCs_166Er_NFkB_LPS,0.2440566603192899,0.0026149386877205,0.0,0.0,521,0.0,0.0,52,0.0,0.0,550,411.0
CD8Teff_149Sm_CREB_IL246,0.2846957825072689,0.0004140127665504,0.0,0.0,513,0.0,0.0,66,0.0,0.0,552,411.0
cMCs_149Sm_CREB_LPS,0.2965038775832184,0.0002293870085731,0.0,0.0,511,0.0,0.0,85,0.0,0.0,538,411.25
Tregs_154Sm_STAT3_IFNa,0.1153141759560717,0.1599671587665419,0.0,0.0,673,0.0,0.0,248,0.1026607299689079,0.08171477590014463,51,411.25
cMCs_151Eu_p38_IFNa,0.141432825899956,0.0842773088037946,0.0,0.0,469,0.0,0.0,133,0.0,0.0,574,411.25
MDSCs_168Er_STAT6_unstim,0.0302759942311566,0.7130327490210886,0.0,0.0,339,0.0,0.0,588,0.0,0.0,380,411.5
Granulocytes_151Eu_p38_GMCSF,0.127942333570949,0.1186941466406659,0.0,0.0,459,0.0,0.0,213,0.0,0.0,517,412.0
CD4Teff_166Er_NFkB_IFNa,0.2300860274862723,0.0046185818589458,0.0,0.0,486,0.0,0.0,196,0.0,0.0,481,412.25
CD8Tem_166Er_NFkB_IL246,0.2895621249320665,0.0003255897865421,0.0,0.0,512,0.0,0.0,86,0.0,0.0,539,412.25
CD4Tem_151Eu_p38_unstim,0.0302759942311566,0.7130327490210886,0.0,0.0,340,0.0,0.0,589,0.0,0.0,381,412.5
mDCs_149Sm_CREB_GMCSF,0.1348076273686175,0.1000204572151963,0.0,0.0,460,0.0,0.0,214,0.0,0.0,518,413.0
CD4Tem_156Gd_IkB_IL246,0.1454051800840031,0.0758330443139393,0.0,0.0,462,0.0,0.0,216,0.0,0.0,512,413.0
CD8Tnaive_168Er_STAT6_IFNa,0.1260984305229868,0.1241442740833835,0.0,0.0,695,0.0,0.0,225,0.13821843992420857,0.12523603890182478,38,413.25
CD4Teff_153Eu_STAT1_unstim,0.0302759942311566,0.7130327490210886,0.0,0.0,341,0.0,0.0,590,0.0,0.0,382,413.5
CD56hiCD16negNK_156Gd_IkB_LPS,-0.0067880062285322,0.9342958458598632,0.0,0.0,291,0.0,0.0,719,0.0,0.0,353,413.5
CD56loCD16posNK_155Gd_S6_LPS,0.2667916114969611,0.0009661275879548,0.0,0.0,515,0.0,0.0,65,0.0,0.0,559,413.5
Tregs_166Er_NFkB_LPS,0.1355259849687879,0.0982087050439018,0.0,0.0,461,0.0,0.0,215,0.0,0.0,519,414.0
CD4Tem_149Sm_CREB_IL246,0.2360935417724556,0.0036306471919463,0.0,0.0,525,0.0,0.0,55,0.0,0.0,551,414.0
CD4negCD8negTcells_153Eu_STAT1_unstim,0.0302759942311566,0.7130327490210886,0.0,0.0,342,0.0,0.0,591,0.0,0.0,383,414.5
CD4Tcm_153Eu_STAT1_unstim,0.0302759942311566,0.7130327490210886,0.0,0.0,301,0.0,0.0,729,0.0,0.0,329,415.0
intMCs_153Eu_STAT1_unstim,0.0302759942311566,0.7130327490210886,0.0,0.0,302,0.0,0.0,730,0.0,0.0,326,415.0
ncMCs_168Er_STAT6_unstim,0.0302759942311566,0.7130327490210886,0.0,0.0,303,0.0,0.0,731,0.0,0.0,324,415.25
CD4negCD8negTcells_153Eu_STAT1_IL246,-0.0302759942311566,0.7130327490210886,0.0,0.0,343,0.0,0.0,592,0.0,0.0,384,415.5
CD4Tem_155Gd_S6_IL246,0.1420445467564731,0.0829299318717477,0.0,0.0,467,0.0,0.0,212,0.0,0.0,516,415.5
NKT_153Eu_STAT1_unstim,0.0302759942311566,0.7130327490210886,0.0,0.0,344,0.0,0.0,593,0.0,0.0,385,416.5
CD4Tcm_149Sm_CREB_IL246,0.2337755647899971,0.0039867394283844,0.0,0.0,527,0.0,0.0,58,0.0,0.0,554,416.5
CD4Tcm_151Eu_p38_unstim,0.0302759942311566,0.7130327490210886,0.0,0.0,313,0.0,0.0,607,0.0,0.0,434,416.75
mDCs_168Er_STAT6_unstim,0.0302759942311566,0.7130327490210886,0.0,0.0,320,0.0,0.0,614,0.0,0.0,415,417.25
MDSCs_166Er_NFkB_LPS,-0.0009250528998641,0.9910361445390552,0.0,0.0,269,0.0,0.0,741,0.0,0.0,391,417.5
Tregs_149Sm_CREB_IL246,0.2335081809308111,0.0040297720132098,0.0,0.0,528,0.0,0.0,59,0.0,0.0,555,417.5
Tregs_167Er_ERK_LPS,0.1837946369842003,0.0243602465794929,0.0,0.0,535,0.0,0.0,78,0.0,0.0,523,417.75
CD8Teff_153Eu_STAT1_unstim,0.0302759942311566,0.7130327490210886,0.0,0.0,314,0.0,0.0,608,0.0,0.0,436,418.0
ncMCs_155Gd_S6_IL246,0.2285799658839348,0.0049013135202313,0.0,0.0,487,0.0,0.0,197,0.0,0.0,502,418.25
CD8Tnaive_153Eu_STAT1_unstim,0.0302759942311566,0.7130327490210886,0.0,0.0,323,0.0,0.0,617,0.0,0.0,410,418.25
Granulocytes_167Er_ERK_GMCSF,0.0903796991560965,0.2713697727223838,0.0,0.0,615,0.0,0.0,325,-0.012709833172505576,0.007199339207114309,119,418.5
CD4Tnaive_153Eu_STAT1_unstim,0.0302759942311566,0.7130327490210886,0.0,0.0,319,0.0,0.0,613,0.0,0.0,423,418.5
intMCs_155Gd_S6_IL246,0.2057187686923722,0.0115525263014551,0.0,0.0,529,0.0,0.0,60,0.0,0.0,556,418.5
CD4negCD8negTcells_153Eu_STAT1_IFNa,0.0293095495749177,0.7218100166488364,0.0,0.0,346,0.0,0.0,595,0.0,0.0,388,418.75
CD8Tnaive_153Eu_STAT1_IL246,0.090105020973949,0.2728350548348544,0.0,0.0,618,0.0,0.0,328,0.019733381717195443,0.01113159728589596,111,418.75
mDCs_153Eu_STAT1_IFNa,0.0875072355995519,0.286957877426348,0.0,0.0,598,0.0,0.0,353,-0.009878764818484077,0.005356086972307564,127,419.0
MDSCs_153Eu_STAT1_unstim,0.0302759942311566,0.7130327490210886,0.0,0.0,315,0.0,0.0,609,0.0,0.0,437,419.0
NKT_151Eu_p38_unstim,0.0302759942311566,0.7130327490210886,0.0,0.0,324,0.0,0.0,618,0.0,0.0,411,419.25
CD4Tnaive_167Er_ERK_IL246,0.2045416579713009,0.0120471357075129,0.0,0.0,530,0.0,0.0,61,0.0,0.0,557,419.5
cMCs_155Gd_S6_IL246,0.2248565975305761,0.0056679055440521,0.0,0.0,488,0.0,0.0,198,0.0,0.0,504,419.5
Tregs_153Eu_STAT1_unstim,0.0302759942311566,0.7130327490210886,0.0,0.0,321,0.0,0.0,606,0.0,0.0,432,420.0
CD56hiCD16negNK_153Eu_STAT1_unstim,0.0302759942311566,0.7130327490210886,0.0,0.0,316,0.0,0.0,610,0.0,0.0,438,420.0
CD56loCD16posNK_151Eu_p38_unstim,0.0302759942311566,0.7130327490210886,0.0,0.0,322,0.0,0.0,615,0.0,0.0,422,420.25
intMCs_168Er_STAT6_unstim,0.0302759942311566,0.7130327490210886,0.0,0.0,318,0.0,0.0,612,0.0,0.0,433,420.25
CD8Tcm_153Eu_STAT1_unstim,0.0302759942311566,0.7130327490210886,0.0,0.0,317,0.0,0.0,611,0.0,0.0,439,421.0
CD8Tcm_150Nd_STAT5_unstim,-0.0218583415319186,0.7906234366129669,0.0,0.0,358,0.0,0.0,652,0.0,0.0,316,421.0
CD4Tem_168Er_STAT6_unstim,-0.0317695426788246,0.6995423427119187,0.0,0.0,326,0.0,0.0,620,0.0,0.0,413,421.25
mDCs_156Gd_IkB_LPS,0.0306573525258376,0.7095794931873256,0.0,0.0,331,0.0,0.0,616,0.0,0.0,409,421.75
CD4Tem_167Er_ERK_unstim,-0.0100979029984353,0.9023905259110476,0.0,0.0,277,0.0,0.0,740,0.0,0.0,394,422.0
CD4Tem_156Gd_IkB_IFNa,0.0300429950803951,0.7151454647384554,0.0,0.0,345,0.0,0.0,594,0.0,0.0,404,422.0
mDCs_151Eu_p38_LPS,0.1876888710152844,0.0214505501114219,0.0,0.0,533,0.0,0.0,64,0.0,0.0,558,422.0
pDCs_156Gd_IkB_IL246,-0.0315624854757476,0.7014070959247538,0.0,0.0,327,0.0,0.0,621,0.0,0.0,414,422.25
CD4Tnaive_167Er_ERK_IFNa,0.2185958621092888,0.0072004867213346,0.0,0.0,492,0.0,0.0,132,0.0,0.0,573,422.25
CD4Tem_168Er_STAT6_IL246,0.2238217358392415,0.0058991719613523,0.0,0.0,490,0.0,0.0,134,0.0,0.0,575,422.25
CD4Tcm_168Er_STAT6_IL246,0.2246307771958691,0.0057176688628879,0.0,0.0,489,0.0,0.0,135,0.0,0.0,576,422.25
CD4Tem_166Er_NFkB_unstim,-0.0202313682543049,0.8058873905381635,0.0,0.0,365,0.0,0.0,659,0.0,0.0,301,422.5
CD56loCD16posNK_166Er_NFkB_unstim,0.031253889946029,0.7041896051575063,0.0,0.0,328,0.0,0.0,622,0.0,0.0,416,423.5
ncMCs_154Sm_STAT3_GMCSF,0.0211346495931331,0.7974035383657243,0.0,0.0,362,0.0,0.0,656,0.0,0.0,315,423.75
CD4negCD8negTcells_156Gd_IkB_unstim,0.0291388422248494,0.7233641970094138,0.0,0.0,347,0.0,0.0,596,0.0,0.0,405,423.75
CD4Tcm_154Sm_STAT3_unstim,0.0196775124904422,0.811100622293839,0.0,0.0,367,0.0,0.0,660,0.0,0.0,302,424.0
CD4negCD8negTcells_168Er_STAT6_unstim,-0.0822643920096166,0.31692449618013,0.0,0.0,621,0.0,0.0,331,-0.012910675535949276,0.0064429976333157364,123,424.0
NKT_151Eu_p38_IFNa,0.020896753985987,0.7996356625404683,0.0,0.0,363,0.0,0.0,657,0.0,0.0,314,424.25
CD4Tnaive_155Gd_S6_unstim,0.0311205314806508,0.705393273131852,0.0,0.0,329,0.0,0.0,623,0.0,0.0,417,424.5
CD8Tnaive_150Nd_STAT5_IL246,-0.0009335092576472,0.9909542050426552,0.0,0.0,268,0.0,0.0,739,0.0,0.0,424,424.75
CD56loCD16posNK_153Eu_STAT1_unstim,0.0302759942311566,0.7130327490210886,0.0,0.0,333,0.0,0.0,604,0.0,0.0,431,425.25
cMCs_153Eu_STAT1_unstim,0.0302759942311566,0.7130327490210886,0.0,0.0,334,0.0,0.0,603,0.0,0.0,430,425.25
CD4Teff_151Eu_p38_IFNa,-0.0232416259158089,0.7777077136352214,0.0,0.0,368,0.0,0.0,662,0.0,0.0,304,425.5
ncMCs_151Eu_p38_LPS,0.1092509081798219,0.1832420618579308,0.0,0.0,713,0.0,0.0,243,0.19862545001596701,0.1463819572877323,35,426.0
Granulocytes_168Er_STAT6_IFNa,-0.0239753980307568,0.7708808383662138,0.0,0.0,369,0.0,0.0,663,0.0,0.0,305,426.5
pDCs_156Gd_IkB_unstim,0.0200087486863672,0.8079818107783604,0.0,0.0,366,0.0,0.0,651,0.0,0.0,325,427.0
CD4negCD8negTcells_151Eu_p38_unstim,0.0302759942311566,0.7130327490210886,0.0,0.0,304,0.0,0.0,732,0.0,0.0,368,427.0
Bcells_153Eu_STAT1_unstim,0.0302759942311566,0.7130327490210886,0.0,0.0,325,0.0,0.0,619,0.0,0.0,440,427.25
Bcells_166Er_NFkB_unstim,0.029114820161363,0.7235829932442182,0.0,0.0,370,0.0,0.0,664,0.0,0.0,306,427.5
CD8Tem_159Tb_MAPKAPK2_IFNa,0.024227937252512,0.7685352899881446,0.0,0.0,371,0.0,0.0,665,0.0,0.0,307,428.5
CD4Tcm_154Sm_STAT3_IFNa,0.186276882553106,0.0224689402240898,0.0,0.0,534,0.0,0.0,87,0.0,0.0,560,428.75
CD4negCD8negTcells_149Sm_CREB_IFNa,-0.0272541441982197,0.7405969687336333,0.0,0.0,376,0.0,0.0,661,0.0,0.0,303,429.0
ncMCs_154Sm_STAT3_IFNa,0.0900791980807777,0.2729730830919952,0.0,0.0,619,0.0,0.0,329,-0.002528443897234126,0.0014257393874706663,149,429.0
CD4Tem_159Tb_MAPKAPK2_IFNa,-0.0290650832507642,0.7240360748804273,0.0,0.0,372,0.0,0.0,666,0.0,0.0,308,429.5
intMCs_151Eu_p38_unstim,-0.0259028131795281,0.7530332624841398,0.0,0.0,384,0.0,0.0,632,0.0,0.0,318,429.5
CD4Teff_156Gd_IkB_IL246,0.0290276926306493,0.7243767502112589,0.0,0.0,373,0.0,0.0,667,0.0,0.0,309,430.5
CD56hiCD16negNK_168Er_STAT6_unstim,0.025623946424263,0.7556077076057051,0.0,0.0,385,0.0,0.0,633,0.0,0.0,319,430.5
Tregs_150Nd_STAT5_IFNa,-0.0229412122707894,0.7805076457911023,0.0,0.0,349,0.0,0.0,598,0.0,0.0,426,430.5
CD8Teff_150Nd_STAT5_IL246,-0.0228131881440264,0.781701722469613,0.0,0.0,350,0.0,0.0,599,0.0,0.0,427,431.5
CD4negCD8negTcells_167Er_ERK_IFNa,0.0288943341652711,0.7255922522979146,0.0,0.0,374,0.0,0.0,668,0.0,0.0,310,431.5
CD56loCD16posNK_168Er_STAT6_unstim,0.025623946424263,0.7556077076057051,0.0,0.0,386,0.0,0.0,634,0.0,0.0,320,431.5
CD4negCD8negTcells_166Er_NFkB_unstim,-0.076426847451796,0.3525968731138152,0.0,0.0,662,0.0,0.0,372,-0.39005954247821195,0.17658835809387347,31,431.75
ncMCs_156Gd_IkB_IL246,0.0279300256247031,0.7344016884817111,0.0,0.0,375,0.0,0.0,669,0.0,0.0,311,432.5
pDCs_149Sm_CREB_IL246,0.0226716444966638,0.783022488246481,0.0,0.0,352,0.0,0.0,601,0.0,0.0,428,433.25
CD8Tem_168Er_STAT6_IFNa,0.1209294564049287,0.1404538920376534,0.0,0.0,706,0.0,0.0,236,0.03919674244435825,0.033413898938766395,87,433.75
cMCs_151Eu_p38_unstim,-0.0249302684551914,0.7620232179270708,0.0,0.0,389,0.0,0.0,637,0.0,0.0,321,434.0
CD4Teff_155Gd_S6_IL246,0.0267517081548618,0.7452132495254195,0.0,0.0,378,0.0,0.0,649,0.0,0.0,331,434.0
pDCs_156Gd_IkB_GMCSF,-0.0070040550891346,0.9322095232059516,0.0,0.0,290,0.0,0.0,737,0.0,0.0,425,435.5
pDCs_166Er_NFkB_IL246,0.1261432518112416,0.1240095400667395,0.0,0.0,669,0.0,0.0,358,0.10794329007184618,0.09785543945285201,47,435.75
NKT_156Gd_IkB_IFNa,0.0071251199606377,0.9310406346249672,0.0,0.0,288,0.0,0.0,738,0.0,0.0,429,435.75
CD56loCD16posNK_154Sm_STAT3_unstim,0.0699639247799163,0.394905722364656,0.0,0.0,391,0.0,0.0,639,0.0,0.0,322,435.75
CD8Tnaive_168Er_STAT6_IL246,0.2032525261393118,0.0126100401967854,0.0,0.0,557,0.0,0.0,88,0.0,0.0,542,436.0
ncMCs_167Er_ERK_GMCSF,0.1135828407396431,0.1663750496262711,0.0,0.0,676,0.0,0.0,251,-0.0037626558870438222,0.0029307770771932716,141,436.0
mDCs_150Nd_STAT5_GMCSF,0.1541730546544001,0.0596043190648839,0.0,0.0,394,0.0,0.0,642,0.0,0.0,317,436.75
CD4Tcm_153Eu_STAT1_IFNa,0.0781525754658641,0.3417986199889335,0.0,0.0,659,0.0,0.0,369,0.12514321772369638,0.05834548423997549,61,437.0
cMCs_168Er_STAT6_unstim,0.0302759942311566,0.7130327490210886,0.0,0.0,305,0.0,0.0,733,0.0,0.0,406,437.25
MDSCs_150Nd_STAT5_GMCSF,0.0751987330010912,0.360410118371639,0.0,0.0,647,0.0,0.0,381,-0.10160551865591555,0.04503187321238377,74,437.25
CD4Tcm_159Tb_MAPKAPK2_IFNa,-0.0705740189814414,0.3907866168703185,0.0,0.0,393,0.0,0.0,641,0.0,0.0,323,437.5
CD8Tnaive_154Sm_STAT3_unstim,0.0224066875028734,0.78549650491842,0.0,0.0,354,0.0,0.0,625,0.0,0.0,418,437.75
CD8Tnaive_151Eu_p38_unstim,0.0302759942311566,0.7130327490210886,0.0,0.0,306,0.0,0.0,734,0.0,0.0,407,438.25
MDSCs_149Sm_CREB_unstim,0.0219563612166926,0.7897063055133,0.0,0.0,356,0.0,0.0,626,0.0,0.0,419,439.25
CD4Tem_153Eu_STAT1_unstim,0.0302759942311566,0.7130327490210886,0.0,0.0,307,0.0,0.0,735,0.0,0.0,408,439.25
CD4Teff_166Er_NFkB_IL246,0.151015126194245,0.0650853245811006,0.0,0.0,400,0.0,0.0,582,0.0,0.0,375,439.25
MDSCs_156Gd_IkB_IFNa,-0.0263846241351756,0.7485916887389752,0.0,0.0,381,0.0,0.0,629,0.0,0.0,370,440.25
CD4Teff_149Sm_CREB_IFNa,0.0219452973031114,0.7898098117298062,0.0,0.0,357,0.0,0.0,628,0.0,0.0,421,440.75
CD56loCD16posNK_167Er_ERK_IL246,0.1535558109616532,0.0606447479380236,0.0,0.0,397,0.0,0.0,645,0.0,0.0,327,441.5
CD56hiCD16negNK_153Eu_STAT1_IL246,-0.0261529728055695,0.7507261459159743,0.0,0.0,383,0.0,0.0,631,0.0,0.0,369,441.5
MDSCs_155Gd_S6_LPS,0.1230135140408261,0.1336920841313533,0.0,0.0,701,0.0,0.0,231,0.003995481182022106,0.00349162825639427,135,442.0
Bcells_154Sm_STAT3_IFNa,0.1533045827934279,0.061072463122466,0.0,0.0,398,0.0,0.0,646,0.0,0.0,328,442.5
CD8Tnaive_166Er_NFkB_IL246,0.2000590354217225,0.0141048145853161,0.0,0.0,560,0.0,0.0,91,0.0,0.0,561,443.0
cMCs_155Gd_S6_IFNa,0.1750303186395467,0.0321686993173581,0.0,0.0,544,0.0,0.0,120,0.0,0.0,564,443.0
Tregs_168Er_STAT6_IL246,0.176347900277483,0.0308741168224811,0.0,0.0,542,0.0,0.0,118,0.0,0.0,572,443.5
intMCs_149Sm_CREB_unstim,0.1748222794335567,0.0323772582912567,0.0,0.0,545,0.0,0.0,121,0.0,0.0,565,444.0
CD56loCD16posNK_154Sm_STAT3_IFNa,0.0736849974036207,0.3701872106823103,0.0,0.0,628,0.0,0.0,383,0.006837184945835803,0.002950782634631456,140,444.75
CD4Tcm_159Tb_MAPKAPK2_unstim,0.1776901361813346,0.0296011017480776,0.0,0.0,541,0.0,0.0,117,0.0,0.0,581,445.0
CD8Teff_159Tb_MAPKAPK2_unstim,0.1742710644433269,0.0329354016566278,0.0,0.0,547,0.0,0.0,122,0.0,0.0,566,445.5
Tregs_159Tb_MAPKAPK2_IFNa,0.1763113553747528,0.0309094176745097,0.0,0.0,543,0.0,0.0,119,0.0,0.0,580,446.25
ncMCs_154Sm_STAT3_IL246,0.0792469344663265,0.3350607010864408,0.0,0.0,654,0.0,0.0,364,-0.021650875960029667,0.010281492351900413,113,446.25
ncMCs_153Eu_STAT1_unstim,0.0302759942311566,0.7130327490210886,0.0,0.0,308,0.0,0.0,736,0.0,0.0,435,446.75
Bcells_168Er_STAT6_IL246,0.1789979249228147,0.0284040108038643,0.0,0.0,540,0.0,0.0,116,0.0,0.0,592,447.0
CD56hiCD16negNK_156Gd_IkB_IFNa,0.1800390849119437,0.0274807272147835,0.0,0.0,538,0.0,0.0,114,0.0,0.0,599,447.25
intMCs_153Eu_STAT1_IFNa,0.123988809817927,0.1306146245508616,0.0,0.0,700,0.0,0.0,230,-0.000710592267773576,0.0006281693870285098,159,447.25
CD4Tem_151Eu_p38_IFNa,0.1739386877736286,0.0332758802779009,0.0,0.0,549,0.0,0.0,125,0.0,0.0,568,447.75
CD4negCD8negTcells_166Er_NFkB_IL246,0.1722066753992728,0.0350987326372174,0.0,0.0,550,0.0,0.0,126,0.0,0.0,569,448.75
CD4Tnaive_166Er_NFkB_IL246,0.1994651457225717,0.0143992490679878,0.0,0.0,561,0.0,0.0,92,0.0,0.0,582,449.0
CD8Tcm_149Sm_CREB_unstim,0.1892582954528625,0.0203655320721432,0.0,0.0,553,0.0,0.0,129,0.0,0.0,563,449.5
ncMCs_166Er_NFkB_IL246,0.1972104485260256,0.0155664686903879,0.0,0.0,562,0.0,0.0,93,0.0,0.0,584,450.25
CD4Teff_167Er_ERK_IL246,0.1891414223894293,0.0204446663102461,0.0,0.0,552,0.0,0.0,128,0.0,0.0,570,450.5
CD4Teff_167Er_ERK_IFNa,0.2036614920998049,0.0124290177766729,0.0,0.0,556,0.0,0.0,123,0.0,0.0,567,450.5
CD56loCD16posNK_149Sm_CREB_unstim,0.1746694986977121,0.0325311499764279,0.0,0.0,546,0.0,0.0,113,0.0,0.0,598,450.75
Tregs_159Tb_MAPKAPK2_LPS,0.1970820443835744,0.0156353534339864,0.0,0.0,563,0.0,0.0,94,0.0,0.0,585,451.25
intMCs_167Er_ERK_unstim,-0.0873597119216845,0.2877742849248084,0.0,0.0,580,0.0,0.0,190,0.0,0.0,457,451.75
CD4Teff_168Er_STAT6_IFNa,0.0941510765569913,0.2517902463618439,0.0,0.0,735,0.0,0.0,310,0.35164537918762784,0.21062190215604826,27,451.75
Granulocytes_166Er_NFkB_LPS,0.1945255481649641,0.0170631610150792,0.0,0.0,565,0.0,0.0,96,0.0,0.0,586,453.0
CD56loCD16posNK_159Tb_MAPKAPK2_unstim,0.1899397950688266,0.0199093389680455,0.0,0.0,555,0.0,0.0,131,0.0,0.0,571,453.0
pDCs_168Er_STAT6_GMCSF,0.1945225057653388,0.0170649255067242,0.0,0.0,566,0.0,0.0,97,0.0,0.0,587,454.0
pDCs_151Eu_p38_GMCSF,0.1943826581011718,0.0171462037868616,0.0,0.0,567,0.0,0.0,98,0.0,0.0,588,455.0
ncMCs_166Er_NFkB_GMCSF,0.1936347136162379,0.017586633569775,0.0,0.0,568,0.0,0.0,99,0.0,0.0,589,456.0
Tregs_156Gd_IkB_LPS,0.2006138066376957,0.0138345386348335,0.0,0.0,558,0.0,0.0,111,0.0,0.0,597,456.0
CD4Tcm_151Eu_p38_IFNa,0.1915462654575033,0.0188687728287553,0.0,0.0,571,0.0,0.0,102,0.0,0.0,583,456.75
CD4negCD8negTcells_149Sm_CREB_unstim,0.1916679412777761,0.0187919131523659,0.0,0.0,570,0.0,0.0,101,0.0,0.0,590,457.75
CD8Tcm_156Gd_IkB_IFNa,-0.0264849912241054,0.7476674875881841,0.0,0.0,380,0.0,0.0,402,0.0,0.0,674,459.0
CD4Tcm_156Gd_IkB_IL246,0.190683046249201,0.0194219020281916,0.0,0.0,572,0.0,0.0,103,0.0,0.0,591,459.5
cMCs_149Sm_CREB_IL246,0.1502647625623837,0.0664464434283976,0.0,0.0,402,0.0,0.0,336,0.0,0.0,702,460.5
Bcells_156Gd_IkB_IL246,0.1902365658564339,0.0197134582490854,0.0,0.0,573,0.0,0.0,104,0.0,0.0,593,460.75
CD8Tem_155Gd_S6_IL246,0.1901745059678922,0.019754281964444,0.0,0.0,574,0.0,0.0,105,0.0,0.0,594,461.75
CD56hiCD16negNK_166Er_NFkB_IL246,0.0992880381904117,0.2267235436235907,0.0,0.0,720,0.0,0.0,295,0.010681168570298665,0.006884049236786432,121,464.0
CD4Tem_155Gd_S6_unstim,0.0705750779910017,0.3907794894083389,0.0,0.0,577,0.0,0.0,108,0.0,0.0,595,464.25
mDCs_154Sm_STAT3_IL246,0.1024228576361815,0.2123213448614108,0.0,0.0,758,0.0,0.0,288,-0.11195235340595651,0.07534464402459476,55,464.75
CD8Tcm_154Sm_STAT3_unstim,0.0875281649471372,0.2868421782763997,0.0,0.0,578,0.0,0.0,109,0.0,0.0,596,465.25
CD4Tem_153Eu_STAT1_IFNa,0.1017392636759702,0.2154047824980978,0.0,0.0,737,0.0,0.0,291,0.025918794379365652,0.01728121770879227,99,466.0
ncMCs_155Gd_S6_GMCSF,0.0873053420009116,0.2880755630273108,0.0,0.0,581,0.0,0.0,223,0.0,0.0,485,467.5
MDSCs_151Eu_p38_LPS,0.1075140726505075,0.1903457459142287,0.0,0.0,743,0.0,0.0,273,-0.010320374695519679,0.0074353843849086325,118,469.25
CD4Tcm_156Gd_IkB_unstim,0.0874404785791615,0.2873271240515037,0.0,0.0,579,0.0,0.0,221,0.0,0.0,500,469.75
CD4Tnaive_166Er_NFkB_IFNa,0.150062057695009,0.0668180939913676,0.0,0.0,403,0.0,0.0,401,0.0,0.0,673,470.0
intMCs_155Gd_S6_unstim,0.1044410157455712,0.20340263537597,0.0,0.0,751,0.0,0.0,281,-0.017509755614682286,0.012110507334836944,107,472.5
CD8Tem_155Gd_S6_IFNa,0.0927392549368543,0.2590024490683148,0.0,0.0,602,0.0,0.0,222,0.0,0.0,484,477.5
CD56hiCD16negNK_149Sm_CREB_IL246,0.1053247850524594,0.1995832522723725,0.0,0.0,750,0.0,0.0,280,-0.006304324361308864,0.004412244715806265,132,478.0
cMCs_149Sm_CREB_IFNa,0.1257410298357733,0.1252226785411901,0.0,0.0,696,0.0,0.0,226,0.0,0.0,487,526.25
cMCs_149Sm_CREB_unstim,0.1256947989011089,0.1253626999562448,0.0,0.0,697,0.0,0.0,227,0.0,0.0,488,527.25
CD56loCD16posNK_151Eu_p38_IFNa,0.1251848191536964,0.1269153212437916,0.0,0.0,698,0.0,0.0,228,0.0,0.0,489,528.25
CD4negCD8negTcells_166Er_NFkB_IFNa,0.0811761869321307,0.3233901934160126,0.0,0.0,648,0.0,0.0,380,0.0,0.0,441,529.25
mDCs_150Nd_STAT5_unstim,-0.1240891629779556,0.130301081262129,0.0,0.0,699,0.0,0.0,229,0.0,0.0,490,529.25
NKT_159Tb_MAPKAPK2_IFNa,0.1228250339088796,0.134293167313143,0.0,0.0,702,0.0,0.0,232,0.0,0.0,483,529.75
NKT_159Tb_MAPKAPK2_unstim,0.1225461616070674,0.1351863121730554,0.0,0.0,703,0.0,0.0,233,0.0,0.0,491,532.5
ncMCs_156Gd_IkB_GMCSF,0.1216825259078879,0.1379811084772311,0.0,0.0,704,0.0,0.0,234,0.0,0.0,493,533.75
CD8Tnaive_159Tb_MAPKAPK2_unstim,0.1214379966862375,0.1387803777882794,0.0,0.0,705,0.0,0.0,235,0.0,0.0,494,534.75
CD4Teff_155Gd_S6_unstim,0.0935838585509161,0.2546710051947811,0.0,0.0,715,0.0,0.0,224,0.0,0.0,486,535.0
cMCs_154Sm_STAT3_GMCSF,0.0856392502401203,0.2974099229395204,0.0,0.0,587,0.0,0.0,342,0.0,0.0,624,535.0
Tregs_153Eu_STAT1_IL246,0.0856116134109563,0.2975664279541725,0.0,0.0,588,0.0,0.0,343,0.0,0.0,625,536.0
CD56loCD16posNK_149Sm_CREB_LPS,0.12092581615231,0.1404659265836237,0.0,0.0,707,0.0,0.0,237,0.0,0.0,495,536.5
MDSCs_154Sm_STAT3_GMCSF,0.0856002039597424,0.2976310545924711,0.0,0.0,589,0.0,0.0,344,0.0,0.0,626,537.0
ncMCs_166Er_NFkB_IFNa,0.1206880621873218,0.1412536338343544,0.0,0.0,708,0.0,0.0,238,0.0,0.0,496,537.5
CD8Tem_159Tb_MAPKAPK2_IL246,0.0855979212277707,0.2976439858024839,0.0,0.0,590,0.0,0.0,345,0.0,0.0,627,538.0
CD4Tnaive_156Gd_IkB_IL246,0.12021287691763,0.1428380429828684,0.0,0.0,709,0.0,0.0,239,0.0,0.0,497,538.5
CD4Tnaive_149Sm_CREB_IFNa,-0.119577036196698,0.1449791981538748,0.0,0.0,710,0.0,0.0,240,0.0,0.0,498,539.5
CD4Tem_154Sm_STAT3_unstim,0.0844281072596464,0.3043196486508284,0.0,0.0,593,0.0,0.0,348,0.0,0.0,628,540.5
mDCs_149Sm_CREB_unstim,0.1187654930400589,0.1477472655992331,0.0,0.0,711,0.0,0.0,241,0.0,0.0,499,540.5
pDCs_166Er_NFkB_unstim,-0.0831138792911651,0.3119359125971637,0.0,0.0,594,0.0,0.0,349,0.0,0.0,629,541.5
CD56loCD16posNK_150Nd_STAT5_IL246,-0.0829863058355305,0.3126817959945172,0.0,0.0,596,0.0,0.0,351,0.0,0.0,623,541.5
CD56loCD16posNK_166Er_NFkB_IFNa,0.0830894363820896,0.3120787329167201,0.0,0.0,595,0.0,0.0,350,0.0,0.0,630,542.5
Tregs_149Sm_CREB_IFNa,0.0828474594409393,0.3134949091783092,0.0,0.0,597,0.0,0.0,352,0.0,0.0,631,544.25
mDCs_155Gd_S6_IFNa,0.0878725600069868,0.2849428112874899,0.0,0.0,599,0.0,0.0,354,0.0,0.0,633,546.25
Tregs_166Er_NFkB_IFNa,0.0863629421789059,0.2933311017592513,0.0,0.0,584,0.0,0.0,339,0.0,0.0,681,547.0
pDCs_151Eu_p38_unstim,-0.0818122578638451,0.3196006416346703,0.0,0.0,600,0.0,0.0,355,0.0,0.0,634,547.25
CD8Tnaive_167Er_ERK_IFNa,0.0858081709629327,0.2964545231409132,0.0,0.0,586,0.0,0.0,341,0.0,0.0,680,548.25
CD8Tcm_151Eu_p38_IFNa,0.085376241420781,0.2989015270911,0.0,0.0,591,0.0,0.0,337,0.0,0.0,682,550.25
Granulocytes_150Nd_STAT5_IL246,-0.0865460878046919,0.2923047888918105,0.0,0.0,582,0.0,0.0,313,0.0,0.0,741,554.5
pDCs_166Er_NFkB_GMCSF,0.1261128874277758,0.1241008038869744,0.0,0.0,694,0.0,0.0,244,0.0,0.0,601,558.25
CD56hiCD16negNK_149Sm_CREB_unstim,0.1173059279537101,0.1528259831744682,0.0,0.0,693,0.0,0.0,245,0.0,0.0,602,558.25
CD8Tem_150Nd_STAT5_IL246,0.0749741292356098,0.361850591352565,0.0,0.0,624,0.0,0.0,356,0.0,0.0,635,559.75
CD8Teff_168Er_STAT6_unstim,-0.0741313037344197,0.3672877455357719,0.0,0.0,626,0.0,0.0,357,0.0,0.0,636,561.25
CD4Tnaive_150Nd_STAT5_unstim,-0.0923053953961573,0.2612469733053549,0.0,0.0,605,0.0,0.0,315,0.0,0.0,724,562.25
CD4Tem_155Gd_S6_IFNa,0.0737330064511569,0.369874642216262,0.0,0.0,627,0.0,0.0,359,0.0,0.0,637,562.5
Tregs_167Er_ERK_unstim,-0.0920742407228352,0.262448246141972,0.0,0.0,607,0.0,0.0,317,0.0,0.0,725,564.0
mDCs_156Gd_IkB_IFNa,0.0734450521251779,0.3717518352930369,0.0,0.0,629,0.0,0.0,384,0.0,0.0,616,564.5
CD56loCD16posNK_159Tb_MAPKAPK2_IL246,-0.09150702271676,0.2654119677117262,0.0,0.0,608,0.0,0.0,318,0.0,0.0,726,565.0
CD4Tnaive_159Tb_MAPKAPK2_IL246,0.0730004239480128,0.3746618579310204,0.0,0.0,630,0.0,0.0,385,0.0,0.0,617,565.5
CD56loCD16posNK_155Gd_S6_unstim,0.091378998589997,0.266084039255764,0.0,0.0,609,0.0,0.0,319,0.0,0.0,727,566.0
CD8Tnaive_150Nd_STAT5_unstim,-0.0726625825023881,0.3768822704045096,0.0,0.0,631,0.0,0.0,386,0.0,0.0,618,566.5
CD8Tnaive_159Tb_MAPKAPK2_IFNa,0.1174176834833035,0.1524325294174801,0.0,0.0,712,0.0,0.0,242,0.0,0.0,600,566.5
CD4Tcm_159Tb_MAPKAPK2_IL246,0.0911023268036646,0.2675404047938721,0.0,0.0,610,0.0,0.0,320,0.0,0.0,728,567.0
intMCs_149Sm_CREB_LPS,0.2992581744214957,0.0001991344096667,0.0,0.0,636,0.0,0.0,382,0.0,0.0,615,567.25
CD4Tem_166Er_NFkB_IFNa,0.0725558957300855,0.3775851188278266,0.0,0.0,632,0.0,0.0,387,0.0,0.0,619,567.5
CD8Tem_151Eu_p38_IFNa,0.0906721156808235,0.2698157383839103,0.0,0.0,613,0.0,0.0,323,0.0,0.0,723,568.0
cMCs_156Gd_IkB_IL246,0.1081768308890318,0.1876117353201724,0.0,0.0,692,0.0,0.0,246,0.0,0.0,642,568.0
CD4negCD8negTcells_167Er_ERK_IL246,0.0909113549047375,0.2685488150881364,0.0,0.0,611,0.0,0.0,321,0.0,0.0,729,568.0
CD8Tcm_156Gd_IkB_IL246,0.0907015375858758,0.2696597122668544,0.0,0.0,612,0.0,0.0,322,0.0,0.0,730,569.0
CD8Tem_168Er_STAT6_unstim,-0.0718802128388361,0.3820550345718837,0.0,0.0,634,0.0,0.0,389,0.0,0.0,622,569.75
CD8Tnaive_156Gd_IkB_IFNa,0.0923142859605159,0.2612008457749903,0.0,0.0,604,0.0,0.0,334,0.0,0.0,738,570.0
CD8Teff_167Er_ERK_IL246,0.092613008922963,0.2596542002583414,0.0,0.0,603,0.0,0.0,335,0.0,0.0,739,570.0
CD56loCD16posNK_166Er_NFkB_LPS,0.090498832718501,0.2707359118016354,0.0,0.0,614,0.0,0.0,324,0.0,0.0,731,570.75
CD4Teff_167Er_ERK_unstim,-0.0783987746265213,0.3402753515994262,0.0,0.0,657,0.0,0.0,367,0.0,0.0,604,571.25
CD8Teff_149Sm_CREB_unstim,0.0789727521546833,0.3367408243038955,0.0,0.0,655,0.0,0.0,365,0.0,0.0,612,571.75
CD8Teff_150Nd_STAT5_IFNa,-0.0781960697591464,0.3415292011486971,0.0,0.0,658,0.0,0.0,368,0.0,0.0,605,572.25
cMCs_167Er_ERK_IL246,0.079589349406685,0.3329699846904602,0.0,0.0,653,0.0,0.0,363,0.0,0.0,621,572.5
cMCs_167Er_ERK_IFNa,0.0901570788707713,0.2725569391966269,0.0,0.0,616,0.0,0.0,326,0.0,0.0,733,572.75
CD4Tem_167Er_ERK_IFNa,0.0809859288548579,0.3245293125200763,0.0,0.0,649,0.0,0.0,379,0.0,0.0,614,572.75
Granulocytes_166Er_NFkB_IL246,0.0724901055538323,0.3780189403101993,0.0,0.0,633,0.0,0.0,388,0.0,0.0,640,573.5
NKT_166Er_NFkB_IFNa,-0.0901307633540572,0.2726975039795933,0.0,0.0,617,0.0,0.0,327,0.0,0.0,734,573.75
cMCs_150Nd_STAT5_unstim,-0.0779524682957223,0.3430398872393176,0.0,0.0,660,0.0,0.0,370,0.0,0.0,606,574.0
CD4negCD8negTcells_156Gd_IkB_IFNa,0.0796768762217575,0.3324369043277855,0.0,0.0,652,0.0,0.0,362,0.0,0.0,632,574.5
Granulocytes_150Nd_STAT5_unstim,-0.0801484376922829,0.3295742639330236,0.0,0.0,650,0.0,0.0,360,0.0,0.0,638,574.5
MDSCs_167Er_ERK_unstim,-0.0785283600370624,0.3394753211012214,0.0,0.0,656,0.0,0.0,366,0.0,0.0,620,574.5
Tregs_156Gd_IkB_IL246,0.0772074390024763,0.3476863420791307,0.0,0.0,661,0.0,0.0,371,0.0,0.0,607,575.0
CD56loCD16posNK_149Sm_CREB_IL246,0.0718766566130927,0.382078645096349,0.0,0.0,635,0.0,0.0,390,0.0,0.0,641,575.25
CD56hiCD16negNK_159Tb_MAPKAPK2_unstim,0.1144459527173491,0.1631570837307802,0.0,0.0,674,0.0,0.0,249,0.0,0.0,705,575.5
Granulocytes_149Sm_CREB_unstim,0.0798763864229115,0.3312238319856775,0.0,0.0,651,0.0,0.0,361,0.0,0.0,639,575.5
Granulocytes_159Tb_MAPKAPK2_IL246,0.0741358149180594,0.3672585099572943,0.0,0.0,625,0.0,0.0,314,0.0,0.0,740,576.0
pDCs_153Eu_STAT1_IL246,0.0888034983673071,0.2798508330136615,0.0,0.0,620,0.0,0.0,330,0.0,0.0,735,576.25
Granulocytes_167Er_ERK_IL246,-0.1140432603421548,0.1646526249263941,0.0,0.0,675,0.0,0.0,250,0.0,0.0,706,576.5
NKT_155Gd_S6_unstim,0.0764108444359506,0.3526979968449284,0.0,0.0,663,0.0,0.0,373,0.0,0.0,608,576.75
CD8Tem_159Tb_MAPKAPK2_unstim,0.1163286362188384,0.1562993472397363,0.0,0.0,671,0.0,0.0,268,0.0,0.0,700,577.5
MDSCs_155Gd_S6_GMCSF,0.0757108454414864,0.3571390830176457,0.0,0.0,664,0.0,0.0,374,0.0,0.0,609,577.75
CD4Tcm_167Er_ERK_IFNa,0.0754880038555337,0.3585601666164121,0.0,0.0,666,0.0,0.0,376,0.0,0.0,603,577.75
CD56hiCD16negNK_149Sm_CREB_IFNa,-0.0817952212055667,0.31970176548305,0.0,0.0,622,0.0,0.0,332,0.0,0.0,736,578.0
ncMCs_159Tb_MAPKAPK2_unstim,0.1132788400914751,0.1675196405013002,0.0,0.0,677,0.0,0.0,252,0.0,0.0,707,578.25
mDCs_151Eu_p38_IL246,0.1126228280885292,0.1700095186307287,0.0,0.0,681,0.0,0.0,247,0.0,0.0,704,578.25
pDCs_156Gd_IkB_IFNa,-0.0755312504537089,0.3582841037323536,0.0,0.0,665,0.0,0.0,375,0.0,0.0,610,578.75
CD8Tem_149Sm_CREB_IL246,0.0932136792500604,0.2565632449165361,0.0,0.0,623,0.0,0.0,333,0.0,0.0,737,579.0
intMCs_153Eu_STAT1_IL246,0.1132232326404463,0.1677296396551956,0.0,0.0,678,0.0,0.0,253,0.0,0.0,708,579.25
pDCs_167Er_ERK_unstim,-0.1129583750683283,0.16873254933742,0.0,0.0,679,0.0,0.0,254,0.0,0.0,709,580.25
CD8Tcm_156Gd_IkB_unstim,0.0931215492042718,0.2570356825185012,0.0,0.0,667,0.0,0.0,377,0.0,0.0,611,580.5
cMCs_166Er_NFkB_IFNa,0.1124265206524163,0.1707599097967108,0.0,0.0,682,0.0,0.0,256,0.0,0.0,703,580.75
CD8Tcm_167Er_ERK_IL246,0.1128852737733173,0.1690101374200137,0.0,0.0,680,0.0,0.0,255,0.0,0.0,710,581.25
CD4Tem_159Tb_MAPKAPK2_IL246,0.0934097798139581,0.2555596405445271,0.0,0.0,668,0.0,0.0,378,0.0,0.0,613,581.75
CD8Tem_167Er_ERK_IL246,0.0717077358902803,0.38320116504171,0.0,0.0,637,0.0,0.0,391,0.0,0.0,662,581.75
mDCs_151Eu_p38_GMCSF,0.0716458508731572,0.3836129062065468,0.0,0.0,638,0.0,0.0,393,0.0,0.0,665,583.5
cMCs_150Nd_STAT5_IL246,0.1120282233691535,0.1722899543382803,0.0,0.0,683,0.0,0.0,258,0.0,0.0,713,584.25
CD4negCD8negTcells_168Er_STAT6_IFNa,0.0715245902644943,0.3844204694989918,0.0,0.0,639,0.0,0.0,394,0.0,0.0,666,584.5
Bcells_159Tb_MAPKAPK2_unstim,0.1119837705473608,0.1724613459247484,0.0,0.0,684,0.0,0.0,259,0.0,0.0,714,585.25
CD4Tem_156Gd_IkB_unstim,0.0710747277079519,0.387425416090101,0.0,0.0,640,0.0,0.0,395,0.0,0.0,667,585.5
CD4Teff_149Sm_CREB_IL246,0.1118065014962097,0.1731460770631363,0.0,0.0,685,0.0,0.0,260,0.0,0.0,715,586.25
mDCs_150Nd_STAT5_IL246,0.0710676152564651,0.3874730386718011,0.0,0.0,641,0.0,0.0,396,0.0,0.0,668,586.5
mDCs_156Gd_IkB_GMCSF,0.081496183531714,0.321480124807387,0.0,0.0,646,0.0,0.0,392,0.0,0.0,664,587.0
NKT_168Er_STAT6_unstim,-0.1106590764579376,0.1776269094149142,0.0,0.0,686,0.0,0.0,261,0.0,0.0,716,587.25
intMCs_149Sm_CREB_IFNa,0.0709378130168303,0.388342771182622,0.0,0.0,642,0.0,0.0,397,0.0,0.0,669,587.5
pDCs_166Er_NFkB_IFNa,0.1172355182342975,0.1530742646156898,0.0,0.0,691,0.0,0.0,257,0.0,0.0,711,587.5
CD4Tnaive_156Gd_IkB_unstim,0.0749190077365868,0.3622046524065694,0.0,0.0,644,0.0,0.0,399,0.0,0.0,663,587.5
CD8Tem_166Er_NFkB_IFNa,0.1105008244123555,0.1782515482995508,0.0,0.0,687,0.0,0.0,262,0.0,0.0,717,588.25
CD4Tem_149Sm_CREB_unstim,0.0707990105687579,0.3892741101278737,0.0,0.0,643,0.0,0.0,398,0.0,0.0,670,588.5
Tregs_166Er_NFkB_IL246,0.109782466812185,0.181107338515313,0.0,0.0,688,0.0,0.0,263,0.0,0.0,718,589.25
MDSCs_149Sm_CREB_IFNa,0.1165902229346205,0.1553638931570708,0.0,0.0,690,0.0,0.0,265,0.0,0.0,712,589.25
CD4Tnaive_149Sm_CREB_unstim,0.0751400077558157,0.360786402249435,0.0,0.0,645,0.0,0.0,400,0.0,0.0,671,590.25
CD4Tcm_166Er_NFkB_IFNa,0.1092597016279026,0.1832065981677584,0.0,0.0,689,0.0,0.0,264,0.0,0.0,719,590.25
NKT_149Sm_CREB_IL246,-0.1010190464585129,0.2186878167354442,0.0,0.0,717,0.0,0.0,269,0.0,0.0,684,596.75
CD8Tnaive_166Er_NFkB_unstim,-0.1012919778497746,0.2174395260904088,0.0,0.0,716,0.0,0.0,267,0.0,0.0,692,597.75
CD4Teff_166Er_NFkB_unstim,-0.1172327597446458,0.1530839978856786,0.0,0.0,670,0.0,0.0,312,0.0,0.0,742,598.5
Bcells_154Sm_STAT3_IL246,0.1080444328655674,0.1881555974097214,0.0,0.0,714,0.0,0.0,266,0.0,0.0,701,598.75
cMCs_151Eu_p38_GMCSF,0.1157600221130994,0.1583473322512818,0.0,0.0,672,0.0,0.0,311,0.0,0.0,743,599.5
CD8Tnaive_155Gd_S6_IL246,0.1076789592849533,0.1896628570907517,0.0,0.0,740,0.0,0.0,270,0.0,0.0,685,608.75
cMCs_167Er_ERK_unstim,-0.1076390000509105,0.1898281866048015,0.0,0.0,741,0.0,0.0,271,0.0,0.0,686,609.75
CD56loCD16posNK_150Nd_STAT5_IFNa,-0.107582941189881,0.1900603047010904,0.0,0.0,742,0.0,0.0,272,0.0,0.0,687,610.75
intMCs_155Gd_S6_IFNa,0.1069748265877566,0.1925915817169664,0.0,0.0,744,0.0,0.0,274,0.0,0.0,688,612.5
intMCs_150Nd_STAT5_unstim,-0.1066156477876713,0.1940981367559563,0.0,0.0,745,0.0,0.0,275,0.0,0.0,689,613.5
CD4negCD8negTcells_167Er_ERK_unstim,-0.1064947361123951,0.1946072151759732,0.0,0.0,747,0.0,0.0,277,0.0,0.0,683,613.5
pDCs_154Sm_STAT3_unstim,-0.1065897314438395,0.194207171645435,0.0,0.0,746,0.0,0.0,276,0.0,0.0,690,614.5
CD8Tem_155Gd_S6_unstim,0.1006500791030877,0.2203834296676635,0.0,0.0,718,0.0,0.0,293,0.0,0.0,732,615.25
CD8Teff_155Gd_S6_IFNa,0.1060786577004152,0.1963664524526956,0.0,0.0,748,0.0,0.0,278,0.0,0.0,691,616.25
CD4negCD8negTcells_155Gd_S6_unstim,0.097189871454742,0.236740344057177,0.0,0.0,726,0.0,0.0,292,0.0,0.0,722,616.5
ncMCs_155Gd_S6_LPS,0.1056447981597182,0.1982131220960528,0.0,0.0,749,0.0,0.0,279,0.0,0.0,693,617.5
ncMCs_149Sm_CREB_IL246,0.1000455486326806,0.2231817250863441,0.0,0.0,719,0.0,0.0,294,0.0,0.0,744,619.0
CD4negCD8negTcells_150Nd_STAT5_unstim,-0.1039411260928482,0.2055861894936348,0.0,0.0,752,0.0,0.0,282,0.0,0.0,694,620.0
CD56loCD16posNK_156Gd_IkB_IFNa,0.0992667006462749,0.2268238808671033,0.0,0.0,721,0.0,0.0,296,0.0,0.0,745,620.75
pDCs_159Tb_MAPKAPK2_unstim,0.1039298431045134,0.2056356682155423,0.0,0.0,753,0.0,0.0,283,0.0,0.0,695,621.0
intMCs_167Er_ERK_IFNa,0.0990840224517031,0.227684186291424,0.0,0.0,722,0.0,0.0,297,0.0,0.0,746,621.75
mDCs_155Gd_S6_unstim,0.1079954633761175,0.1883570447551696,0.0,0.0,738,0.0,0.0,290,0.0,0.0,721,621.75
CD4Teff_150Nd_STAT5_unstim,-0.1019232079192313,0.214571955931276,0.0,0.0,739,0.0,0.0,289,0.0,0.0,720,621.75
Tregs_167Er_ERK_IL246,0.103813341901858,0.2061470559312122,0.0,0.0,754,0.0,0.0,284,0.0,0.0,696,622.0
Bcells_166Er_NFkB_IL246,0.0989466469719904,0.2283326573976454,0.0,0.0,723,0.0,0.0,298,0.0,0.0,747,622.75
mDCs_149Sm_CREB_IL246,0.1033385857651117,0.2082404752478023,0.0,0.0,755,0.0,0.0,285,0.0,0.0,697,623.0
CD8Teff_156Gd_IkB_IL246,0.0975860243289851,0.2348257520685919,0.0,0.0,724,0.0,0.0,299,0.0,0.0,748,623.75
MDSCs_151Eu_p38_IL246,0.1032645351482192,0.2085683690414013,0.0,0.0,756,0.0,0.0,286,0.0,0.0,698,624.0
MDSCs_149Sm_CREB_GMCSF,0.0975245237836686,0.2351222681001466,0.0,0.0,725,0.0,0.0,300,0.0,0.0,749,624.75
Bcells_149Sm_CREB_IL246,0.1031955692160784,0.2088740809749188,0.0,0.0,757,0.0,0.0,287,0.0,0.0,699,625.0
CD4Tem_167Er_ERK_IL246,0.0970298412962882,0.2375168526840571,0.0,0.0,727,0.0,0.0,301,0.0,0.0,750,626.25
CD8Teff_166Er_NFkB_IL246,0.0968129115259396,0.2385722939532286,0.0,0.0,728,0.0,0.0,303,0.0,0.0,752,627.75
mDCs_159Tb_MAPKAPK2_unstim,0.0964621110752697,0.2402859889761909,0.0,0.0,729,0.0,0.0,304,0.0,0.0,753,628.75
NKT_155Gd_S6_IFNa,0.0963434897278085,0.2408674037898069,0.0,0.0,730,0.0,0.0,305,0.0,0.0,754,629.75
NKT_156Gd_IkB_IL246,0.094774586668838,0.2486496371415262,0.0,0.0,731,0.0,0.0,306,0.0,0.0,755,630.75
NKT_167Er_ERK_unstim,-0.1012919778497746,0.2174395260904088,0.0,0.0,736,0.0,0.0,302,0.0,0.0,751,631.25
CD8Tnaive_149Sm_CREB_IFNa,0.0943641771186741,0.25071379722707,0.0,0.0,732,0.0,0.0,307,0.0,0.0,756,631.75
Bcells_149Sm_CREB_unstim,0.0943509659530003,0.2507804390723266,0.0,0.0,733,0.0,0.0,308,0.0,0.0,757,632.75
Bcells_159Tb_MAPKAPK2_LPS,0.0941795263629386,0.2516463517100901,0.0,0.0,734,0.0,0.0,309,0.0,0.0,758,633.75
pDCs_149Sm_CREB_IFNa,-8.890840979083848e-06,0.9999138450646372,0.0,0.0,759,0.0,0.0,759,0.0,0.0,759,759.0
