,alpha'=' 2.007,alpha'=' 2.189,alpha'=' 2.388,alpha'=' 2.605,alpha'=' 2.842,alpha'=' 3.101,alpha'=' 3.383,alpha'=' 3.691,alpha'=' 4.027,alpha'=' 4.393,alpha'=' 4.793,alpha'=' 5.229,alpha'=' 5.705,alpha'=' 6.223,alpha'=' 6.790,alpha'=' 7.407,alpha'=' 8.081,alpha'=' 8.816,alpha'=' 9.618,alpha'=' 10.494,alpha'=' 11.448,alpha'=' 12.490,alpha'=' 13.626,alpha'=' 14.866,alpha'=' 16.218,alpha'=' 17.693,alpha'=' 19.303,alpha'=' 21.059,alpha'=' 22.975,alpha'=' 25.065
artificial.1,0.003,0.002,0.002,0.002,0.001,0.001,0.001,0.0,0.0,0.0,0.0,0.0,0.0,0.0,0.0,0.0,0.0,0.0,0.0,0.0,0.0,0.0,0.0,0.0,0.0,0.0,0.0,0.0,0.0,0.0
artificial.2,0.205,0.19,0.179,0.167,0.146,0.13,0.107,0.086,0.069,0.054,0.039,0.019,0.013,0.009,0.004,0.002,0.0,0.0,0.0,0.0,0.0,0.0,0.0,0.0,0.0,0.0,0.0,0.0,0.0,0.0
artificial.3,0.027,0.026,0.023,0.017,0.013,0.005,0.004,0.003,0.002,0.002,0.0,0.0,0.0,0.0,0.0,0.0,0.0,0.0,0.0,0.0,0.0,0.0,0.0,0.0,0.0,0.0,0.0,0.0,0.0,0.0
artificial.4,0.477,0.463,0.456,0.446,0.438,0.422,0.402,0.373,0.344,0.317,0.277,0.243,0.211,0.166,0.103,0.039,0.003,0.0,0.0,0.0,0.0,0.0,0.0,0.0,0.0,0.0,0.0,0.0,0.0,0.0
artificial.5,0.148,0.148,0.141,0.13,0.129,0.123,0.114,0.109,0.101,0.088,0.08,0.064,0.055,0.035,0.026,0.015,0.004,0.001,0.0,0.0,0.0,0.0,0.0,0.0,0.0,0.0,0.0,0.0,0.0,0.0
artificial.6,0.07,0.061,0.052,0.05,0.041,0.038,0.032,0.026,0.019,0.013,0.01,0.009,0.006,0.004,0.003,0.001,0.001,0.0,0.0,0.0,0.0,0.0,0.0,0.0,0.0,0.0,0.0,0.0,0.0,0.0
artificial.7,0.037,0.031,0.024,0.023,0.018,0.015,0.008,0.007,0.005,0.002,0.001,0.0,0.0,0.0,0.0,0.0,0.0,0.0,0.0,0.0,0.0,0.0,0.0,0.0,0.0,0.0,0.0,0.0,0.0,0.0
artificial.8,0.054,0.049,0.039,0.029,0.023,0.014,0.008,0.005,0.003,0.003,0.001,0.001,0.001,0.0,0.0,0.0,0.0,0.0,0.0,0.0,0.0,0.0,0.0,0.0,0.0,0.0,0.0,0.0,0.0,0.0
artificial.9,0.016,0.013,0.012,0.008,0.004,0.002,0.002,0.0,0.0,0.0,0.0,0.0,0.0,0.0,0.0,0.0,0.0,0.0,0.0,0.0,0.0,0.0,0.0,0.0,0.0,0.0,0.0,0.0,0.0,0.0
artificial.10,0.133,0.129,0.126,0.123,0.117,0.108,0.099,0.088,0.077,0.067,0.057,0.036,0.017,0.005,0.001,0.0,0.0,0.0,0.0,0.0,0.0,0.0,0.0,0.0,0.0,0.0,0.0,0.0,0.0,0.0
artificial.11,0.077,0.073,0.067,0.057,0.052,0.049,0.042,0.034,0.029,0.023,0.017,0.013,0.01,0.006,0.003,0.0,0.0,0.0,0.0,0.0,0.0,0.0,0.0,0.0,0.0,0.0,0.0,0.0,0.0,0.0
artificial.12,0.05,0.049,0.048,0.047,0.044,0.041,0.038,0.036,0.03,0.026,0.02,0.016,0.014,0.007,0.002,0.001,0.0,0.0,0.0,0.0,0.0,0.0,0.0,0.0,0.0,0.0,0.0,0.0,0.0,0.0
artificial.13,0.002,0.002,0.001,0.0,0.0,0.0,0.0,0.0,0.0,0.0,0.0,0.0,0.0,0.0,0.0,0.0,0.0,0.0,0.0,0.0,0.0,0.0,0.0,0.0,0.0,0.0,0.0,0.0,0.0,0.0
artificial.14,0.029,0.025,0.024,0.022,0.019,0.019,0.013,0.008,0.004,0.002,0.001,0.0,0.0,0.0,0.0,0.0,0.0,0.0,0.0,0.0,0.0,0.0,0.0,0.0,0.0,0.0,0.0,0.0,0.0,0.0
artificial.15,0.017,0.015,0.011,0.009,0.007,0.004,0.003,0.001,0.001,0.001,0.0,0.0,0.0,0.0,0.0,0.0,0.0,0.0,0.0,0.0,0.0,0.0,0.0,0.0,0.0,0.0,0.0,0.0,0.0,0.0
artificial.16,0.015,0.011,0.011,0.01,0.009,0.007,0.005,0.004,0.003,0.003,0.002,0.001,0.0,0.0,0.0,0.0,0.0,0.0,0.0,0.0,0.0,0.0,0.0,0.0,0.0,0.0,0.0,0.0,0.0,0.0
artificial.17,0.02,0.018,0.017,0.013,0.013,0.012,0.011,0.009,0.007,0.006,0.006,0.005,0.003,0.001,0.001,0.0,0.0,0.0,0.0,0.0,0.0,0.0,0.0,0.0,0.0,0.0,0.0,0.0,0.0,0.0
artificial.18,0.031,0.029,0.024,0.022,0.014,0.008,0.008,0.007,0.007,0.006,0.004,0.002,0.001,0.001,0.0,0.0,0.0,0.0,0.0,0.0,0.0,0.0,0.0,0.0,0.0,0.0,0.0,0.0,0.0,0.0
artificial.19,0.032,0.025,0.024,0.022,0.022,0.02,0.016,0.014,0.014,0.013,0.012,0.01,0.008,0.004,0.001,0.001,0.001,0.0,0.0,0.0,0.0,0.0,0.0,0.0,0.0,0.0,0.0,0.0,0.0,0.0
artificial.20,0.069,0.063,0.06,0.059,0.055,0.05,0.045,0.036,0.032,0.024,0.017,0.013,0.007,0.006,0.006,0.003,0.002,0.002,0.0,0.0,0.0,0.0,0.0,0.0,0.0,0.0,0.0,0.0,0.0,0.0
artificial.21,0.077,0.076,0.073,0.068,0.065,0.06,0.061,0.055,0.05,0.042,0.035,0.026,0.021,0.012,0.006,0.003,0.0,0.0,0.0,0.0,0.0,0.0,0.0,0.0,0.0,0.0,0.0,0.0,0.0,0.0
artificial.22,0.102,0.089,0.078,0.066,0.06,0.054,0.045,0.033,0.021,0.012,0.004,0.004,0.0,0.0,0.0,0.0,0.0,0.0,0.0,0.0,0.0,0.0,0.0,0.0,0.0,0.0,0.0,0.0,0.0,0.0
artificial.23,0.176,0.168,0.161,0.157,0.151,0.144,0.136,0.123,0.115,0.107,0.1,0.087,0.073,0.061,0.042,0.033,0.02,0.009,0.004,0.0,0.0,0.0,0.0,0.0,0.0,0.0,0.0,0.0,0.0,0.0
artificial.24,0.007,0.005,0.005,0.005,0.003,0.001,0.001,0.001,0.0,0.0,0.0,0.0,0.0,0.0,0.0,0.0,0.0,0.0,0.0,0.0,0.0,0.0,0.0,0.0,0.0,0.0,0.0,0.0,0.0,0.0
artificial.25,0.15,0.147,0.145,0.134,0.124,0.113,0.097,0.086,0.06,0.042,0.032,0.013,0.007,0.003,0.002,0.001,0.001,0.0,0.0,0.0,0.0,0.0,0.0,0.0,0.0,0.0,0.0,0.0,0.0,0.0
artificial.26,0.06,0.053,0.052,0.049,0.045,0.039,0.035,0.033,0.031,0.03,0.025,0.023,0.018,0.013,0.01,0.004,0.002,0.001,0.0,0.0,0.0,0.0,0.0,0.0,0.0,0.0,0.0,0.0,0.0,0.0
artificial.27,0.15,0.143,0.139,0.126,0.119,0.105,0.094,0.081,0.06,0.044,0.033,0.022,0.009,0.004,0.001,0.0,0.0,0.0,0.0,0.0,0.0,0.0,0.0,0.0,0.0,0.0,0.0,0.0,0.0,0.0
artificial.28,0.026,0.025,0.024,0.019,0.018,0.016,0.014,0.012,0.007,0.007,0.003,0.002,0.0,0.0,0.0,0.0,0.0,0.0,0.0,0.0,0.0,0.0,0.0,0.0,0.0,0.0,0.0,0.0,0.0,0.0
artificial.29,0.427,0.427,0.414,0.412,0.403,0.39,0.382,0.376,0.362,0.352,0.339,0.318,0.296,0.275,0.25,0.217,0.16,0.12,0.093,0.049,0.026,0.008,0.0,0.0,0.0,0.0,0.0,0.0,0.0,0.0
artificial.30,0.099,0.091,0.087,0.081,0.074,0.064,0.054,0.046,0.041,0.037,0.032,0.027,0.02,0.014,0.01,0.009,0.005,0.003,0.001,0.0,0.0,0.0,0.0,0.0,0.0,0.0,0.0,0.0,0.0,0.0
artificial.31,0.033,0.03,0.027,0.021,0.018,0.012,0.008,0.005,0.002,0.001,0.001,0.0,0.0,0.0,0.0,0.0,0.0,0.0,0.0,0.0,0.0,0.0,0.0,0.0,0.0,0.0,0.0,0.0,0.0,0.0
artificial.32,0.34,0.335,0.333,0.328,0.32,0.318,0.312,0.313,0.302,0.286,0.28,0.261,0.243,0.222,0.193,0.161,0.126,0.076,0.033,0.01,0.002,0.0,0.0,0.0,0.0,0.0,0.0,0.0,0.0,0.0
artificial.33,0.052,0.047,0.039,0.038,0.035,0.031,0.024,0.022,0.021,0.014,0.012,0.009,0.005,0.002,0.0,0.0,0.0,0.0,0.0,0.0,0.0,0.0,0.0,0.0,0.0,0.0,0.0,0.0,0.0,0.0
artificial.34,0.089,0.079,0.069,0.064,0.056,0.049,0.035,0.029,0.019,0.014,0.01,0.006,0.005,0.003,0.001,0.001,0.0,0.0,0.0,0.0,0.0,0.0,0.0,0.0,0.0,0.0,0.0,0.0,0.0,0.0
artificial.35,0.032,0.032,0.03,0.027,0.025,0.019,0.014,0.01,0.006,0.006,0.004,0.003,0.002,0.001,0.0,0.0,0.0,0.0,0.0,0.0,0.0,0.0,0.0,0.0,0.0,0.0,0.0,0.0,0.0,0.0
artificial.36,0.028,0.026,0.021,0.02,0.019,0.013,0.007,0.006,0.006,0.003,0.002,0.002,0.0,0.0,0.0,0.0,0.0,0.0,0.0,0.0,0.0,0.0,0.0,0.0,0.0,0.0,0.0,0.0,0.0,0.0
artificial.37,0.057,0.049,0.037,0.034,0.026,0.02,0.011,0.006,0.004,0.002,0.001,0.001,0.001,0.001,0.001,0.0,0.0,0.0,0.0,0.0,0.0,0.0,0.0,0.0,0.0,0.0,0.0,0.0,0.0,0.0
artificial.38,0.048,0.043,0.039,0.037,0.034,0.029,0.023,0.015,0.011,0.011,0.007,0.004,0.004,0.002,0.0,0.0,0.0,0.0,0.0,0.0,0.0,0.0,0.0,0.0,0.0,0.0,0.0,0.0,0.0,0.0
artificial.39,0.129,0.129,0.122,0.119,0.115,0.106,0.095,0.088,0.078,0.07,0.056,0.045,0.034,0.024,0.01,0.005,0.001,0.0,0.0,0.0,0.0,0.0,0.0,0.0,0.0,0.0,0.0,0.0,0.0,0.0
artificial.40,0.03,0.025,0.022,0.021,0.018,0.016,0.015,0.011,0.006,0.004,0.003,0.003,0.002,0.001,0.001,0.0,0.0,0.0,0.0,0.0,0.0,0.0,0.0,0.0,0.0,0.0,0.0,0.0,0.0,0.0
artificial.41,0.089,0.082,0.073,0.064,0.055,0.045,0.038,0.028,0.022,0.015,0.008,0.005,0.004,0.002,0.002,0.002,0.002,0.001,0.0,0.0,0.0,0.0,0.0,0.0,0.0,0.0,0.0,0.0,0.0,0.0
artificial.42,0.044,0.037,0.03,0.021,0.016,0.013,0.008,0.007,0.006,0.005,0.002,0.001,0.0,0.0,0.0,0.0,0.0,0.0,0.0,0.0,0.0,0.0,0.0,0.0,0.0,0.0,0.0,0.0,0.0,0.0
artificial.43,0.251,0.242,0.232,0.215,0.198,0.185,0.168,0.149,0.135,0.122,0.107,0.094,0.075,0.051,0.038,0.026,0.016,0.006,0.003,0.001,0.0,0.0,0.0,0.0,0.0,0.0,0.0,0.0,0.0,0.0
artificial.44,0.23,0.216,0.208,0.191,0.178,0.161,0.147,0.128,0.098,0.076,0.056,0.041,0.031,0.021,0.012,0.007,0.003,0.001,0.0,0.0,0.0,0.0,0.0,0.0,0.0,0.0,0.0,0.0,0.0,0.0
artificial.45,0.501,0.5,0.5,0.498,0.5,0.499,0.501,0.498,0.497,0.492,0.485,0.476,0.463,0.45,0.425,0.382,0.317,0.257,0.195,0.133,0.074,0.031,0.006,0.001,0.0,0.0,0.0,0.0,0.0,0.0
artificial.46,0.075,0.066,0.057,0.048,0.042,0.038,0.029,0.021,0.016,0.012,0.009,0.005,0.003,0.002,0.002,0.002,0.001,0.0,0.0,0.0,0.0,0.0,0.0,0.0,0.0,0.0,0.0,0.0,0.0,0.0
artificial.47,0.064,0.059,0.052,0.045,0.043,0.033,0.025,0.017,0.01,0.007,0.005,0.002,0.001,0.001,0.001,0.0,0.0,0.0,0.0,0.0,0.0,0.0,0.0,0.0,0.0,0.0,0.0,0.0,0.0,0.0
artificial.48,0.047,0.042,0.036,0.031,0.023,0.02,0.009,0.004,0.004,0.003,0.001,0.0,0.0,0.0,0.0,0.0,0.0,0.0,0.0,0.0,0.0,0.0,0.0,0.0,0.0,0.0,0.0,0.0,0.0,0.0
artificial.49,0.04,0.038,0.033,0.031,0.029,0.029,0.026,0.02,0.018,0.016,0.014,0.009,0.006,0.005,0.005,0.001,0.001,0.001,0.001,0.001,0.0,0.0,0.0,0.0,0.0,0.0,0.0,0.0,0.0,0.0
artificial.50,0.026,0.022,0.018,0.012,0.008,0.006,0.005,0.004,0.003,0.003,0.003,0.001,0.001,0.0,0.0,0.0,0.0,0.0,0.0,0.0,0.0,0.0,0.0,0.0,0.0,0.0,0.0,0.0,0.0,0.0
artificial.51,0.047,0.045,0.041,0.038,0.032,0.027,0.024,0.02,0.017,0.015,0.014,0.012,0.01,0.007,0.004,0.0,0.0,0.0,0.0,0.0,0.0,0.0,0.0,0.0,0.0,0.0,0.0,0.0,0.0,0.0
artificial.52,0.235,0.214,0.196,0.17,0.153,0.133,0.113,0.092,0.078,0.056,0.043,0.029,0.017,0.013,0.006,0.003,0.003,0.002,0.0,0.0,0.0,0.0,0.0,0.0,0.0,0.0,0.0,0.0,0.0,0.0
artificial.53,0.174,0.171,0.162,0.152,0.143,0.136,0.127,0.116,0.104,0.089,0.072,0.058,0.045,0.035,0.026,0.017,0.013,0.008,0.003,0.0,0.0,0.0,0.0,0.0,0.0,0.0,0.0,0.0,0.0,0.0
artificial.54,0.158,0.152,0.143,0.136,0.125,0.114,0.104,0.099,0.088,0.083,0.075,0.061,0.052,0.039,0.031,0.023,0.012,0.007,0.003,0.001,0.0,0.0,0.0,0.0,0.0,0.0,0.0,0.0,0.0,0.0
artificial.55,0.047,0.042,0.038,0.035,0.034,0.033,0.028,0.021,0.014,0.013,0.012,0.008,0.006,0.003,0.003,0.001,0.0,0.0,0.0,0.0,0.0,0.0,0.0,0.0,0.0,0.0,0.0,0.0,0.0,0.0
artificial.56,0.306,0.305,0.305,0.299,0.293,0.29,0.286,0.281,0.28,0.269,0.264,0.26,0.242,0.217,0.186,0.149,0.115,0.068,0.043,0.022,0.013,0.004,0.002,0.0,0.0,0.0,0.0,0.0,0.0,0.0
artificial.57,0.082,0.069,0.061,0.049,0.041,0.031,0.02,0.016,0.009,0.008,0.005,0.004,0.001,0.0,0.0,0.0,0.0,0.0,0.0,0.0,0.0,0.0,0.0,0.0,0.0,0.0,0.0,0.0,0.0,0.0
artificial.58,0.031,0.029,0.021,0.019,0.015,0.014,0.014,0.012,0.011,0.009,0.004,0.002,0.002,0.001,0.001,0.001,0.0,0.0,0.0,0.0,0.0,0.0,0.0,0.0,0.0,0.0,0.0,0.0,0.0,0.0
artificial.59,0.164,0.151,0.136,0.123,0.115,0.101,0.077,0.06,0.043,0.024,0.014,0.006,0.001,0.0,0.0,0.0,0.0,0.0,0.0,0.0,0.0,0.0,0.0,0.0,0.0,0.0,0.0,0.0,0.0,0.0
artificial.60,0.02,0.015,0.008,0.004,0.0,0.0,0.0,0.0,0.0,0.0,0.0,0.0,0.0,0.0,0.0,0.0,0.0,0.0,0.0,0.0,0.0,0.0,0.0,0.0,0.0,0.0,0.0,0.0,0.0,0.0
artificial.61,0.103,0.098,0.089,0.082,0.063,0.052,0.037,0.028,0.024,0.016,0.012,0.007,0.005,0.002,0.0,0.0,0.0,0.0,0.0,0.0,0.0,0.0,0.0,0.0,0.0,0.0,0.0,0.0,0.0,0.0
artificial.62,0.042,0.039,0.031,0.024,0.018,0.014,0.011,0.011,0.005,0.003,0.002,0.0,0.0,0.0,0.0,0.0,0.0,0.0,0.0,0.0,0.0,0.0,0.0,0.0,0.0,0.0,0.0,0.0,0.0,0.0
artificial.63,0.028,0.026,0.024,0.02,0.018,0.015,0.009,0.008,0.008,0.008,0.006,0.003,0.003,0.0,0.0,0.0,0.0,0.0,0.0,0.0,0.0,0.0,0.0,0.0,0.0,0.0,0.0,0.0,0.0,0.0
artificial.64,0.208,0.202,0.189,0.18,0.157,0.14,0.123,0.097,0.077,0.062,0.052,0.037,0.024,0.015,0.008,0.004,0.0,0.0,0.0,0.0,0.0,0.0,0.0,0.0,0.0,0.0,0.0,0.0,0.0,0.0
artificial.65,0.02,0.018,0.016,0.012,0.011,0.01,0.005,0.004,0.001,0.0,0.0,0.0,0.0,0.0,0.0,0.0,0.0,0.0,0.0,0.0,0.0,0.0,0.0,0.0,0.0,0.0,0.0,0.0,0.0,0.0
artificial.66,0.074,0.068,0.064,0.054,0.053,0.045,0.039,0.034,0.025,0.017,0.008,0.003,0.001,0.0,0.0,0.0,0.0,0.0,0.0,0.0,0.0,0.0,0.0,0.0,0.0,0.0,0.0,0.0,0.0,0.0
artificial.67,0.037,0.038,0.035,0.029,0.027,0.022,0.018,0.015,0.011,0.009,0.002,0.002,0.0,0.0,0.0,0.0,0.0,0.0,0.0,0.0,0.0,0.0,0.0,0.0,0.0,0.0,0.0,0.0,0.0,0.0
artificial.68,0.02,0.015,0.012,0.011,0.008,0.007,0.004,0.003,0.003,0.001,0.001,0.0,0.0,0.0,0.0,0.0,0.0,0.0,0.0,0.0,0.0,0.0,0.0,0.0,0.0,0.0,0.0,0.0,0.0,0.0
artificial.69,0.077,0.068,0.064,0.061,0.053,0.044,0.036,0.03,0.025,0.02,0.013,0.01,0.005,0.003,0.001,0.0,0.0,0.0,0.0,0.0,0.0,0.0,0.0,0.0,0.0,0.0,0.0,0.0,0.0,0.0
artificial.70,0.016,0.013,0.01,0.008,0.006,0.006,0.003,0.003,0.002,0.001,0.001,0.001,0.0,0.0,0.0,0.0,0.0,0.0,0.0,0.0,0.0,0.0,0.0,0.0,0.0,0.0,0.0,0.0,0.0,0.0
artificial.71,0.054,0.046,0.04,0.031,0.021,0.016,0.011,0.006,0.004,0.001,0.0,0.0,0.0,0.0,0.0,0.0,0.0,0.0,0.0,0.0,0.0,0.0,0.0,0.0,0.0,0.0,0.0,0.0,0.0,0.0
artificial.72,0.169,0.155,0.137,0.127,0.104,0.086,0.074,0.062,0.047,0.037,0.02,0.012,0.007,0.002,0.001,0.0,0.0,0.0,0.0,0.0,0.0,0.0,0.0,0.0,0.0,0.0,0.0,0.0,0.0,0.0
artificial.73,0.075,0.073,0.066,0.058,0.053,0.044,0.037,0.027,0.02,0.019,0.016,0.011,0.007,0.005,0.003,0.001,0.0,0.0,0.0,0.0,0.0,0.0,0.0,0.0,0.0,0.0,0.0,0.0,0.0,0.0
artificial.74,0.039,0.036,0.033,0.028,0.02,0.016,0.01,0.008,0.005,0.002,0.002,0.0,0.0,0.0,0.0,0.0,0.0,0.0,0.0,0.0,0.0,0.0,0.0,0.0,0.0,0.0,0.0,0.0,0.0,0.0
artificial.75,0.056,0.054,0.047,0.041,0.039,0.028,0.026,0.016,0.009,0.003,0.001,0.0,0.0,0.0,0.0,0.0,0.0,0.0,0.0,0.0,0.0,0.0,0.0,0.0,0.0,0.0,0.0,0.0,0.0,0.0
artificial.76,0.077,0.07,0.067,0.063,0.058,0.049,0.041,0.032,0.026,0.019,0.014,0.01,0.002,0.001,0.0,0.0,0.0,0.0,0.0,0.0,0.0,0.0,0.0,0.0,0.0,0.0,0.0,0.0,0.0,0.0
artificial.77,0.099,0.089,0.069,0.047,0.035,0.027,0.021,0.018,0.012,0.008,0.004,0.001,0.0,0.0,0.0,0.0,0.0,0.0,0.0,0.0,0.0,0.0,0.0,0.0,0.0,0.0,0.0,0.0,0.0,0.0
artificial.78,0.504,0.505,0.505,0.505,0.505,0.505,0.505,0.505,0.505,0.505,0.505,0.504,0.504,0.496,0.469,0.352,0.098,0.003,0.0,0.0,0.0,0.0,0.0,0.0,0.0,0.0,0.0,0.0,0.0,0.0
artificial.79,0.015,0.013,0.01,0.01,0.009,0.004,0.004,0.002,0.001,0.001,0.001,0.001,0.0,0.0,0.0,0.0,0.0,0.0,0.0,0.0,0.0,0.0,0.0,0.0,0.0,0.0,0.0,0.0,0.0,0.0
artificial.80,0.494,0.469,0.445,0.416,0.397,0.371,0.349,0.305,0.274,0.234,0.192,0.149,0.123,0.092,0.06,0.037,0.018,0.008,0.004,0.001,0.0,0.0,0.0,0.0,0.0,0.0,0.0,0.0,0.0,0.0
artificial.81,0.089,0.078,0.067,0.057,0.049,0.043,0.032,0.024,0.019,0.012,0.008,0.004,0.003,0.001,0.0,0.0,0.0,0.0,0.0,0.0,0.0,0.0,0.0,0.0,0.0,0.0,0.0,0.0,0.0,0.0
artificial.82,0.329,0.317,0.294,0.269,0.244,0.226,0.2,0.18,0.145,0.123,0.097,0.062,0.04,0.026,0.018,0.006,0.001,0.0,0.0,0.0,0.0,0.0,0.0,0.0,0.0,0.0,0.0,0.0,0.0,0.0
artificial.83,0.162,0.153,0.141,0.13,0.109,0.093,0.082,0.063,0.046,0.037,0.027,0.02,0.015,0.008,0.003,0.0,0.0,0.0,0.0,0.0,0.0,0.0,0.0,0.0,0.0,0.0,0.0,0.0,0.0,0.0
artificial.84,0.057,0.053,0.05,0.049,0.039,0.037,0.031,0.027,0.022,0.02,0.017,0.016,0.012,0.009,0.006,0.002,0.001,0.0,0.0,0.0,0.0,0.0,0.0,0.0,0.0,0.0,0.0,0.0,0.0,0.0
artificial.85,0.076,0.076,0.077,0.077,0.072,0.067,0.068,0.061,0.049,0.046,0.042,0.033,0.024,0.015,0.011,0.004,0.001,0.0,0.0,0.0,0.0,0.0,0.0,0.0,0.0,0.0,0.0,0.0,0.0,0.0
artificial.86,0.022,0.016,0.016,0.015,0.01,0.007,0.003,0.0,0.0,0.0,0.0,0.0,0.0,0.0,0.0,0.0,0.0,0.0,0.0,0.0,0.0,0.0,0.0,0.0,0.0,0.0,0.0,0.0,0.0,0.0
artificial.87,0.022,0.019,0.017,0.016,0.015,0.01,0.007,0.005,0.004,0.003,0.002,0.002,0.001,0.0,0.0,0.0,0.0,0.0,0.0,0.0,0.0,0.0,0.0,0.0,0.0,0.0,0.0,0.0,0.0,0.0
artificial.88,0.037,0.034,0.035,0.031,0.028,0.021,0.016,0.013,0.007,0.005,0.003,0.0,0.0,0.0,0.0,0.0,0.0,0.0,0.0,0.0,0.0,0.0,0.0,0.0,0.0,0.0,0.0,0.0,0.0,0.0
artificial.89,0.124,0.118,0.11,0.1,0.084,0.073,0.065,0.058,0.047,0.039,0.027,0.018,0.011,0.005,0.003,0.001,0.0,0.0,0.0,0.0,0.0,0.0,0.0,0.0,0.0,0.0,0.0,0.0,0.0,0.0
artificial.90,0.144,0.138,0.131,0.118,0.11,0.097,0.087,0.069,0.065,0.05,0.039,0.026,0.017,0.01,0.004,0.001,0.0,0.0,0.0,0.0,0.0,0.0,0.0,0.0,0.0,0.0,0.0,0.0,0.0,0.0
artificial.91,0.312,0.307,0.299,0.293,0.28,0.275,0.261,0.247,0.23,0.209,0.193,0.171,0.146,0.122,0.087,0.067,0.041,0.025,0.008,0.005,0.002,0.0,0.0,0.0,0.0,0.0,0.0,0.0,0.0,0.0
artificial.92,0.168,0.152,0.139,0.12,0.103,0.089,0.076,0.06,0.048,0.039,0.026,0.019,0.014,0.006,0.006,0.003,0.0,0.0,0.0,0.0,0.0,0.0,0.0,0.0,0.0,0.0,0.0,0.0,0.0,0.0
artificial.93,0.098,0.091,0.084,0.071,0.054,0.046,0.035,0.026,0.015,0.012,0.007,0.005,0.002,0.001,0.001,0.0,0.0,0.0,0.0,0.0,0.0,0.0,0.0,0.0,0.0,0.0,0.0,0.0,0.0,0.0
artificial.94,0.039,0.037,0.03,0.026,0.021,0.014,0.011,0.008,0.005,0.004,0.002,0.001,0.0,0.0,0.0,0.0,0.0,0.0,0.0,0.0,0.0,0.0,0.0,0.0,0.0,0.0,0.0,0.0,0.0,0.0
artificial.95,0.113,0.106,0.105,0.097,0.087,0.076,0.066,0.05,0.038,0.03,0.015,0.006,0.004,0.002,0.002,0.0,0.0,0.0,0.0,0.0,0.0,0.0,0.0,0.0,0.0,0.0,0.0,0.0,0.0,0.0
artificial.96,0.188,0.178,0.17,0.162,0.146,0.132,0.114,0.095,0.082,0.071,0.053,0.042,0.028,0.017,0.009,0.006,0.003,0.001,0.001,0.0,0.0,0.0,0.0,0.0,0.0,0.0,0.0,0.0,0.0,0.0
artificial.97,0.063,0.058,0.05,0.045,0.034,0.028,0.017,0.014,0.008,0.006,0.002,0.0,0.0,0.0,0.0,0.0,0.0,0.0,0.0,0.0,0.0,0.0,0.0,0.0,0.0,0.0,0.0,0.0,0.0,0.0
artificial.98,0.458,0.457,0.459,0.46,0.458,0.458,0.453,0.447,0.438,0.427,0.404,0.363,0.309,0.219,0.104,0.027,0.002,0.0,0.0,0.0,0.0,0.0,0.0,0.0,0.0,0.0,0.0,0.0,0.0,0.0
artificial.99,0.088,0.079,0.075,0.068,0.063,0.058,0.052,0.044,0.038,0.035,0.03,0.025,0.019,0.013,0.011,0.004,0.001,0.0,0.0,0.0,0.0,0.0,0.0,0.0,0.0,0.0,0.0,0.0,0.0,0.0
artificial.100,0.018,0.017,0.015,0.011,0.011,0.011,0.009,0.007,0.005,0.004,0.003,0.0,0.0,0.0,0.0,0.0,0.0,0.0,0.0,0.0,0.0,0.0,0.0,0.0,0.0,0.0,0.0,0.0,0.0,0.0
artificial.101,0.008,0.007,0.005,0.004,0.004,0.003,0.001,0.0,0.0,0.0,0.0,0.0,0.0,0.0,0.0,0.0,0.0,0.0,0.0,0.0,0.0,0.0,0.0,0.0,0.0,0.0,0.0,0.0,0.0,0.0
artificial.102,0.141,0.129,0.119,0.11,0.1,0.085,0.073,0.061,0.054,0.039,0.029,0.02,0.013,0.008,0.003,0.002,0.001,0.0,0.0,0.0,0.0,0.0,0.0,0.0,0.0,0.0,0.0,0.0,0.0,0.0
artificial.103,0.081,0.073,0.061,0.055,0.045,0.037,0.033,0.025,0.014,0.008,0.004,0.002,0.002,0.001,0.0,0.0,0.0,0.0,0.0,0.0,0.0,0.0,0.0,0.0,0.0,0.0,0.0,0.0,0.0,0.0
artificial.104,0.016,0.012,0.011,0.011,0.01,0.007,0.006,0.004,0.003,0.002,0.002,0.002,0.0,0.0,0.0,0.0,0.0,0.0,0.0,0.0,0.0,0.0,0.0,0.0,0.0,0.0,0.0,0.0,0.0,0.0
artificial.105,0.44,0.433,0.428,0.42,0.399,0.383,0.366,0.347,0.326,0.301,0.272,0.248,0.217,0.182,0.14,0.1,0.063,0.03,0.011,0.006,0.0,0.0,0.0,0.0,0.0,0.0,0.0,0.0,0.0,0.0
artificial.106,0.059,0.055,0.05,0.042,0.035,0.03,0.026,0.023,0.018,0.015,0.012,0.009,0.005,0.004,0.002,0.001,0.0,0.0,0.0,0.0,0.0,0.0,0.0,0.0,0.0,0.0,0.0,0.0,0.0,0.0
artificial.107,0.361,0.357,0.352,0.345,0.341,0.324,0.304,0.279,0.241,0.209,0.171,0.129,0.088,0.047,0.019,0.004,0.002,0.0,0.0,0.0,0.0,0.0,0.0,0.0,0.0,0.0,0.0,0.0,0.0,0.0
artificial.108,0.247,0.237,0.229,0.211,0.198,0.186,0.18,0.166,0.146,0.136,0.125,0.107,0.087,0.065,0.04,0.02,0.008,0.001,0.0,0.0,0.0,0.0,0.0,0.0,0.0,0.0,0.0,0.0,0.0,0.0
artificial.109,0.047,0.044,0.042,0.04,0.033,0.032,0.022,0.017,0.013,0.01,0.005,0.003,0.003,0.001,0.0,0.0,0.0,0.0,0.0,0.0,0.0,0.0,0.0,0.0,0.0,0.0,0.0,0.0,0.0,0.0
artificial.110,0.049,0.042,0.037,0.031,0.025,0.017,0.014,0.012,0.008,0.004,0.002,0.002,0.002,0.001,0.001,0.0,0.0,0.0,0.0,0.0,0.0,0.0,0.0,0.0,0.0,0.0,0.0,0.0,0.0,0.0
artificial.111,0.02,0.016,0.012,0.007,0.004,0.002,0.0,0.0,0.0,0.0,0.0,0.0,0.0,0.0,0.0,0.0,0.0,0.0,0.0,0.0,0.0,0.0,0.0,0.0,0.0,0.0,0.0,0.0,0.0,0.0
artificial.112,0.046,0.039,0.034,0.024,0.021,0.017,0.011,0.011,0.009,0.006,0.002,0.002,0.0,0.0,0.0,0.0,0.0,0.0,0.0,0.0,0.0,0.0,0.0,0.0,0.0,0.0,0.0,0.0,0.0,0.0
artificial.113,0.043,0.034,0.031,0.025,0.019,0.014,0.011,0.007,0.005,0.003,0.0,0.0,0.0,0.0,0.0,0.0,0.0,0.0,0.0,0.0,0.0,0.0,0.0,0.0,0.0,0.0,0.0,0.0,0.0,0.0
artificial.114,0.069,0.062,0.056,0.053,0.052,0.045,0.04,0.038,0.036,0.029,0.024,0.023,0.019,0.013,0.009,0.003,0.002,0.001,0.001,0.0,0.0,0.0,0.0,0.0,0.0,0.0,0.0,0.0,0.0,0.0
artificial.115,0.15,0.151,0.152,0.153,0.15,0.149,0.144,0.138,0.134,0.127,0.118,0.103,0.094,0.077,0.056,0.035,0.016,0.001,0.0,0.0,0.0,0.0,0.0,0.0,0.0,0.0,0.0,0.0,0.0,0.0
artificial.116,0.04,0.029,0.026,0.02,0.011,0.007,0.004,0.003,0.0,0.0,0.0,0.0,0.0,0.0,0.0,0.0,0.0,0.0,0.0,0.0,0.0,0.0,0.0,0.0,0.0,0.0,0.0,0.0,0.0,0.0
artificial.117,0.025,0.023,0.018,0.015,0.013,0.011,0.009,0.009,0.009,0.006,0.006,0.004,0.002,0.002,0.0,0.0,0.0,0.0,0.0,0.0,0.0,0.0,0.0,0.0,0.0,0.0,0.0,0.0,0.0,0.0
artificial.118,0.207,0.184,0.163,0.143,0.111,0.094,0.075,0.059,0.035,0.02,0.007,0.004,0.003,0.001,0.001,0.0,0.0,0.0,0.0,0.0,0.0,0.0,0.0,0.0,0.0,0.0,0.0,0.0,0.0,0.0
artificial.119,0.073,0.07,0.06,0.049,0.044,0.031,0.024,0.013,0.01,0.008,0.004,0.001,0.0,0.0,0.0,0.0,0.0,0.0,0.0,0.0,0.0,0.0,0.0,0.0,0.0,0.0,0.0,0.0,0.0,0.0
artificial.120,0.04,0.039,0.033,0.03,0.025,0.019,0.016,0.01,0.008,0.006,0.005,0.003,0.001,0.0,0.0,0.0,0.0,0.0,0.0,0.0,0.0,0.0,0.0,0.0,0.0,0.0,0.0,0.0,0.0,0.0
artificial.121,0.063,0.057,0.054,0.053,0.05,0.044,0.035,0.033,0.029,0.026,0.018,0.016,0.011,0.005,0.003,0.002,0.002,0.0,0.0,0.0,0.0,0.0,0.0,0.0,0.0,0.0,0.0,0.0,0.0,0.0
artificial.122,0.156,0.142,0.123,0.113,0.094,0.078,0.061,0.049,0.037,0.033,0.021,0.016,0.009,0.004,0.002,0.002,0.0,0.0,0.0,0.0,0.0,0.0,0.0,0.0,0.0,0.0,0.0,0.0,0.0,0.0
artificial.123,0.121,0.12,0.118,0.109,0.106,0.099,0.097,0.09,0.085,0.08,0.063,0.052,0.044,0.03,0.02,0.013,0.006,0.001,0.0,0.0,0.0,0.0,0.0,0.0,0.0,0.0,0.0,0.0,0.0,0.0
artificial.124,0.07,0.068,0.056,0.047,0.039,0.033,0.028,0.023,0.018,0.017,0.011,0.009,0.004,0.002,0.001,0.0,0.0,0.0,0.0,0.0,0.0,0.0,0.0,0.0,0.0,0.0,0.0,0.0,0.0,0.0
artificial.125,0.361,0.366,0.366,0.367,0.369,0.369,0.366,0.361,0.355,0.343,0.329,0.301,0.266,0.223,0.183,0.131,0.093,0.056,0.029,0.008,0.002,0.0,0.0,0.0,0.0,0.0,0.0,0.0,0.0,0.0
artificial.126,0.062,0.057,0.051,0.046,0.044,0.036,0.029,0.021,0.015,0.012,0.007,0.005,0.004,0.003,0.0,0.0,0.0,0.0,0.0,0.0,0.0,0.0,0.0,0.0,0.0,0.0,0.0,0.0,0.0,0.0
artificial.127,0.055,0.05,0.047,0.042,0.041,0.037,0.032,0.029,0.026,0.02,0.015,0.014,0.008,0.007,0.005,0.003,0.002,0.001,0.0,0.0,0.0,0.0,0.0,0.0,0.0,0.0,0.0,0.0,0.0,0.0
artificial.128,0.053,0.049,0.042,0.037,0.033,0.026,0.018,0.014,0.013,0.01,0.005,0.002,0.002,0.0,0.0,0.0,0.0,0.0,0.0,0.0,0.0,0.0,0.0,0.0,0.0,0.0,0.0,0.0,0.0,0.0
artificial.129,0.118,0.111,0.105,0.092,0.084,0.079,0.068,0.054,0.045,0.035,0.033,0.023,0.012,0.007,0.004,0.003,0.0,0.0,0.0,0.0,0.0,0.0,0.0,0.0,0.0,0.0,0.0,0.0,0.0,0.0
artificial.130,0.025,0.022,0.017,0.013,0.009,0.006,0.004,0.003,0.002,0.002,0.0,0.0,0.0,0.0,0.0,0.0,0.0,0.0,0.0,0.0,0.0,0.0,0.0,0.0,0.0,0.0,0.0,0.0,0.0,0.0
artificial.131,0.479,0.481,0.481,0.481,0.478,0.477,0.476,0.476,0.473,0.465,0.457,0.448,0.418,0.356,0.264,0.156,0.07,0.016,0.001,0.0,0.0,0.0,0.0,0.0,0.0,0.0,0.0,0.0,0.0,0.0
artificial.132,0.046,0.041,0.041,0.033,0.027,0.019,0.017,0.017,0.014,0.01,0.009,0.007,0.005,0.004,0.003,0.001,0.0,0.0,0.0,0.0,0.0,0.0,0.0,0.0,0.0,0.0,0.0,0.0,0.0,0.0
artificial.133,0.194,0.183,0.165,0.142,0.123,0.096,0.069,0.053,0.037,0.022,0.014,0.006,0.001,0.0,0.0,0.0,0.0,0.0,0.0,0.0,0.0,0.0,0.0,0.0,0.0,0.0,0.0,0.0,0.0,0.0
artificial.134,0.008,0.008,0.006,0.005,0.004,0.003,0.002,0.001,0.0,0.0,0.0,0.0,0.0,0.0,0.0,0.0,0.0,0.0,0.0,0.0,0.0,0.0,0.0,0.0,0.0,0.0,0.0,0.0,0.0,0.0
artificial.135,0.156,0.144,0.121,0.1,0.083,0.059,0.04,0.02,0.011,0.007,0.001,0.0,0.0,0.0,0.0,0.0,0.0,0.0,0.0,0.0,0.0,0.0,0.0,0.0,0.0,0.0,0.0,0.0,0.0,0.0
artificial.136,0.018,0.012,0.01,0.01,0.007,0.005,0.004,0.002,0.001,0.0,0.0,0.0,0.0,0.0,0.0,0.0,0.0,0.0,0.0,0.0,0.0,0.0,0.0,0.0,0.0,0.0,0.0,0.0,0.0,0.0
artificial.137,0.052,0.047,0.041,0.033,0.029,0.025,0.018,0.016,0.009,0.003,0.001,0.0,0.0,0.0,0.0,0.0,0.0,0.0,0.0,0.0,0.0,0.0,0.0,0.0,0.0,0.0,0.0,0.0,0.0,0.0
artificial.138,0.277,0.271,0.255,0.231,0.211,0.178,0.135,0.103,0.066,0.037,0.014,0.005,0.0,0.0,0.0,0.0,0.0,0.0,0.0,0.0,0.0,0.0,0.0,0.0,0.0,0.0,0.0,0.0,0.0,0.0
artificial.139,0.041,0.033,0.027,0.021,0.02,0.016,0.014,0.01,0.006,0.004,0.003,0.003,0.002,0.001,0.001,0.0,0.0,0.0,0.0,0.0,0.0,0.0,0.0,0.0,0.0,0.0,0.0,0.0,0.0,0.0
artificial.140,0.11,0.103,0.093,0.071,0.058,0.045,0.035,0.029,0.012,0.008,0.005,0.001,0.0,0.0,0.0,0.0,0.0,0.0,0.0,0.0,0.0,0.0,0.0,0.0,0.0,0.0,0.0,0.0,0.0,0.0
artificial.141,0.037,0.033,0.032,0.03,0.028,0.027,0.025,0.025,0.021,0.017,0.012,0.011,0.009,0.006,0.006,0.002,0.001,0.0,0.0,0.0,0.0,0.0,0.0,0.0,0.0,0.0,0.0,0.0,0.0,0.0
artificial.142,0.183,0.179,0.174,0.17,0.161,0.144,0.133,0.126,0.113,0.097,0.085,0.075,0.063,0.047,0.028,0.012,0.008,0.001,0.0,0.0,0.0,0.0,0.0,0.0,0.0,0.0,0.0,0.0,0.0,0.0
artificial.143,0.034,0.028,0.026,0.017,0.011,0.007,0.005,0.002,0.0,0.0,0.0,0.0,0.0,0.0,0.0,0.0,0.0,0.0,0.0,0.0,0.0,0.0,0.0,0.0,0.0,0.0,0.0,0.0,0.0,0.0
artificial.144,0.23,0.213,0.202,0.18,0.167,0.148,0.126,0.106,0.083,0.063,0.047,0.026,0.017,0.01,0.002,0.001,0.0,0.0,0.0,0.0,0.0,0.0,0.0,0.0,0.0,0.0,0.0,0.0,0.0,0.0
artificial.145,0.21,0.202,0.194,0.18,0.164,0.148,0.116,0.103,0.084,0.06,0.04,0.02,0.009,0.005,0.003,0.002,0.0,0.0,0.0,0.0,0.0,0.0,0.0,0.0,0.0,0.0,0.0,0.0,0.0,0.0
artificial.146,0.004,0.002,0.002,0.002,0.0,0.0,0.0,0.0,0.0,0.0,0.0,0.0,0.0,0.0,0.0,0.0,0.0,0.0,0.0,0.0,0.0,0.0,0.0,0.0,0.0,0.0,0.0,0.0,0.0,0.0
artificial.147,0.007,0.006,0.005,0.004,0.003,0.002,0.002,0.002,0.002,0.002,0.0,0.0,0.0,0.0,0.0,0.0,0.0,0.0,0.0,0.0,0.0,0.0,0.0,0.0,0.0,0.0,0.0,0.0,0.0,0.0
artificial.148,0.093,0.084,0.074,0.062,0.051,0.039,0.031,0.024,0.013,0.006,0.002,0.001,0.0,0.0,0.0,0.0,0.0,0.0,0.0,0.0,0.0,0.0,0.0,0.0,0.0,0.0,0.0,0.0,0.0,0.0
artificial.149,0.026,0.022,0.019,0.017,0.011,0.009,0.008,0.007,0.003,0.003,0.001,0.001,0.001,0.001,0.0,0.0,0.0,0.0,0.0,0.0,0.0,0.0,0.0,0.0,0.0,0.0,0.0,0.0,0.0,0.0
artificial.150,0.228,0.23,0.231,0.231,0.227,0.226,0.225,0.221,0.217,0.219,0.216,0.193,0.156,0.107,0.053,0.017,0.001,0.0,0.0,0.0,0.0,0.0,0.0,0.0,0.0,0.0,0.0,0.0,0.0,0.0
artificial.151,0.043,0.035,0.029,0.028,0.026,0.02,0.016,0.011,0.007,0.003,0.001,0.001,0.001,0.0,0.0,0.0,0.0,0.0,0.0,0.0,0.0,0.0,0.0,0.0,0.0,0.0,0.0,0.0,0.0,0.0
artificial.152,0.075,0.064,0.053,0.05,0.047,0.04,0.033,0.025,0.02,0.016,0.011,0.004,0.003,0.002,0.001,0.0,0.0,0.0,0.0,0.0,0.0,0.0,0.0,0.0,0.0,0.0,0.0,0.0,0.0,0.0
artificial.153,0.221,0.214,0.212,0.203,0.2,0.197,0.192,0.184,0.169,0.155,0.13,0.116,0.099,0.062,0.037,0.011,0.004,0.001,0.0,0.0,0.0,0.0,0.0,0.0,0.0,0.0,0.0,0.0,0.0,0.0
artificial.154,0.037,0.035,0.031,0.028,0.023,0.018,0.016,0.01,0.005,0.001,0.001,0.0,0.0,0.0,0.0,0.0,0.0,0.0,0.0,0.0,0.0,0.0,0.0,0.0,0.0,0.0,0.0,0.0,0.0,0.0
artificial.155,0.01,0.008,0.006,0.005,0.004,0.003,0.003,0.002,0.001,0.001,0.001,0.001,0.0,0.0,0.0,0.0,0.0,0.0,0.0,0.0,0.0,0.0,0.0,0.0,0.0,0.0,0.0,0.0,0.0,0.0
artificial.156,0.135,0.128,0.12,0.11,0.098,0.092,0.084,0.07,0.065,0.048,0.035,0.023,0.018,0.012,0.008,0.006,0.002,0.001,0.001,0.0,0.0,0.0,0.0,0.0,0.0,0.0,0.0,0.0,0.0,0.0
artificial.157,0.128,0.128,0.12,0.12,0.111,0.104,0.1,0.096,0.086,0.081,0.072,0.063,0.052,0.036,0.024,0.016,0.009,0.003,0.002,0.002,0.001,0.0,0.0,0.0,0.0,0.0,0.0,0.0,0.0,0.0
artificial.158,0.02,0.016,0.014,0.012,0.009,0.009,0.006,0.005,0.004,0.002,0.002,0.002,0.002,0.0,0.0,0.0,0.0,0.0,0.0,0.0,0.0,0.0,0.0,0.0,0.0,0.0,0.0,0.0,0.0,0.0
artificial.159,0.164,0.158,0.144,0.128,0.112,0.098,0.076,0.065,0.051,0.035,0.023,0.015,0.013,0.01,0.005,0.004,0.0,0.0,0.0,0.0,0.0,0.0,0.0,0.0,0.0,0.0,0.0,0.0,0.0,0.0
artificial.160,0.017,0.013,0.012,0.011,0.01,0.007,0.007,0.005,0.004,0.004,0.002,0.002,0.001,0.001,0.001,0.0,0.0,0.0,0.0,0.0,0.0,0.0,0.0,0.0,0.0,0.0,0.0,0.0,0.0,0.0
artificial.161,0.043,0.038,0.037,0.034,0.034,0.034,0.03,0.027,0.021,0.016,0.016,0.012,0.007,0.005,0.004,0.0,0.0,0.0,0.0,0.0,0.0,0.0,0.0,0.0,0.0,0.0,0.0,0.0,0.0,0.0
artificial.162,0.011,0.009,0.005,0.005,0.004,0.003,0.002,0.001,0.0,0.0,0.0,0.0,0.0,0.0,0.0,0.0,0.0,0.0,0.0,0.0,0.0,0.0,0.0,0.0,0.0,0.0,0.0,0.0,0.0,0.0
artificial.163,0.038,0.035,0.029,0.026,0.019,0.013,0.01,0.008,0.006,0.001,0.001,0.001,0.001,0.001,0.001,0.0,0.0,0.0,0.0,0.0,0.0,0.0,0.0,0.0,0.0,0.0,0.0,0.0,0.0,0.0
artificial.164,0.048,0.044,0.037,0.029,0.026,0.02,0.015,0.011,0.009,0.006,0.004,0.002,0.001,0.0,0.0,0.0,0.0,0.0,0.0,0.0,0.0,0.0,0.0,0.0,0.0,0.0,0.0,0.0,0.0,0.0
artificial.165,0.458,0.457,0.457,0.456,0.457,0.454,0.448,0.445,0.434,0.424,0.416,0.397,0.371,0.317,0.231,0.106,0.016,0.0,0.0,0.0,0.0,0.0,0.0,0.0,0.0,0.0,0.0,0.0,0.0,0.0
artificial.166,0.36,0.346,0.326,0.303,0.281,0.252,0.232,0.209,0.18,0.144,0.119,0.099,0.081,0.059,0.038,0.026,0.012,0.005,0.002,0.0,0.0,0.0,0.0,0.0,0.0,0.0,0.0,0.0,0.0,0.0
artificial.167,0.01,0.007,0.005,0.004,0.003,0.002,0.002,0.001,0.0,0.0,0.0,0.0,0.0,0.0,0.0,0.0,0.0,0.0,0.0,0.0,0.0,0.0,0.0,0.0,0.0,0.0,0.0,0.0,0.0,0.0
artificial.168,0.068,0.057,0.041,0.03,0.02,0.014,0.006,0.004,0.003,0.0,0.0,0.0,0.0,0.0,0.0,0.0,0.0,0.0,0.0,0.0,0.0,0.0,0.0,0.0,0.0,0.0,0.0,0.0,0.0,0.0
artificial.169,0.132,0.132,0.131,0.125,0.125,0.119,0.11,0.102,0.097,0.082,0.071,0.058,0.032,0.016,0.009,0.004,0.0,0.0,0.0,0.0,0.0,0.0,0.0,0.0,0.0,0.0,0.0,0.0,0.0,0.0
artificial.170,0.389,0.384,0.38,0.377,0.364,0.351,0.335,0.311,0.298,0.264,0.217,0.164,0.121,0.081,0.037,0.014,0.004,0.0,0.0,0.0,0.0,0.0,0.0,0.0,0.0,0.0,0.0,0.0,0.0,0.0
artificial.171,0.259,0.253,0.247,0.24,0.227,0.224,0.212,0.193,0.158,0.133,0.105,0.064,0.03,0.011,0.002,0.0,0.0,0.0,0.0,0.0,0.0,0.0,0.0,0.0,0.0,0.0,0.0,0.0,0.0,0.0
artificial.172,0.099,0.092,0.077,0.067,0.061,0.053,0.043,0.034,0.026,0.019,0.011,0.009,0.002,0.001,0.001,0.001,0.0,0.0,0.0,0.0,0.0,0.0,0.0,0.0,0.0,0.0,0.0,0.0,0.0,0.0
artificial.173,0.053,0.045,0.04,0.037,0.025,0.02,0.012,0.009,0.008,0.005,0.003,0.0,0.0,0.0,0.0,0.0,0.0,0.0,0.0,0.0,0.0,0.0,0.0,0.0,0.0,0.0,0.0,0.0,0.0,0.0
artificial.174,0.075,0.069,0.058,0.057,0.048,0.035,0.029,0.026,0.022,0.015,0.013,0.006,0.003,0.001,0.0,0.0,0.0,0.0,0.0,0.0,0.0,0.0,0.0,0.0,0.0,0.0,0.0,0.0,0.0,0.0
artificial.175,0.137,0.132,0.13,0.126,0.116,0.107,0.098,0.095,0.088,0.072,0.065,0.046,0.041,0.022,0.011,0.006,0.001,0.0,0.0,0.0,0.0,0.0,0.0,0.0,0.0,0.0,0.0,0.0,0.0,0.0
artificial.176,0.016,0.011,0.009,0.006,0.005,0.003,0.001,0.0,0.0,0.0,0.0,0.0,0.0,0.0,0.0,0.0,0.0,0.0,0.0,0.0,0.0,0.0,0.0,0.0,0.0,0.0,0.0,0.0,0.0,0.0
artificial.177,0.052,0.045,0.036,0.03,0.027,0.02,0.016,0.012,0.011,0.007,0.003,0.003,0.001,0.001,0.001,0.0,0.0,0.0,0.0,0.0,0.0,0.0,0.0,0.0,0.0,0.0,0.0,0.0,0.0,0.0
artificial.178,0.004,0.003,0.003,0.003,0.002,0.002,0.001,0.001,0.001,0.001,0.001,0.001,0.0,0.0,0.0,0.0,0.0,0.0,0.0,0.0,0.0,0.0,0.0,0.0,0.0,0.0,0.0,0.0,0.0,0.0
artificial.179,0.051,0.049,0.044,0.042,0.039,0.034,0.027,0.024,0.017,0.009,0.006,0.004,0.003,0.0,0.0,0.0,0.0,0.0,0.0,0.0,0.0,0.0,0.0,0.0,0.0,0.0,0.0,0.0,0.0,0.0
artificial.180,0.02,0.014,0.007,0.006,0.005,0.004,0.002,0.0,0.0,0.0,0.0,0.0,0.0,0.0,0.0,0.0,0.0,0.0,0.0,0.0,0.0,0.0,0.0,0.0,0.0,0.0,0.0,0.0,0.0,0.0
artificial.181,0.164,0.155,0.148,0.139,0.133,0.121,0.111,0.098,0.089,0.079,0.073,0.059,0.046,0.031,0.024,0.01,0.005,0.001,0.0,0.0,0.0,0.0,0.0,0.0,0.0,0.0,0.0,0.0,0.0,0.0
artificial.182,0.071,0.064,0.056,0.052,0.046,0.04,0.035,0.03,0.026,0.02,0.017,0.012,0.007,0.004,0.002,0.0,0.0,0.0,0.0,0.0,0.0,0.0,0.0,0.0,0.0,0.0,0.0,0.0,0.0,0.0
artificial.183,0.063,0.057,0.052,0.047,0.041,0.037,0.035,0.03,0.027,0.023,0.016,0.01,0.006,0.002,0.0,0.0,0.0,0.0,0.0,0.0,0.0,0.0,0.0,0.0,0.0,0.0,0.0,0.0,0.0,0.0
artificial.184,0.02,0.019,0.013,0.011,0.008,0.006,0.005,0.004,0.004,0.004,0.004,0.002,0.001,0.001,0.0,0.0,0.0,0.0,0.0,0.0,0.0,0.0,0.0,0.0,0.0,0.0,0.0,0.0,0.0,0.0
artificial.185,0.007,0.006,0.003,0.001,0.0,0.0,0.0,0.0,0.0,0.0,0.0,0.0,0.0,0.0,0.0,0.0,0.0,0.0,0.0,0.0,0.0,0.0,0.0,0.0,0.0,0.0,0.0,0.0,0.0,0.0
artificial.186,0.344,0.331,0.321,0.306,0.289,0.273,0.239,0.21,0.187,0.156,0.128,0.103,0.085,0.066,0.047,0.025,0.014,0.004,0.0,0.0,0.0,0.0,0.0,0.0,0.0,0.0,0.0,0.0,0.0,0.0
artificial.187,0.348,0.331,0.321,0.296,0.282,0.27,0.254,0.241,0.221,0.199,0.174,0.159,0.141,0.12,0.103,0.081,0.064,0.042,0.021,0.01,0.002,0.0,0.0,0.0,0.0,0.0,0.0,0.0,0.0,0.0
artificial.188,0.019,0.016,0.012,0.008,0.007,0.003,0.003,0.0,0.0,0.0,0.0,0.0,0.0,0.0,0.0,0.0,0.0,0.0,0.0,0.0,0.0,0.0,0.0,0.0,0.0,0.0,0.0,0.0,0.0,0.0
artificial.189,0.33,0.327,0.318,0.306,0.302,0.286,0.269,0.253,0.235,0.212,0.186,0.161,0.13,0.101,0.07,0.049,0.034,0.015,0.006,0.002,0.0,0.0,0.0,0.0,0.0,0.0,0.0,0.0,0.0,0.0
artificial.190,0.059,0.054,0.043,0.037,0.033,0.027,0.02,0.016,0.012,0.009,0.004,0.003,0.002,0.0,0.0,0.0,0.0,0.0,0.0,0.0,0.0,0.0,0.0,0.0,0.0,0.0,0.0,0.0,0.0,0.0
artificial.191,0.204,0.191,0.171,0.16,0.145,0.133,0.118,0.099,0.08,0.066,0.05,0.035,0.02,0.01,0.005,0.0,0.0,0.0,0.0,0.0,0.0,0.0,0.0,0.0,0.0,0.0,0.0,0.0,0.0,0.0
artificial.192,0.24,0.232,0.228,0.219,0.209,0.2,0.193,0.185,0.17,0.154,0.137,0.111,0.09,0.067,0.051,0.031,0.02,0.008,0.003,0.001,0.0,0.0,0.0,0.0,0.0,0.0,0.0,0.0,0.0,0.0
artificial.193,0.015,0.01,0.008,0.005,0.004,0.002,0.002,0.002,0.001,0.001,0.001,0.0,0.0,0.0,0.0,0.0,0.0,0.0,0.0,0.0,0.0,0.0,0.0,0.0,0.0,0.0,0.0,0.0,0.0,0.0
artificial.194,0.164,0.16,0.155,0.155,0.147,0.142,0.136,0.128,0.117,0.107,0.098,0.078,0.062,0.044,0.024,0.01,0.005,0.002,0.001,0.0,0.0,0.0,0.0,0.0,0.0,0.0,0.0,0.0,0.0,0.0
artificial.195,0.061,0.05,0.046,0.031,0.025,0.018,0.009,0.006,0.0,0.0,0.0,0.0,0.0,0.0,0.0,0.0,0.0,0.0,0.0,0.0,0.0,0.0,0.0,0.0,0.0,0.0,0.0,0.0,0.0,0.0
artificial.196,0.021,0.019,0.015,0.012,0.01,0.01,0.006,0.003,0.001,0.001,0.0,0.0,0.0,0.0,0.0,0.0,0.0,0.0,0.0,0.0,0.0,0.0,0.0,0.0,0.0,0.0,0.0,0.0,0.0,0.0
artificial.197,0.184,0.174,0.162,0.153,0.135,0.125,0.109,0.089,0.07,0.051,0.041,0.03,0.015,0.009,0.004,0.002,0.0,0.0,0.0,0.0,0.0,0.0,0.0,0.0,0.0,0.0,0.0,0.0,0.0,0.0
artificial.198,0.123,0.114,0.11,0.097,0.09,0.079,0.07,0.062,0.053,0.036,0.023,0.014,0.005,0.002,0.0,0.0,0.0,0.0,0.0,0.0,0.0,0.0,0.0,0.0,0.0,0.0,0.0,0.0,0.0,0.0
artificial.199,0.172,0.175,0.177,0.178,0.183,0.18,0.188,0.186,0.177,0.169,0.157,0.147,0.122,0.097,0.072,0.051,0.028,0.006,0.003,0.0,0.0,0.0,0.0,0.0,0.0,0.0,0.0,0.0,0.0,0.0
artificial.200,0.134,0.127,0.122,0.12,0.106,0.1,0.093,0.084,0.075,0.063,0.053,0.043,0.036,0.026,0.013,0.003,0.001,0.0,0.0,0.0,0.0,0.0,0.0,0.0,0.0,0.0,0.0,0.0,0.0,0.0
artificial.201,0.028,0.025,0.022,0.015,0.014,0.011,0.008,0.006,0.004,0.003,0.001,0.0,0.0,0.0,0.0,0.0,0.0,0.0,0.0,0.0,0.0,0.0,0.0,0.0,0.0,0.0,0.0,0.0,0.0,0.0
artificial.202,0.171,0.169,0.155,0.141,0.125,0.112,0.102,0.085,0.066,0.049,0.031,0.016,0.007,0.003,0.001,0.0,0.0,0.0,0.0,0.0,0.0,0.0,0.0,0.0,0.0,0.0,0.0,0.0,0.0,0.0
artificial.203,0.047,0.044,0.039,0.034,0.028,0.023,0.019,0.014,0.01,0.007,0.004,0.002,0.002,0.0,0.0,0.0,0.0,0.0,0.0,0.0,0.0,0.0,0.0,0.0,0.0,0.0,0.0,0.0,0.0,0.0
artificial.204,0.013,0.008,0.007,0.005,0.002,0.0,0.0,0.0,0.0,0.0,0.0,0.0,0.0,0.0,0.0,0.0,0.0,0.0,0.0,0.0,0.0,0.0,0.0,0.0,0.0,0.0,0.0,0.0,0.0,0.0
artificial.205,0.112,0.11,0.107,0.103,0.096,0.087,0.078,0.067,0.065,0.063,0.055,0.048,0.038,0.029,0.022,0.017,0.011,0.004,0.0,0.0,0.0,0.0,0.0,0.0,0.0,0.0,0.0,0.0,0.0,0.0
artificial.206,0.371,0.372,0.373,0.371,0.372,0.371,0.366,0.365,0.364,0.367,0.367,0.355,0.331,0.304,0.24,0.163,0.086,0.03,0.007,0.0,0.0,0.0,0.0,0.0,0.0,0.0,0.0,0.0,0.0,0.0
artificial.207,0.216,0.204,0.191,0.173,0.158,0.138,0.111,0.084,0.055,0.033,0.014,0.007,0.004,0.002,0.0,0.0,0.0,0.0,0.0,0.0,0.0,0.0,0.0,0.0,0.0,0.0,0.0,0.0,0.0,0.0
artificial.208,0.042,0.036,0.028,0.026,0.018,0.01,0.005,0.003,0.001,0.001,0.001,0.0,0.0,0.0,0.0,0.0,0.0,0.0,0.0,0.0,0.0,0.0,0.0,0.0,0.0,0.0,0.0,0.0,0.0,0.0
artificial.209,0.089,0.084,0.074,0.071,0.067,0.056,0.054,0.05,0.039,0.028,0.014,0.008,0.004,0.001,0.0,0.0,0.0,0.0,0.0,0.0,0.0,0.0,0.0,0.0,0.0,0.0,0.0,0.0,0.0,0.0
artificial.210,0.234,0.211,0.195,0.169,0.145,0.117,0.097,0.075,0.049,0.028,0.016,0.006,0.003,0.001,0.0,0.0,0.0,0.0,0.0,0.0,0.0,0.0,0.0,0.0,0.0,0.0,0.0,0.0,0.0,0.0
artificial.211,0.06,0.057,0.048,0.04,0.032,0.024,0.013,0.01,0.005,0.003,0.0,0.0,0.0,0.0,0.0,0.0,0.0,0.0,0.0,0.0,0.0,0.0,0.0,0.0,0.0,0.0,0.0,0.0,0.0,0.0
artificial.212,0.344,0.341,0.335,0.332,0.316,0.298,0.278,0.236,0.194,0.142,0.094,0.039,0.008,0.0,0.0,0.0,0.0,0.0,0.0,0.0,0.0,0.0,0.0,0.0,0.0,0.0,0.0,0.0,0.0,0.0
artificial.213,0.133,0.133,0.127,0.125,0.115,0.105,0.097,0.084,0.08,0.066,0.059,0.05,0.04,0.019,0.016,0.008,0.005,0.002,0.0,0.0,0.0,0.0,0.0,0.0,0.0,0.0,0.0,0.0,0.0,0.0
artificial.214,0.15,0.137,0.122,0.108,0.094,0.085,0.076,0.056,0.044,0.035,0.022,0.013,0.01,0.004,0.002,0.001,0.001,0.0,0.0,0.0,0.0,0.0,0.0,0.0,0.0,0.0,0.0,0.0,0.0,0.0
artificial.215,0.068,0.063,0.052,0.042,0.035,0.031,0.027,0.019,0.013,0.01,0.007,0.004,0.002,0.0,0.0,0.0,0.0,0.0,0.0,0.0,0.0,0.0,0.0,0.0,0.0,0.0,0.0,0.0,0.0,0.0
artificial.216,0.063,0.059,0.048,0.044,0.039,0.032,0.028,0.023,0.017,0.014,0.009,0.004,0.004,0.002,0.001,0.0,0.0,0.0,0.0,0.0,0.0,0.0,0.0,0.0,0.0,0.0,0.0,0.0,0.0,0.0
artificial.217,0.039,0.038,0.037,0.028,0.027,0.025,0.025,0.02,0.017,0.015,0.013,0.012,0.011,0.009,0.003,0.0,0.0,0.0,0.0,0.0,0.0,0.0,0.0,0.0,0.0,0.0,0.0,0.0,0.0,0.0
artificial.218,0.192,0.184,0.175,0.16,0.15,0.13,0.122,0.102,0.087,0.074,0.065,0.048,0.041,0.032,0.021,0.011,0.006,0.004,0.003,0.001,0.0,0.0,0.0,0.0,0.0,0.0,0.0,0.0,0.0,0.0
artificial.219,0.076,0.073,0.071,0.063,0.056,0.05,0.048,0.043,0.035,0.025,0.016,0.008,0.007,0.006,0.004,0.003,0.0,0.0,0.0,0.0,0.0,0.0,0.0,0.0,0.0,0.0,0.0,0.0,0.0,0.0
artificial.220,0.07,0.064,0.057,0.051,0.046,0.044,0.038,0.032,0.026,0.021,0.015,0.013,0.007,0.005,0.001,0.001,0.001,0.0,0.0,0.0,0.0,0.0,0.0,0.0,0.0,0.0,0.0,0.0,0.0,0.0
artificial.221,0.02,0.013,0.01,0.005,0.005,0.003,0.001,0.001,0.001,0.0,0.0,0.0,0.0,0.0,0.0,0.0,0.0,0.0,0.0,0.0,0.0,0.0,0.0,0.0,0.0,0.0,0.0,0.0,0.0,0.0
artificial.222,0.149,0.138,0.125,0.099,0.082,0.071,0.048,0.043,0.031,0.02,0.014,0.009,0.003,0.001,0.001,0.0,0.0,0.0,0.0,0.0,0.0,0.0,0.0,0.0,0.0,0.0,0.0,0.0,0.0,0.0
artificial.223,0.043,0.04,0.032,0.029,0.024,0.024,0.022,0.017,0.014,0.011,0.006,0.003,0.001,0.001,0.001,0.0,0.0,0.0,0.0,0.0,0.0,0.0,0.0,0.0,0.0,0.0,0.0,0.0,0.0,0.0
artificial.224,0.005,0.003,0.003,0.002,0.002,0.0,0.0,0.0,0.0,0.0,0.0,0.0,0.0,0.0,0.0,0.0,0.0,0.0,0.0,0.0,0.0,0.0,0.0,0.0,0.0,0.0,0.0,0.0,0.0,0.0
artificial.225,0.04,0.037,0.033,0.029,0.023,0.018,0.016,0.013,0.01,0.008,0.007,0.004,0.003,0.003,0.003,0.002,0.0,0.0,0.0,0.0,0.0,0.0,0.0,0.0,0.0,0.0,0.0,0.0,0.0,0.0
artificial.226,0.072,0.063,0.058,0.048,0.04,0.035,0.031,0.027,0.022,0.015,0.011,0.005,0.003,0.001,0.001,0.001,0.001,0.001,0.001,0.0,0.0,0.0,0.0,0.0,0.0,0.0,0.0,0.0,0.0,0.0
artificial.227,0.147,0.138,0.129,0.122,0.116,0.105,0.095,0.089,0.081,0.069,0.054,0.049,0.037,0.025,0.015,0.01,0.005,0.004,0.001,0.0,0.0,0.0,0.0,0.0,0.0,0.0,0.0,0.0,0.0,0.0
artificial.228,0.125,0.113,0.106,0.095,0.079,0.063,0.055,0.041,0.034,0.019,0.008,0.004,0.002,0.0,0.0,0.0,0.0,0.0,0.0,0.0,0.0,0.0,0.0,0.0,0.0,0.0,0.0,0.0,0.0,0.0
artificial.229,0.34,0.329,0.328,0.319,0.302,0.292,0.269,0.255,0.227,0.208,0.19,0.168,0.145,0.126,0.104,0.069,0.036,0.015,0.007,0.002,0.002,0.0,0.0,0.0,0.0,0.0,0.0,0.0,0.0,0.0
artificial.230,0.039,0.038,0.03,0.027,0.024,0.012,0.009,0.007,0.006,0.005,0.005,0.003,0.002,0.002,0.002,0.001,0.001,0.0,0.0,0.0,0.0,0.0,0.0,0.0,0.0,0.0,0.0,0.0,0.0,0.0
artificial.231,0.449,0.445,0.438,0.429,0.416,0.404,0.389,0.369,0.351,0.311,0.242,0.162,0.097,0.042,0.012,0.0,0.0,0.0,0.0,0.0,0.0,0.0,0.0,0.0,0.0,0.0,0.0,0.0,0.0,0.0
artificial.232,0.498,0.489,0.489,0.482,0.468,0.453,0.443,0.421,0.399,0.369,0.336,0.31,0.27,0.215,0.167,0.12,0.085,0.051,0.031,0.013,0.004,0.001,0.001,0.0,0.0,0.0,0.0,0.0,0.0,0.0
artificial.233,0.059,0.055,0.05,0.042,0.038,0.023,0.013,0.007,0.002,0.0,0.0,0.0,0.0,0.0,0.0,0.0,0.0,0.0,0.0,0.0,0.0,0.0,0.0,0.0,0.0,0.0,0.0,0.0,0.0,0.0
artificial.234,0.015,0.013,0.011,0.008,0.006,0.006,0.006,0.006,0.004,0.004,0.003,0.001,0.0,0.0,0.0,0.0,0.0,0.0,0.0,0.0,0.0,0.0,0.0,0.0,0.0,0.0,0.0,0.0,0.0,0.0
artificial.235,0.03,0.027,0.026,0.025,0.023,0.018,0.012,0.009,0.007,0.006,0.004,0.002,0.0,0.0,0.0,0.0,0.0,0.0,0.0,0.0,0.0,0.0,0.0,0.0,0.0,0.0,0.0,0.0,0.0,0.0
artificial.236,0.004,0.001,0.001,0.0,0.0,0.0,0.0,0.0,0.0,0.0,0.0,0.0,0.0,0.0,0.0,0.0,0.0,0.0,0.0,0.0,0.0,0.0,0.0,0.0,0.0,0.0,0.0,0.0,0.0,0.0
artificial.237,0.146,0.128,0.114,0.099,0.085,0.071,0.056,0.046,0.035,0.028,0.019,0.012,0.007,0.005,0.001,0.0,0.0,0.0,0.0,0.0,0.0,0.0,0.0,0.0,0.0,0.0,0.0,0.0,0.0,0.0
artificial.238,0.083,0.073,0.07,0.066,0.055,0.047,0.032,0.025,0.018,0.014,0.01,0.005,0.004,0.002,0.0,0.0,0.0,0.0,0.0,0.0,0.0,0.0,0.0,0.0,0.0,0.0,0.0,0.0,0.0,0.0
artificial.239,0.023,0.019,0.015,0.014,0.012,0.007,0.006,0.005,0.004,0.002,0.001,0.001,0.0,0.0,0.0,0.0,0.0,0.0,0.0,0.0,0.0,0.0,0.0,0.0,0.0,0.0,0.0,0.0,0.0,0.0
artificial.240,0.059,0.056,0.052,0.048,0.048,0.044,0.041,0.038,0.037,0.032,0.029,0.021,0.015,0.011,0.007,0.004,0.002,0.0,0.0,0.0,0.0,0.0,0.0,0.0,0.0,0.0,0.0,0.0,0.0,0.0
artificial.241,0.007,0.004,0.002,0.001,0.001,0.001,0.0,0.0,0.0,0.0,0.0,0.0,0.0,0.0,0.0,0.0,0.0,0.0,0.0,0.0,0.0,0.0,0.0,0.0,0.0,0.0,0.0,0.0,0.0,0.0
artificial.242,0.362,0.348,0.345,0.335,0.322,0.313,0.299,0.291,0.276,0.269,0.262,0.257,0.252,0.245,0.234,0.2,0.135,0.067,0.022,0.002,0.0,0.0,0.0,0.0,0.0,0.0,0.0,0.0,0.0,0.0
artificial.243,0.038,0.034,0.031,0.029,0.024,0.022,0.02,0.019,0.016,0.012,0.01,0.008,0.006,0.003,0.001,0.001,0.001,0.0,0.0,0.0,0.0,0.0,0.0,0.0,0.0,0.0,0.0,0.0,0.0,0.0
artificial.244,0.093,0.088,0.076,0.067,0.066,0.055,0.045,0.036,0.031,0.023,0.017,0.012,0.009,0.005,0.005,0.004,0.0,0.0,0.0,0.0,0.0,0.0,0.0,0.0,0.0,0.0,0.0,0.0,0.0,0.0
artificial.245,0.087,0.082,0.081,0.076,0.073,0.068,0.058,0.051,0.04,0.033,0.027,0.021,0.016,0.012,0.008,0.006,0.005,0.002,0.002,0.0,0.0,0.0,0.0,0.0,0.0,0.0,0.0,0.0,0.0,0.0
artificial.246,0.009,0.007,0.006,0.004,0.002,0.0,0.0,0.0,0.0,0.0,0.0,0.0,0.0,0.0,0.0,0.0,0.0,0.0,0.0,0.0,0.0,0.0,0.0,0.0,0.0,0.0,0.0,0.0,0.0,0.0
artificial.247,0.018,0.015,0.012,0.01,0.008,0.006,0.005,0.003,0.003,0.003,0.001,0.001,0.0,0.0,0.0,0.0,0.0,0.0,0.0,0.0,0.0,0.0,0.0,0.0,0.0,0.0,0.0,0.0,0.0,0.0
artificial.248,0.059,0.055,0.054,0.047,0.043,0.039,0.036,0.032,0.025,0.023,0.018,0.015,0.01,0.009,0.006,0.003,0.002,0.0,0.0,0.0,0.0,0.0,0.0,0.0,0.0,0.0,0.0,0.0,0.0,0.0
artificial.249,0.014,0.011,0.009,0.006,0.004,0.0,0.0,0.0,0.0,0.0,0.0,0.0,0.0,0.0,0.0,0.0,0.0,0.0,0.0,0.0,0.0,0.0,0.0,0.0,0.0,0.0,0.0,0.0,0.0,0.0
artificial.250,0.194,0.182,0.169,0.16,0.141,0.124,0.103,0.084,0.054,0.034,0.018,0.006,0.002,0.0,0.0,0.0,0.0,0.0,0.0,0.0,0.0,0.0,0.0,0.0,0.0,0.0,0.0,0.0,0.0,0.0
artificial.251,0.011,0.009,0.005,0.002,0.002,0.001,0.001,0.001,0.0,0.0,0.0,0.0,0.0,0.0,0.0,0.0,0.0,0.0,0.0,0.0,0.0,0.0,0.0,0.0,0.0,0.0,0.0,0.0,0.0,0.0
artificial.252,0.03,0.025,0.019,0.016,0.011,0.004,0.004,0.002,0.0,0.0,0.0,0.0,0.0,0.0,0.0,0.0,0.0,0.0,0.0,0.0,0.0,0.0,0.0,0.0,0.0,0.0,0.0,0.0,0.0,0.0
artificial.253,0.143,0.134,0.122,0.111,0.101,0.093,0.079,0.07,0.061,0.055,0.045,0.032,0.023,0.012,0.008,0.004,0.0,0.0,0.0,0.0,0.0,0.0,0.0,0.0,0.0,0.0,0.0,0.0,0.0,0.0
artificial.254,0.069,0.066,0.058,0.055,0.047,0.04,0.038,0.036,0.029,0.019,0.015,0.011,0.008,0.002,0.001,0.001,0.001,0.001,0.0,0.0,0.0,0.0,0.0,0.0,0.0,0.0,0.0,0.0,0.0,0.0
artificial.255,0.18,0.169,0.157,0.147,0.135,0.121,0.11,0.096,0.076,0.06,0.046,0.035,0.024,0.014,0.009,0.004,0.001,0.0,0.0,0.0,0.0,0.0,0.0,0.0,0.0,0.0,0.0,0.0,0.0,0.0
artificial.256,0.034,0.027,0.023,0.022,0.019,0.017,0.011,0.007,0.005,0.004,0.002,0.001,0.001,0.0,0.0,0.0,0.0,0.0,0.0,0.0,0.0,0.0,0.0,0.0,0.0,0.0,0.0,0.0,0.0,0.0
artificial.257,0.19,0.19,0.189,0.187,0.19,0.179,0.171,0.157,0.15,0.137,0.128,0.11,0.089,0.056,0.036,0.021,0.013,0.003,0.001,0.0,0.0,0.0,0.0,0.0,0.0,0.0,0.0,0.0,0.0,0.0
artificial.258,0.055,0.044,0.036,0.026,0.023,0.019,0.018,0.012,0.008,0.007,0.006,0.005,0.003,0.0,0.0,0.0,0.0,0.0,0.0,0.0,0.0,0.0,0.0,0.0,0.0,0.0,0.0,0.0,0.0,0.0
artificial.259,0.011,0.008,0.008,0.006,0.006,0.006,0.004,0.003,0.002,0.001,0.0,0.0,0.0,0.0,0.0,0.0,0.0,0.0,0.0,0.0,0.0,0.0,0.0,0.0,0.0,0.0,0.0,0.0,0.0,0.0
artificial.260,0.065,0.064,0.059,0.055,0.05,0.043,0.038,0.037,0.035,0.031,0.024,0.017,0.011,0.006,0.003,0.003,0.002,0.0,0.0,0.0,0.0,0.0,0.0,0.0,0.0,0.0,0.0,0.0,0.0,0.0
artificial.261,0.218,0.208,0.201,0.193,0.178,0.171,0.157,0.14,0.13,0.106,0.089,0.063,0.046,0.032,0.016,0.008,0.003,0.002,0.0,0.0,0.0,0.0,0.0,0.0,0.0,0.0,0.0,0.0,0.0,0.0
artificial.262,0.051,0.047,0.044,0.039,0.03,0.026,0.021,0.014,0.011,0.011,0.009,0.007,0.006,0.005,0.002,0.001,0.001,0.0,0.0,0.0,0.0,0.0,0.0,0.0,0.0,0.0,0.0,0.0,0.0,0.0
artificial.263,0.12,0.11,0.097,0.08,0.075,0.066,0.059,0.051,0.045,0.03,0.02,0.009,0.005,0.003,0.002,0.001,0.0,0.0,0.0,0.0,0.0,0.0,0.0,0.0,0.0,0.0,0.0,0.0,0.0,0.0
artificial.264,0.042,0.037,0.034,0.033,0.026,0.026,0.023,0.018,0.013,0.011,0.008,0.007,0.003,0.003,0.001,0.001,0.0,0.0,0.0,0.0,0.0,0.0,0.0,0.0,0.0,0.0,0.0,0.0,0.0,0.0
artificial.265,0.112,0.103,0.096,0.088,0.083,0.075,0.069,0.061,0.048,0.036,0.026,0.021,0.019,0.013,0.007,0.003,0.001,0.001,0.001,0.0,0.0,0.0,0.0,0.0,0.0,0.0,0.0,0.0,0.0,0.0
artificial.266,0.05,0.048,0.042,0.035,0.031,0.027,0.023,0.019,0.013,0.012,0.006,0.004,0.001,0.0,0.0,0.0,0.0,0.0,0.0,0.0,0.0,0.0,0.0,0.0,0.0,0.0,0.0,0.0,0.0,0.0
artificial.267,0.366,0.359,0.353,0.34,0.324,0.3,0.275,0.245,0.212,0.165,0.121,0.067,0.028,0.007,0.001,0.0,0.0,0.0,0.0,0.0,0.0,0.0,0.0,0.0,0.0,0.0,0.0,0.0,0.0,0.0
artificial.268,0.033,0.026,0.019,0.017,0.015,0.012,0.007,0.002,0.001,0.0,0.0,0.0,0.0,0.0,0.0,0.0,0.0,0.0,0.0,0.0,0.0,0.0,0.0,0.0,0.0,0.0,0.0,0.0,0.0,0.0
artificial.269,0.165,0.159,0.152,0.146,0.13,0.115,0.096,0.074,0.057,0.04,0.024,0.015,0.01,0.005,0.001,0.0,0.0,0.0,0.0,0.0,0.0,0.0,0.0,0.0,0.0,0.0,0.0,0.0,0.0,0.0
artificial.270,0.06,0.056,0.051,0.043,0.039,0.035,0.033,0.031,0.025,0.024,0.021,0.017,0.011,0.006,0.003,0.002,0.0,0.0,0.0,0.0,0.0,0.0,0.0,0.0,0.0,0.0,0.0,0.0,0.0,0.0
artificial.271,0.431,0.419,0.4,0.388,0.371,0.356,0.338,0.316,0.284,0.253,0.223,0.186,0.156,0.124,0.091,0.075,0.047,0.025,0.011,0.004,0.002,0.0,0.0,0.0,0.0,0.0,0.0,0.0,0.0,0.0
artificial.272,0.001,0.0,0.0,0.0,0.0,0.0,0.0,0.0,0.0,0.0,0.0,0.0,0.0,0.0,0.0,0.0,0.0,0.0,0.0,0.0,0.0,0.0,0.0,0.0,0.0,0.0,0.0,0.0,0.0,0.0
artificial.273,0.423,0.415,0.412,0.409,0.403,0.401,0.389,0.377,0.366,0.35,0.327,0.298,0.262,0.221,0.18,0.122,0.074,0.03,0.004,0.0,0.0,0.0,0.0,0.0,0.0,0.0,0.0,0.0,0.0,0.0
artificial.274,0.031,0.029,0.018,0.012,0.009,0.008,0.003,0.001,0.001,0.0,0.0,0.0,0.0,0.0,0.0,0.0,0.0,0.0,0.0,0.0,0.0,0.0,0.0,0.0,0.0,0.0,0.0,0.0,0.0,0.0
artificial.275,0.272,0.255,0.239,0.226,0.212,0.194,0.182,0.155,0.133,0.108,0.078,0.068,0.05,0.039,0.023,0.015,0.007,0.005,0.001,0.001,0.0,0.0,0.0,0.0,0.0,0.0,0.0,0.0,0.0,0.0
artificial.276,0.103,0.086,0.074,0.066,0.056,0.046,0.034,0.024,0.018,0.013,0.008,0.004,0.001,0.001,0.0,0.0,0.0,0.0,0.0,0.0,0.0,0.0,0.0,0.0,0.0,0.0,0.0,0.0,0.0,0.0
artificial.277,0.087,0.08,0.075,0.076,0.07,0.066,0.058,0.051,0.04,0.032,0.026,0.019,0.011,0.006,0.004,0.003,0.002,0.0,0.0,0.0,0.0,0.0,0.0,0.0,0.0,0.0,0.0,0.0,0.0,0.0
artificial.278,0.028,0.027,0.024,0.02,0.016,0.012,0.01,0.008,0.007,0.005,0.003,0.002,0.002,0.0,0.0,0.0,0.0,0.0,0.0,0.0,0.0,0.0,0.0,0.0,0.0,0.0,0.0,0.0,0.0,0.0
artificial.279,0.217,0.215,0.211,0.209,0.197,0.174,0.147,0.13,0.098,0.071,0.046,0.023,0.01,0.003,0.0,0.0,0.0,0.0,0.0,0.0,0.0,0.0,0.0,0.0,0.0,0.0,0.0,0.0,0.0,0.0
artificial.280,0.041,0.036,0.031,0.028,0.023,0.018,0.016,0.011,0.005,0.005,0.001,0.001,0.001,0.001,0.001,0.0,0.0,0.0,0.0,0.0,0.0,0.0,0.0,0.0,0.0,0.0,0.0,0.0,0.0,0.0
artificial.281,0.006,0.002,0.001,0.001,0.0,0.0,0.0,0.0,0.0,0.0,0.0,0.0,0.0,0.0,0.0,0.0,0.0,0.0,0.0,0.0,0.0,0.0,0.0,0.0,0.0,0.0,0.0,0.0,0.0,0.0
artificial.282,0.459,0.445,0.424,0.413,0.397,0.385,0.363,0.337,0.305,0.273,0.232,0.192,0.147,0.11,0.072,0.037,0.015,0.004,0.0,0.0,0.0,0.0,0.0,0.0,0.0,0.0,0.0,0.0,0.0,0.0
artificial.283,0.277,0.276,0.272,0.267,0.26,0.252,0.247,0.23,0.224,0.212,0.193,0.167,0.144,0.117,0.085,0.055,0.026,0.012,0.005,0.0,0.0,0.0,0.0,0.0,0.0,0.0,0.0,0.0,0.0,0.0
artificial.284,0.127,0.113,0.106,0.094,0.081,0.072,0.061,0.056,0.042,0.035,0.024,0.017,0.012,0.007,0.006,0.004,0.002,0.001,0.001,0.0,0.0,0.0,0.0,0.0,0.0,0.0,0.0,0.0,0.0,0.0
artificial.285,0.25,0.237,0.228,0.211,0.199,0.177,0.161,0.139,0.121,0.1,0.075,0.06,0.046,0.032,0.023,0.012,0.01,0.005,0.004,0.001,0.001,0.0,0.0,0.0,0.0,0.0,0.0,0.0,0.0,0.0
artificial.286,0.042,0.039,0.039,0.036,0.035,0.032,0.027,0.024,0.02,0.015,0.011,0.009,0.008,0.007,0.004,0.002,0.0,0.0,0.0,0.0,0.0,0.0,0.0,0.0,0.0,0.0,0.0,0.0,0.0,0.0
artificial.287,0.165,0.158,0.15,0.139,0.128,0.118,0.103,0.088,0.078,0.063,0.052,0.039,0.025,0.021,0.01,0.005,0.002,0.001,0.0,0.0,0.0,0.0,0.0,0.0,0.0,0.0,0.0,0.0,0.0,0.0
artificial.288,0.191,0.186,0.18,0.171,0.16,0.147,0.136,0.126,0.123,0.111,0.092,0.076,0.062,0.046,0.032,0.024,0.009,0.002,0.001,0.0,0.0,0.0,0.0,0.0,0.0,0.0,0.0,0.0,0.0,0.0
artificial.289,0.082,0.074,0.068,0.06,0.053,0.04,0.034,0.026,0.017,0.012,0.003,0.001,0.0,0.0,0.0,0.0,0.0,0.0,0.0,0.0,0.0,0.0,0.0,0.0,0.0,0.0,0.0,0.0,0.0,0.0
artificial.290,0.132,0.13,0.128,0.119,0.115,0.106,0.099,0.091,0.083,0.072,0.057,0.05,0.032,0.019,0.014,0.01,0.002,0.0,0.0,0.0,0.0,0.0,0.0,0.0,0.0,0.0,0.0,0.0,0.0,0.0
artificial.291,0.095,0.084,0.075,0.062,0.052,0.036,0.025,0.019,0.017,0.013,0.009,0.002,0.0,0.0,0.0,0.0,0.0,0.0,0.0,0.0,0.0,0.0,0.0,0.0,0.0,0.0,0.0,0.0,0.0,0.0
artificial.292,0.005,0.003,0.003,0.003,0.001,0.001,0.001,0.001,0.001,0.001,0.001,0.001,0.0,0.0,0.0,0.0,0.0,0.0,0.0,0.0,0.0,0.0,0.0,0.0,0.0,0.0,0.0,0.0,0.0,0.0
artificial.293,0.008,0.005,0.003,0.001,0.001,0.001,0.001,0.0,0.0,0.0,0.0,0.0,0.0,0.0,0.0,0.0,0.0,0.0,0.0,0.0,0.0,0.0,0.0,0.0,0.0,0.0,0.0,0.0,0.0,0.0
artificial.294,0.082,0.079,0.074,0.064,0.055,0.05,0.047,0.043,0.04,0.038,0.031,0.025,0.02,0.016,0.012,0.007,0.003,0.0,0.0,0.0,0.0,0.0,0.0,0.0,0.0,0.0,0.0,0.0,0.0,0.0
artificial.295,0.082,0.079,0.076,0.072,0.05,0.041,0.037,0.03,0.021,0.011,0.007,0.003,0.001,0.0,0.0,0.0,0.0,0.0,0.0,0.0,0.0,0.0,0.0,0.0,0.0,0.0,0.0,0.0,0.0,0.0
artificial.296,0.074,0.071,0.063,0.061,0.055,0.053,0.043,0.038,0.032,0.024,0.02,0.016,0.012,0.009,0.006,0.005,0.004,0.001,0.0,0.0,0.0,0.0,0.0,0.0,0.0,0.0,0.0,0.0,0.0,0.0
artificial.297,0.099,0.09,0.085,0.079,0.072,0.061,0.053,0.044,0.036,0.027,0.022,0.016,0.013,0.007,0.006,0.001,0.001,0.001,0.0,0.0,0.0,0.0,0.0,0.0,0.0,0.0,0.0,0.0,0.0,0.0
artificial.298,0.09,0.083,0.076,0.064,0.054,0.047,0.044,0.031,0.023,0.018,0.012,0.011,0.007,0.001,0.0,0.0,0.0,0.0,0.0,0.0,0.0,0.0,0.0,0.0,0.0,0.0,0.0,0.0,0.0,0.0
artificial.299,0.133,0.132,0.128,0.12,0.111,0.11,0.098,0.084,0.082,0.077,0.063,0.045,0.038,0.03,0.018,0.012,0.006,0.003,0.002,0.001,0.001,0.0,0.0,0.0,0.0,0.0,0.0,0.0,0.0,0.0
artificial.300,0.119,0.11,0.103,0.094,0.085,0.075,0.071,0.06,0.05,0.036,0.031,0.018,0.008,0.002,0.0,0.0,0.0,0.0,0.0,0.0,0.0,0.0,0.0,0.0,0.0,0.0,0.0,0.0,0.0,0.0
artificial.301,0.126,0.117,0.111,0.1,0.09,0.076,0.066,0.055,0.049,0.041,0.033,0.026,0.019,0.01,0.004,0.003,0.001,0.0,0.0,0.0,0.0,0.0,0.0,0.0,0.0,0.0,0.0,0.0,0.0,0.0
artificial.302,0.053,0.046,0.042,0.035,0.031,0.023,0.019,0.015,0.009,0.004,0.002,0.001,0.0,0.0,0.0,0.0,0.0,0.0,0.0,0.0,0.0,0.0,0.0,0.0,0.0,0.0,0.0,0.0,0.0,0.0
artificial.303,0.016,0.014,0.009,0.006,0.006,0.004,0.003,0.0,0.0,0.0,0.0,0.0,0.0,0.0,0.0,0.0,0.0,0.0,0.0,0.0,0.0,0.0,0.0,0.0,0.0,0.0,0.0,0.0,0.0,0.0
artificial.304,0.255,0.249,0.243,0.231,0.219,0.2,0.183,0.163,0.149,0.125,0.104,0.076,0.055,0.044,0.029,0.012,0.004,0.002,0.001,0.0,0.0,0.0,0.0,0.0,0.0,0.0,0.0,0.0,0.0,0.0
artificial.305,0.069,0.059,0.053,0.038,0.023,0.013,0.007,0.002,0.001,0.0,0.0,0.0,0.0,0.0,0.0,0.0,0.0,0.0,0.0,0.0,0.0,0.0,0.0,0.0,0.0,0.0,0.0,0.0,0.0,0.0
artificial.306,0.028,0.024,0.017,0.016,0.01,0.005,0.002,0.001,0.001,0.001,0.001,0.0,0.0,0.0,0.0,0.0,0.0,0.0,0.0,0.0,0.0,0.0,0.0,0.0,0.0,0.0,0.0,0.0,0.0,0.0
artificial.307,0.093,0.086,0.078,0.072,0.064,0.06,0.051,0.037,0.027,0.02,0.017,0.01,0.007,0.004,0.0,0.0,0.0,0.0,0.0,0.0,0.0,0.0,0.0,0.0,0.0,0.0,0.0,0.0,0.0,0.0
artificial.308,0.054,0.052,0.048,0.044,0.043,0.041,0.039,0.035,0.034,0.031,0.027,0.019,0.017,0.014,0.007,0.004,0.002,0.001,0.0,0.0,0.0,0.0,0.0,0.0,0.0,0.0,0.0,0.0,0.0,0.0
artificial.309,0.017,0.009,0.006,0.005,0.002,0.001,0.001,0.0,0.0,0.0,0.0,0.0,0.0,0.0,0.0,0.0,0.0,0.0,0.0,0.0,0.0,0.0,0.0,0.0,0.0,0.0,0.0,0.0,0.0,0.0
artificial.310,0.031,0.028,0.024,0.023,0.02,0.016,0.014,0.01,0.007,0.006,0.005,0.002,0.001,0.0,0.0,0.0,0.0,0.0,0.0,0.0,0.0,0.0,0.0,0.0,0.0,0.0,0.0,0.0,0.0,0.0
artificial.311,0.152,0.149,0.148,0.148,0.139,0.133,0.122,0.108,0.094,0.086,0.066,0.05,0.038,0.028,0.013,0.006,0.002,0.0,0.0,0.0,0.0,0.0,0.0,0.0,0.0,0.0,0.0,0.0,0.0,0.0
artificial.312,0.056,0.041,0.029,0.022,0.012,0.009,0.002,0.001,0.001,0.0,0.0,0.0,0.0,0.0,0.0,0.0,0.0,0.0,0.0,0.0,0.0,0.0,0.0,0.0,0.0,0.0,0.0,0.0,0.0,0.0
artificial.313,0.29,0.286,0.279,0.271,0.259,0.245,0.234,0.22,0.208,0.183,0.164,0.143,0.105,0.077,0.047,0.022,0.012,0.004,0.002,0.0,0.0,0.0,0.0,0.0,0.0,0.0,0.0,0.0,0.0,0.0
artificial.314,0.016,0.016,0.016,0.01,0.008,0.006,0.005,0.005,0.002,0.002,0.001,0.001,0.0,0.0,0.0,0.0,0.0,0.0,0.0,0.0,0.0,0.0,0.0,0.0,0.0,0.0,0.0,0.0,0.0,0.0
