,Spearman corr,pvalue
NKT_149Sm_CREB_unstim,0.31044846714113267,0.00011046733451806217
intMCs_149Sm_CREB_LPS,0.2992581744214957,0.00019913440966671858
intMCs_155Gd_S6_LPS,0.29796015202514814,0.00021289692191310105
cMCs_149Sm_CREB_LPS,0.29650387758321844,0.00022938700857313808
CD8Tem_166Er_NFkB_IL246,0.2895621249320665,0.0003255897865421973
CD8Teff_149Sm_CREB_IL246,0.28469578250726896,0.00041401276655043083
cMCs_155Gd_S6_LPS,0.2673677200673948,0.0009409692645350292
CD56loCD16posNK_155Gd_S6_LPS,0.2667916114969611,0.000966127587954871
cMCs_155Gd_S6_GMCSF,0.26381327243684854,0.0011063042987749811
mDCs_149Sm_CREB_LPS,0.2585891768197675,0.0013978836222077763
intMCs_166Er_NFkB_GMCSF,0.2529258873233744,0.0017918926330289838
Tregs_149Sm_CREB_LPS,0.2471109461159242,0.0022992260797959577
NKT_168Er_STAT6_IL246,0.2450186193828845,0.0025115106178003463
intMCs_166Er_NFkB_LPS,0.2440566603192899,0.0026149386877205457
CD8Tem_168Er_STAT6_IL246,0.23830268706643962,0.0033181912751615262
CD8Tcm_166Er_NFkB_IL246,0.23694598694532562,0.003507070669213703
intMCs_168Er_STAT6_IL246,0.23637427508135117,0.0035895239122661353
CD4Tem_149Sm_CREB_IL246,0.2360935417724556,0.003630647191946386
CD4negCD8negTcells_168Er_STAT6_IL246,0.23605515239659944,0.0036363035068911493
CD4Tcm_149Sm_CREB_IL246,0.23377556478999717,0.003986739428384456
Tregs_149Sm_CREB_IL246,0.2335081809308111,0.004029772013209888
intMCs_154Sm_STAT3_IFNa,0.2323495651719579,0.004221101140053637
intMCs_166Er_NFkB_IL246,0.23109599559740307,0.004437261018179608
CD4Teff_166Er_NFkB_IFNa,0.23008602748627235,0.004618581858945854
CD8Tcm_168Er_STAT6_IL246,0.2299011037476146,0.00465249170397414
ncMCs_155Gd_S6_IL246,0.2285799658839348,0.004901313520231374
cMCs_155Gd_S6_IL246,0.22485659753057619,0.005667905544052168
CD4Tcm_168Er_STAT6_IL246,0.22463077719586916,0.005717668862887954
CD4Tem_168Er_STAT6_IL246,0.22382173583924156,0.005899171961352393
cMCs_154Sm_STAT3_IFNa,0.21932844461243292,0.007003901384508241
CD4Tnaive_167Er_ERK_IFNa,0.2185958621092888,0.007200486721334686
cMCs_166Er_NFkB_IL246,0.2182242365191016,0.00730207260662749
CD4Tcm_155Gd_S6_IL246,0.2176143438041054,0.007471550561820992
CD8Tcm_159Tb_MAPKAPK2_unstim,0.21610941127740957,0.007904769282766613
cMCs_149Sm_CREB_GMCSF,0.21496851185100244,0.008247888880707448
CD4Tcm_166Er_NFkB_IL246,0.21266407756926758,0.008981404685780214
intMCs_155Gd_S6_GMCSF,0.21117935332139057,0.009484007663727558
cMCs_166Er_NFkB_GMCSF,0.21117401898277546,0.009485857300470713
CD8Tnaive_149Sm_CREB_IL246,0.2097031265541217,0.010008188136851958
CD8Tem_149Sm_CREB_unstim,0.20898238415666076,0.010273266785420598
CD4negCD8negTcells_159Tb_MAPKAPK2_unstim,0.2089649918677993,0.010279739134189942
Granulocytes_166Er_NFkB_GMCSF,0.2079182943146763,0.010675930156815472
CD4Tem_166Er_NFkB_IL246,0.20786850715426844,0.010695105724885993
intMCs_155Gd_S6_IL246,0.20571876869237227,0.011552526301455148
cMCs_166Er_NFkB_LPS,0.20457010777724827,0.012034965711672629
CD4Tnaive_167Er_ERK_IL246,0.20454165797130092,0.012047135707512915
cMCs_168Er_STAT6_IL246,0.20379024084758462,0.012372502577782349
CD4Teff_167Er_ERK_IFNa,0.20366149209980497,0.012429017776672947
CD8Tnaive_168Er_STAT6_IL246,0.20325252613931186,0.012610040196785476
Tregs_156Gd_IkB_LPS,0.20061380663769574,0.013834538634833532
intMCs_154Sm_STAT3_IL246,0.2004502202534985,0.013913760842490519
CD8Tnaive_166Er_NFkB_IL246,0.20005903542172251,0.014104814585316136
CD4Tnaive_166Er_NFkB_IL246,0.1994651457225717,0.014399249067987849
ncMCs_166Er_NFkB_IL246,0.1972104485260256,0.015566468690387983
Tregs_159Tb_MAPKAPK2_LPS,0.1970820443835744,0.01563535343398649
Tregs_168Er_STAT6_IFNa,0.19473003114521065,0.016944930248346816
Granulocytes_166Er_NFkB_LPS,0.19452554816496412,0.017063161015079254
ncMCs_166Er_NFkB_GMCSF,0.19363471361623794,0.01758663356977508
Granulocytes_155Gd_S6_unstim,0.19180681358412105,0.018704522230623733
CD4negCD8negTcells_149Sm_CREB_unstim,0.19166794127777614,0.018791913152365967
CD4Tcm_151Eu_p38_IFNa,0.19154626545750333,0.018868772828755324
CD4Tcm_156Gd_IkB_IL246,0.19068304624920102,0.019421902028191686
Bcells_156Gd_IkB_IL246,0.19023656585643392,0.019713458249085495
CD8Tem_155Gd_S6_IL246,0.1901745059678922,0.019754281964444002
CD56loCD16posNK_159Tb_MAPKAPK2_unstim,0.18993979506882663,0.019909338968045545
cMCs_154Sm_STAT3_IL246,0.1896535188964815,0.020099884202316343
CD8Tcm_149Sm_CREB_unstim,0.1892582954528625,0.020365532072143287
cMCs_151Eu_p38_LPS,0.18923760870326045,0.020379519686243144
CD4Teff_167Er_ERK_IL246,0.1891414223894293,0.02044466631024617
mDCs_151Eu_p38_LPS,0.1876888710152844,0.021450550111421964
CD4Tcm_154Sm_STAT3_IFNa,0.18627688255310607,0.022468940224089875
Tregs_167Er_ERK_LPS,0.18379463698420034,0.024360246579492935
CD4Tnaive_168Er_STAT6_IL246,0.18348168911877955,0.024608120650727896
CD4Teff_168Er_STAT6_IL246,0.18184404716393557,0.025940798944752225
intMCs_151Eu_p38_LPS,0.17952376945020285,0.027934446775182104
Bcells_168Er_STAT6_IL246,0.17899792492281474,0.02840401080386438
CD4Tcm_159Tb_MAPKAPK2_unstim,0.17769013618133464,0.02960110174807764
Tregs_168Er_STAT6_IL246,0.17634790027748307,0.03087411682248118
Tregs_159Tb_MAPKAPK2_IFNa,0.17631135537475284,0.03090941767450971
cMCs_155Gd_S6_IFNa,0.1750303186395467,0.032168699317358156
intMCs_149Sm_CREB_unstim,0.17482227943355674,0.032377258291256754
CD56loCD16posNK_149Sm_CREB_unstim,0.17466949869771217,0.03253114997642792
CD8Teff_159Tb_MAPKAPK2_unstim,0.17427106444332696,0.0329354016566278
intMCs_167Er_ERK_LPS,0.1739884991601116,0.033224665574347625
CD4Tem_151Eu_p38_IFNa,0.17393868777362861,0.033275880277900995
CD4negCD8negTcells_166Er_NFkB_IL246,0.1722066753992728,0.03509873263721743
ncMCs_149Sm_CREB_LPS,0.17110246730594153,0.036304344833511484
mDCs_155Gd_S6_GMCSF,0.16948438459268636,0.03813400402032883
mDCs_166Er_NFkB_GMCSF,0.1689971053304258,0.03869997449424834
intMCs_150Nd_STAT5_GMCSF,0.16879981113707837,0.038931130802394194
intMCs_149Sm_CREB_GMCSF,0.16851353496473323,0.03926860486424975
NKT_155Gd_S6_IL246,0.16709104466736602,0.040982168847740585
Granulocytes_149Sm_CREB_LPS,0.16524358539366038,0.043300869911298896
Bcells_167Er_ERK_IL246,0.1635747900557605,0.045488684420543476
Granulocytes_151Eu_p38_LPS,0.16323268483799086,0.045948393739820265
CD8Tem_156Gd_IkB_IL246,0.1618767855885396,0.047808670748851034
CD4Tem_159Tb_MAPKAPK2_unstim,0.16135059628078727,0.04854727561266938
CD4Tem_168Er_STAT6_IFNa,0.16039467159250995,0.049913359740302865
mDCs_155Gd_S6_LPS,0.16019018861226342,0.05020968473666049
cMCs_151Eu_p38_IL246,0.1596751212286896,0.05096256425531797
CD8Tcm_168Er_STAT6_IFNa,0.15780396113842995,0.05377682460563424
intMCs_167Er_ERK_IL246,0.1575364887799957,0.05418940531354815
CD4Tem_154Sm_STAT3_IFNa,0.1553430529239847,0.05767239107374947
ncMCs_149Sm_CREB_GMCSF,0.15493942130210675,0.05833297087427313
CD4Tnaive_149Sm_CREB_IL246,0.15477381022940792,0.058605802468496546
CD4Tnaive_155Gd_S6_IL246,0.1545749081634064,0.0589348639741701
CD4Tnaive_155Gd_S6_IFNa,0.15452689911587028,0.0590145166851103
mDCs_150Nd_STAT5_GMCSF,0.15417305465440018,0.05960431906488393
CD56loCD16posNK_155Gd_S6_IFNa,0.1538369913216472,0.060168956305019984
mDCs_154Sm_STAT3_IFNa,0.15381209774144322,0.06021095531636327
CD56loCD16posNK_167Er_ERK_IL246,0.15355581096165324,0.060644747938023616
Bcells_154Sm_STAT3_IFNa,0.1533045827934279,0.06107246312246603
Granulocytes_149Sm_CREB_GMCSF,0.15240383234704974,0.06262636327552175
CD4Teff_166Er_NFkB_IL246,0.151015126194245,0.06508532458110064
cMCs_153Eu_STAT1_IL246,0.15037731837292626,0.06624080606378858
cMCs_149Sm_CREB_IL246,0.15026476256238377,0.06644644342839767
CD4Tnaive_166Er_NFkB_IFNa,0.150062057695009,0.06681809399136765
cMCs_150Nd_STAT5_GMCSF,0.14977222529692044,0.06735243028681828
intMCs_168Er_STAT6_IFNa,0.1497359070876094,0.06741963141363039
CD4negCD8negTcells_155Gd_S6_IL246,0.14970110078205204,0.06748408623948249
NKT_166Er_NFkB_IL246,0.14908409561556904,0.0686350188214668
CD8Tnaive_166Er_NFkB_IFNa,0.14896674016603625,0.06885572527490486
CD4negCD8negTcells_155Gd_S6_IFNa,0.14746067856369874,0.0717396905952503
CD4Tnaive_168Er_STAT6_IFNa,0.1468009986882947,0.07303339443600261
CD56loCD16posNK_166Er_NFkB_IL246,0.14679922057542297,0.07303690687159149
intMCs_151Eu_p38_IL246,0.14655458801565407,0.07352145309384396
CD4Tcm_167Er_ERK_IL246,0.14646137912979826,0.07370675614367281
ncMCs_166Er_NFkB_LPS,0.14599119805101055,0.07464726564942882
NKT_150Nd_STAT5_IFNa,-0.14566478456327264,0.07530588382801111
CD4Tem_156Gd_IkB_IL246,0.1454051800840031,0.07583304431393935
intMCs_154Sm_STAT3_GMCSF,0.14459080438876037,0.0775061047389987
CD8Tnaive_151Eu_p38_IFNa,0.14236266976077117,0.082236093744217
CD4Tem_155Gd_S6_IL246,0.1420445467564731,0.08292993187174776
CD8Tnaive_167Er_ERK_IL246,0.14167114305341424,0.08375032094624484
cMCs_151Eu_p38_IFNa,0.141432825899956,0.08427730880379464
CD56loCD16posNK_159Tb_MAPKAPK2_LPS,0.14036423009270813,0.08667302263805335
intMCs_166Er_NFkB_IFNa,0.1397312219103797,0.08811765571074334
Bcells_155Gd_S6_unstim,0.1392973623696827,0.08911885004980373
CD8Teff_155Gd_S6_IL246,0.13898263639139022,0.08985078663249817
CD8Teff_168Er_STAT6_IL246,0.13870880700914703,0.09049150235595835
CD4Tcm_168Er_STAT6_IFNa,0.1382625006783481,0.09154357785184321
CD8Tcm_154Sm_STAT3_IFNa,0.13815581390604553,0.09179650551197822
CD4Tnaive_159Tb_MAPKAPK2_unstim,0.1380473490208713,0.09205421809009702
mDCs_149Sm_CREB_IFNa,0.13713695523055627,0.09424005898172573
ncMCs_149Sm_CREB_unstim,0.1366184431892019,0.0955032867349679
Granulocytes_167Er_ERK_unstim,-0.13626994360026135,0.09635983593577252
CD8Tcm_149Sm_CREB_IL246,0.13623757615949014,0.09643969706035037
CD4Teff_159Tb_MAPKAPK2_unstim,0.1356433404183207,0.09791520690852187
Tregs_166Er_NFkB_LPS,0.13552598496878795,0.09820870504390185
CD4negCD8negTcells_156Gd_IkB_IL246,0.1351994377612781,0.09902903899044128
mDCs_149Sm_CREB_GMCSF,0.1348076273686175,0.10002045721519634
NKT_150Nd_STAT5_unstim,-0.13426885916848968,0.10139650383474078
Tregs_159Tb_MAPKAPK2_unstim,0.13411542242693628,0.10179110855273464
CD8Teff_149Sm_CREB_IFNa,0.13371695679672724,0.10282152519788378
intMCs_151Eu_p38_IFNa,0.1336642602361519,0.10295840908199796
Bcells_149Sm_CREB_IFNa,-0.13266165930173016,0.10559017578939024
NKT_149Sm_CREB_IFNa,-0.13226040274875633,0.10665813583515307
CD8Tcm_155Gd_S6_unstim,0.13200887770854755,0.1073318883808763
CD4Tcm_154Sm_STAT3_IL246,0.13151634044308413,0.10866089384537497
Bcells_155Gd_S6_LPS,0.1313314167044264,0.10916318510431242
cMCs_156Gd_IkB_GMCSF,0.13128162954401856,0.10929872740586923
CD4Tcm_155Gd_S6_IFNa,0.13108248090238717,0.10984221414423245
ncMCs_168Er_STAT6_GMCSF,0.13004062067605338,0.1127200369997686
CD56loCD16posNK_155Gd_S6_IL246,0.12997471658331244,0.11290403675158672
intMCs_156Gd_IkB_GMCSF,0.12974889624860542,0.11353628909115739
cMCs_168Er_STAT6_IFNa,0.12931781883154844,0.1147508812866285
ncMCs_155Gd_S6_unstim,0.1292528027573986,0.11493494375751528
Tregs_155Gd_S6_unstim,0.12889006773156997,0.11596607995941195
intMCs_149Sm_CREB_IL246,0.12888828961869825,0.11597115221483077
CD8Tnaive_156Gd_IkB_IL246,0.1281645976799127,0.11804992803584699
Granulocytes_151Eu_p38_GMCSF,0.12794233357094908,0.11869414664066591
CD56loCD16posNK_168Er_STAT6_IL246,0.12738934046784758,0.12030880037616061
CD8Teff_151Eu_p38_IFNa,0.12649835331362955,0.12294608383619166
Granulocytes_150Nd_STAT5_IFNa,-0.12643982819435498,0.12312086766723701
CD8Tnaive_168Er_STAT6_IFNa,0.12609843052298686,0.12414427408338351
Granulocytes_159Tb_MAPKAPK2_LPS,0.12581037623777,0.12501287270449632
cMCs_149Sm_CREB_IFNa,0.12574102983577334,0.12522267854119012
cMCs_149Sm_CREB_unstim,0.1256947989011089,0.1253626999562448
CD56loCD16posNK_151Eu_p38_IFNa,0.12518481915369642,0.12691532124379162
mDCs_150Nd_STAT5_unstim,-0.12408916297795568,0.13030108126212905
intMCs_153Eu_STAT1_IFNa,0.12398880981792705,0.13061462455086162
NKT_159Tb_MAPKAPK2_IFNa,0.12282503390887961,0.13429316731314306
NKT_159Tb_MAPKAPK2_unstim,0.1225461616070674,0.13518631217305543
ncMCs_156Gd_IkB_GMCSF,0.12168252590788793,0.13798110847723116
CD8Tnaive_159Tb_MAPKAPK2_unstim,0.12143799668623756,0.13878037778827942
CD8Tem_168Er_STAT6_IFNa,0.12092945640492879,0.1404538920376534
CD56loCD16posNK_149Sm_CREB_LPS,0.12092581615231003,0.14046592658362372
ncMCs_166Er_NFkB_IFNa,0.12068806218732187,0.14125363383435444
CD4Tnaive_156Gd_IkB_IL246,0.12021287691763008,0.1428380429828684
CD4Tnaive_149Sm_CREB_IFNa,-0.11957703619669806,0.1449791981538748
mDCs_149Sm_CREB_unstim,0.11876549304005896,0.14774726559923318
CD8Tnaive_159Tb_MAPKAPK2_IFNa,0.11741768348330352,0.15243252941748014
CD4Teff_166Er_NFkB_unstim,-0.1172327597446458,0.1530839978856786
CD8Tem_159Tb_MAPKAPK2_unstim,0.11632863621883846,0.15629934723973632
cMCs_151Eu_p38_GMCSF,0.11576002211309944,0.1583473322512818
Tregs_154Sm_STAT3_IFNa,0.11531417595607178,0.15996715876654194
Granulocytes_167Er_ERK_IL246,-0.1140432603421548,0.16465262492639415
ncMCs_167Er_ERK_GMCSF,0.11358284073964312,0.16637504962627114
ncMCs_159Tb_MAPKAPK2_unstim,0.11327884009147518,0.1675196405013002
intMCs_153Eu_STAT1_IL246,0.11322323264044633,0.16772963965519566
CD8Tcm_167Er_ERK_IL246,0.1128852737733173,0.16901013742001375
mDCs_151Eu_p38_IL246,0.11262282808852928,0.17000951863072877
cMCs_166Er_NFkB_IFNa,0.11242652065241637,0.17075990979671088
cMCs_150Nd_STAT5_IL246,0.11202822336915355,0.1722899543382803
Bcells_159Tb_MAPKAPK2_unstim,0.11198377054736083,0.17246134592474846
CD4Teff_149Sm_CREB_IL246,0.11180650149620971,0.1731460770631363
CD8Tem_154Sm_STAT3_IL246,0.11095424319464132,0.1764661658670162
NKT_168Er_STAT6_unstim,-0.11065907645793763,0.1776269094149142
CD8Tem_166Er_NFkB_IFNa,0.11050082441235554,0.17825154829955087
Tregs_166Er_NFkB_IL246,0.10978246681218509,0.181107338515313
CD4Tcm_166Er_NFkB_IFNa,0.10925970162790266,0.18320659816775842
ncMCs_151Eu_p38_LPS,0.10925090817982193,0.18324206185793082
cMCs_156Gd_IkB_IL246,0.10817683088903188,0.1876117353201724
Bcells_154Sm_STAT3_IL246,0.10804443286556746,0.18815559740972146
mDCs_155Gd_S6_unstim,0.10799546337611757,0.18835704475516962
CD8Tnaive_155Gd_S6_IL246,0.10767895928495336,0.18966285709075173
cMCs_167Er_ERK_unstim,-0.10763900005091055,0.18982818660480152
CD56loCD16posNK_150Nd_STAT5_IFNa,-0.10758294118988107,0.1900603047010904
intMCs_155Gd_S6_IFNa,0.1069748265877566,0.19259158171696644
intMCs_150Nd_STAT5_unstim,-0.10661564778767138,0.19409813675595633
CD4negCD8negTcells_167Er_ERK_unstim,-0.10649473611239517,0.19460721517597326
CD8Teff_155Gd_S6_IFNa,0.10607865770041526,0.19636645245269563
ncMCs_155Gd_S6_LPS,0.10564479815971825,0.19821312209605285
intMCs_155Gd_S6_unstim,0.10444101574557128,0.20340263537597006
CD4negCD8negTcells_150Nd_STAT5_unstim,-0.10394112609284822,0.20558618949363486
Tregs_167Er_ERK_IL246,0.10381334190185801,0.20614705593121224
mDCs_149Sm_CREB_IL246,0.1033385857651117,0.20824047524780237
Bcells_149Sm_CREB_IL246,0.10319556921607846,0.2088740809749188
mDCs_154Sm_STAT3_IL246,0.10242285763618157,0.21232134486141085
CD4Teff_150Nd_STAT5_unstim,-0.10192320791923133,0.21457195593127606
CD4Tem_153Eu_STAT1_IFNa,0.1017392636759702,0.21540478249809783
CD8Tnaive_166Er_NFkB_unstim,-0.10129197784977464,0.21743952609040887
NKT_167Er_ERK_unstim,-0.10129197784977464,0.21743952609040887
NKT_149Sm_CREB_IL246,-0.1010190464585129,0.21868781673544424
CD8Tem_155Gd_S6_unstim,0.1006500791030877,0.22038342966766356
ncMCs_150Nd_STAT5_GMCSF,0.10036735915648597,0.2216889883641238
ncMCs_149Sm_CREB_IL246,0.10004554863268068,0.2231817250863441
CD56loCD16posNK_156Gd_IkB_IFNa,0.0992667006462749,0.2268238808671033
intMCs_167Er_ERK_IFNa,0.0990840224517031,0.22768418629142403
Bcells_166Er_NFkB_IL246,0.09894664697199047,0.22833265739764544
cMCs_153Eu_STAT1_IFNa,0.09780785262187713,0.23375841687388343
CD8Teff_156Gd_IkB_IL246,0.09758602432898512,0.23482575206859194
CD4negCD8negTcells_155Gd_S6_unstim,0.097189871454742,0.236740344057177
CD4Tem_167Er_ERK_IL246,0.0970298412962882,0.23751685268405717
CD8Teff_166Er_NFkB_IL246,0.09681291152593967,0.2385722939532286
mDCs_159Tb_MAPKAPK2_unstim,0.09646211107526975,0.24028598897619097
NKT_155Gd_S6_IFNa,0.09634348972780851,0.24086740378980695
NKT_156Gd_IkB_IL246,0.094774586668838,0.24864963714152624
CD8Tnaive_149Sm_CREB_IFNa,0.09436417711867416,0.25071379722707
Bcells_149Sm_CREB_unstim,0.0943509659530003,0.2507804390723266
Bcells_159Tb_MAPKAPK2_LPS,0.09417952636293866,0.25164635171009014
CD4Teff_168Er_STAT6_IFNa,0.09415107655699133,0.25179024636184394
CD4Teff_155Gd_S6_unstim,0.09358385855091615,0.2546710051947811
CD4Tem_159Tb_MAPKAPK2_IL246,0.09340977981395812,0.2555596405445271
CD8Tem_149Sm_CREB_IL246,0.09321367925006047,0.25656324491653615
CD8Tcm_156Gd_IkB_unstim,0.0931215492042718,0.25703568251850123
CD8Tem_155Gd_S6_IFNa,0.09273925493685438,0.2590024490683148
CD8Teff_167Er_ERK_IL246,0.09261300892296304,0.25965420025834146
CD8Tem_154Sm_STAT3_IFNa,0.09236682239775919,0.2609283811350353
CD8Tnaive_156Gd_IkB_IFNa,0.09231428596051594,0.26120084577499036
CD4Tnaive_150Nd_STAT5_unstim,-0.09230539539615738,0.2612469733053549
ncMCs_168Er_STAT6_IFNa,0.09207683733649887,0.2624347310314831
Tregs_167Er_ERK_unstim,-0.09207424072283521,0.262448246141972
cMCs_167Er_ERK_LPS,0.09198348558090018,0.2629209163953326
CD56loCD16posNK_159Tb_MAPKAPK2_IL246,-0.09150702271676005,0.2654119677117262
CD56loCD16posNK_155Gd_S6_unstim,0.091378998589997,0.26608403925576407
CD4Tcm_159Tb_MAPKAPK2_IL246,0.09110232680366466,0.2675404047938721
CD4negCD8negTcells_167Er_ERK_IL246,0.09091135490473752,0.26854881508813644
CD8Tcm_156Gd_IkB_IL246,0.09070153758587586,0.2696597122668544
CD8Tem_151Eu_p38_IFNa,0.09067211568082355,0.2698157383839103
CD56loCD16posNK_166Er_NFkB_LPS,0.09049883271850104,0.2707359118016354
Granulocytes_167Er_ERK_GMCSF,0.09037969915609655,0.2713697727223838
cMCs_167Er_ERK_IFNa,0.09015707887077135,0.27255693919662694
intMCs_167Er_ERK_GMCSF,0.09013641819252909,0.27266729442277915
NKT_166Er_NFkB_IFNa,-0.09013076335405729,0.27269750397959336
CD8Tnaive_153Eu_STAT1_IL246,0.09010502097394905,0.2728350548348544
ncMCs_154Sm_STAT3_IFNa,0.09007919808077773,0.27297308309199525
mDCs_155Gd_S6_IFNa,0.08787256000698686,0.28494281128748994
CD8Tcm_154Sm_STAT3_unstim,0.0875281649471372,0.2868421782763997
mDCs_153Eu_STAT1_IFNa,0.0875072355995519,0.28695787742634804
CD4Tcm_156Gd_IkB_unstim,0.08744047857916157,0.28732712405150374
intMCs_167Er_ERK_unstim,-0.08735971192168457,0.28777428492480844
ncMCs_155Gd_S6_GMCSF,0.08730534200091168,0.28807556302731085
Tregs_153Eu_STAT1_IFNa,0.08700047298063893,0.28976882215840755
Granulocytes_150Nd_STAT5_IL246,-0.08654608780469195,0.29230478889181055
CD8Tnaive_154Sm_STAT3_IFNa,0.08651230366012948,0.29249392893882825
Tregs_166Er_NFkB_IFNa,0.08636294217890592,0.29333110175925137
CD8Tnaive_154Sm_STAT3_IL246,0.08594508565405432,0.29568163940019593
CD8Tnaive_167Er_ERK_IFNa,0.08580817096293271,0.2964545231409132
cMCs_154Sm_STAT3_GMCSF,0.08563925024012035,0.29740992293952045
Tregs_153Eu_STAT1_IL246,0.08561161341095633,0.29756642795417254
CD8Tem_159Tb_MAPKAPK2_IL246,0.0855979212277707,0.2976439858024839
CD8Tcm_151Eu_p38_IFNa,0.08537624142078104,0.2989015270911
cMCs_155Gd_S6_unstim,0.08467551306365408,0.302899660904837
CD4Tem_154Sm_STAT3_unstim,0.08442810725964647,0.30431964865082844
CD56loCD16posNK_166Er_NFkB_IFNa,0.08308943638208965,0.3120787329167201
CD56loCD16posNK_150Nd_STAT5_IL246,-0.08298630583553054,0.31268179599451723
Tregs_149Sm_CREB_IFNa,0.08284745944093937,0.3134949091783092
CD4negCD8negTcells_168Er_STAT6_unstim,-0.08226439200961667,0.31692449618013
mDCs_156Gd_IkB_GMCSF,0.08149618353171409,0.321480124807387
CD4negCD8negTcells_166Er_NFkB_IFNa,0.08117618693213079,0.3233901934160126
CD4Tem_167Er_ERK_IFNa,0.08098592885485792,0.32452931252007633
Granulocytes_150Nd_STAT5_unstim,-0.08014843769228297,0.3295742639330236
Granulocytes_149Sm_CREB_unstim,0.0798763864229115,0.3312238319856775
CD4negCD8negTcells_156Gd_IkB_IFNa,0.07967687622175751,0.3324369043277855
cMCs_167Er_ERK_IL246,0.07958934940668506,0.33296998469046024
ncMCs_154Sm_STAT3_IL246,0.07924693446632651,0.3350607010864408
CD8Teff_149Sm_CREB_unstim,0.0789727521546833,0.3367408243038955
CD4Teff_167Er_ERK_unstim,-0.07839877462652133,0.34027535159942623
CD8Teff_150Nd_STAT5_IFNa,-0.07819606975914649,0.3415292011486971
CD4Tcm_153Eu_STAT1_IFNa,0.07815257546586413,0.34179861998893357
cMCs_150Nd_STAT5_unstim,-0.07795246829572237,0.34303988723931766
Tregs_156Gd_IkB_IL246,0.0772074390024763,0.34768634207913074
ncMCs_168Er_STAT6_IL246,0.07685031157344566,0.3499275861199801
CD4negCD8negTcells_166Er_NFkB_unstim,-0.07642684745179605,0.35259687311381527
NKT_155Gd_S6_unstim,0.07641084443595067,0.3526979968449284
CD4Tcm_167Er_ERK_IFNa,0.0754880038555337,0.3585601666164121
CD4Tnaive_149Sm_CREB_unstim,0.07514000775581577,0.36078640224943503
CD8Tem_150Nd_STAT5_IL246,0.0749741292356098,0.36185059135256503
CD4Tnaive_156Gd_IkB_unstim,0.07491900773658682,0.3622046524065694
Granulocytes_159Tb_MAPKAPK2_IL246,0.07413581491805941,0.36725850995729437
CD8Teff_168Er_STAT6_unstim,-0.07413130373441974,0.3672877455357719
CD4Tem_155Gd_S6_IFNa,0.07373300645115692,0.369874642216262
CD56loCD16posNK_154Sm_STAT3_IFNa,0.07368499740362079,0.3701872106823103
mDCs_156Gd_IkB_IFNa,0.07344505212517798,0.3717518352930369
CD4Tnaive_159Tb_MAPKAPK2_IL246,0.07300042394801282,0.37466185793102047
CD8Tnaive_150Nd_STAT5_unstim,-0.0726625825023881,0.3768822704045096
CD4Tem_166Er_NFkB_IFNa,0.07255589573008557,0.37758511882782664
Granulocytes_166Er_NFkB_IL246,0.07249010555383233,0.37801894031019934
CD8Tem_168Er_STAT6_unstim,-0.07188021283883615,0.3820550345718837
CD56loCD16posNK_149Sm_CREB_IL246,0.07187665661309274,0.38207864509634903
CD8Tem_167Er_ERK_IL246,0.07170773589028039,0.38320116504171
mDCs_151Eu_p38_GMCSF,0.07164585087315725,0.38361290620654687
CD4negCD8negTcells_168Er_STAT6_IFNa,0.07152459026449436,0.3844204694989918
EGA,-0.07149951583800625,0.38458758682967986
CD4Tem_156Gd_IkB_unstim,0.07107472770795198,0.38742541609010106
mDCs_150Nd_STAT5_IL246,0.07106761525646514,0.38747303867180116
intMCs_149Sm_CREB_IFNa,0.07093781301683037,0.38834277118262206
CD4Tem_149Sm_CREB_unstim,0.07079901056875793,0.3892741101278737
CD4Tem_155Gd_S6_unstim,0.07057507799100174,0.39077948940833895
CD4Tcm_159Tb_MAPKAPK2_IFNa,-0.07057401898144144,0.39078661687031857
intMCs_159Tb_MAPKAPK2_GMCSF,-0.07042216028403478,0.39180948195313714
CD56loCD16posNK_154Sm_STAT3_unstim,0.06996392477991632,0.39490572236465604
mDCs_154Sm_STAT3_GMCSF,0.0693001710619864,0.3994165038588412
Granulocytes_155Gd_S6_IL246,0.06920770919265753,0.4000472880142826
NKT_166Er_NFkB_unstim,-0.06915436580650627,0.4004114714529279
mDCs_167Er_ERK_LPS,0.06911871226551995,0.40065499353721723
ncMCs_153Eu_STAT1_IFNa,0.06903262643988342,0.4012433429530141
Tregs_155Gd_S6_LPS,0.06871872815293756,0.40339301100313263
Bcells_150Nd_STAT5_IFNa,-0.06865827231529945,0.40380781314207903
cMCs_150Nd_STAT5_IFNa,0.06847157046377,0.4050904143066074
Granulocytes_149Sm_CREB_IL246,0.0682902029508557,0.4063386749679033
Bcells_168Er_STAT6_IFNa,0.0680048762864389,0.4083070273861128
CD8Teff_155Gd_S6_unstim,0.06777632833093179,0.4098877335830997
CD4Tnaive_154Sm_STAT3_IFNa,0.06730157219418549,0.41318277630700406
CD56loCD16posNK_168Er_STAT6_IFNa,0.06719238512170168,0.4139427791529062
ncMCs_167Er_ERK_LPS,0.06646766806974191,0.41900792946328713
intMCs_151Eu_p38_GMCSF,0.06625612153681879,0.420493234940972
NKT_154Sm_STAT3_IL246,0.06617247052065027,0.4210814068011146
CD8Tcm_154Sm_STAT3_IL246,0.06606222752260432,0.42185728321459093
mDCs_166Er_NFkB_IL246,0.0659402372362998,0.42271680182087656
CD8Tnaive_167Er_ERK_unstim,-0.06567993325518688,0.42455424134997166
Tregs_168Er_STAT6_unstim,-0.06531186389074312,0.42716024742394365
ncMCs_166Er_NFkB_unstim,0.06471224482416324,0.43142536930974384
CD4Tem_150Nd_STAT5_IL246,0.06426988974792165,0.4345874665115693
CD4Tcm_149Sm_CREB_unstim,0.06382552295359964,0.43777724143525887
CD56loCD16posNK_156Gd_IkB_IL246,0.06354284047751227,0.4398133249739402
CD4Tem_154Sm_STAT3_IL246,0.06325814352391923,0.44186934410445844
ncMCs_150Nd_STAT5_IL246,0.06306794150955543,0.4432459704960837
CD4Teff_168Er_STAT6_unstim,-0.06305010431792928,0.4433751951611612
Tregs_167Er_ERK_IFNa,0.062856290014913,0.44478068975890195
Bcells_159Tb_MAPKAPK2_IL246,0.0627389345653802,0.44563294441683576
CD8Tnaive_155Gd_S6_unstim,0.06228729389596612,0.44892141264318264
Granulocytes_151Eu_p38_unstim,-0.061723907270321406,0.45304256147656385
CD8Teff_154Sm_STAT3_unstim,0.061570370381640045,0.45416933203408416
Bcells_156Gd_IkB_unstim,0.06126792898755555,0.45639344485870004
ncMCs_151Eu_p38_GMCSF,0.06104838253562016,0.4580117489717782
Tregs_159Tb_MAPKAPK2_IL246,0.06076842800568122,0.46007994313904843
CD8Tcm_167Er_ERK_IFNa,0.06075100437480954,0.4602088328462578
Tregs_149Sm_CREB_unstim,-0.06012410220030537,0.4648595646329734
CD4Tcm_155Gd_S6_unstim,0.059929516228079995,0.46630836281311794
Tregs_154Sm_STAT3_IL246,0.059710808344859784,0.46793971896851494
Bcells_155Gd_S6_IL246,0.05951521592897179,0.4694013021678525
Tregs_154Sm_STAT3_unstim,0.05947459822030089,0.4697051349057133
CD8Tem_153Eu_STAT1_IFNa,0.059236993922018776,0.47148464064793305
NKT_156Gd_IkB_unstim,0.05904498042649469,0.4729253842799884
Tregs_156Gd_IkB_IFNa,0.05902623488925182,0.4730661669163917
CD8Tem_154Sm_STAT3_unstim,0.05896282188021133,0.4735425801465344
Granulocytes_153Eu_STAT1_unstim,0.05896282188021133,0.4735425801465344
mDCs_168Er_STAT6_IFNa,0.058660884839465126,0.4758145699305205
CD4Tnaive_154Sm_STAT3_IL246,0.05857103799409431,0.4764917820577862
intMCs_159Tb_MAPKAPK2_IL246,0.057370811805690744,0.4855883037584253
mDCs_166Er_NFkB_LPS,0.05721807228412332,0.48675255293506836
CD8Teff_150Nd_STAT5_unstim,-0.05665601043126373,0.491049666068867
cMCs_159Tb_MAPKAPK2_GMCSF,-0.0564124089678396,0.49291831093233873
CD4Teff_154Sm_STAT3_IL246,0.056067455070728044,0.49557085950158763
CD8Teff_166Er_NFkB_unstim,-0.0558789751063269,0.49702337058455803
CD8Tem_167Er_ERK_unstim,-0.055423778211169394,0.5005405604467585
CD8Teff_166Er_NFkB_IFNa,-0.054401363309936716,0.508487869104838
Tregs_155Gd_S6_IFNa,-0.05385192643257864,0.5127855761071562
CD4Tem_150Nd_STAT5_unstim,-0.053492747632493426,0.5156051736559989
intMCs_150Nd_STAT5_IFNa,0.053482078955263176,0.5156890457067587
mDCs_155Gd_S6_IL246,0.05339495142454943,0.5163742630019295
CD8Tcm_159Tb_MAPKAPK2_IFNa,-0.05315494562385967,0.5182642095757412
CD4negCD8negTcells_154Sm_STAT3_unstim,0.0526216177230881,0.5224765827060378
CD56loCD16posNK_150Nd_STAT5_unstim,-0.052529376744527276,0.5232068899357929
cMCs_167Er_ERK_GMCSF,0.05246043832460787,0.5237530402963182
Granulocytes_154Sm_STAT3_IFNa,-0.05219650334901758,0.5258466820835623
CD8Tnaive_168Er_STAT6_unstim,-0.052027582626205215,0.5271888504842607
Granulocytes_153Eu_STAT1_IFNa,-0.05196094958310027,0.5277187622324921
CD4Teff_155Gd_S6_IFNa,-0.051782203049909374,0.5291416039234631
ncMCs_155Gd_S6_IFNa,0.051778646824165955,0.5291699314509724
intMCs_156Gd_IkB_LPS,0.051474589523103714,0.5315947554423333
CD4Tnaive_159Tb_MAPKAPK2_IFNa,0.05122743183393617,0.533569910259311
mDCs_159Tb_MAPKAPK2_GMCSF,-0.051052333097961616,0.5349714257625271
CD56loCD16posNK_149Sm_CREB_IFNa,0.05025556326125233,0.5413720018098263
CD8Tem_156Gd_IkB_unstim,0.0501846042881003,0.5419438564015537
CD4Tem_149Sm_CREB_IFNa,0.04991920752193391,0.5440853155139882
CD56loCD16posNK_156Gd_IkB_LPS,0.04986913092061215,0.5444898450000253
CD4Teff_156Gd_IkB_IFNa,0.04960045855632244,0.546662760639237
CD8Tem_150Nd_STAT5_IFNa,-0.04949910612263502,0.5474835617808435
CD8Tnaive_150Nd_STAT5_IFNa,-0.0493959755760759,0.5483193817989056
CD8Tcm_153Eu_STAT1_IFNa,0.049380905512775054,0.5484415691315863
CD8Tcm_149Sm_CREB_IFNa,0.0493144250578035,0.5489807482116476
CD8Tem_166Er_NFkB_unstim,-0.04896389414825062,0.5518279469439943
CD4Tnaive_166Er_NFkB_unstim,-0.04735292388648227,0.5650046602920179
CD8Teff_156Gd_IkB_unstim,0.047344878440891434,0.5650708409335853
CD8Tcm_167Er_ERK_unstim,-0.04687638963686425,0.5689309077807498
CD8Teff_154Sm_STAT3_IL246,-0.04673769683287095,0.5700760405505997
CD4Tem_150Nd_STAT5_IFNa,0.04644430820903897,0.5725020146902294
CD4Tnaive_153Eu_STAT1_IL246,0.046320005008983325,0.5735313153629067
CD4Tnaive_156Gd_IkB_IFNa,0.04630739351791738,0.5736357941269108
CD8Tnaive_153Eu_STAT1_IFNa,0.04622297424544385,0.5743353878173874
Granulocytes_156Gd_IkB_IL246,0.0461349165693616,0.5750655591645149
mDCs_150Nd_STAT5_IFNa,0.04608868563469717,0.5754490783817374
CD56loCD16posNK_156Gd_IkB_unstim,0.04599409855299657,0.5762341195162046
intMCs_150Nd_STAT5_IL246,0.04577218154353297,0.5780779172586952
CD8Tem_150Nd_STAT5_unstim,-0.04494358094531657,0.5849865054612556
Granulocytes_168Er_STAT6_GMCSF,0.0447711039967608,0.5864293212139535
ncMCs_156Gd_IkB_IFNa,0.04443155755379629,0.5892744791719797
CD4negCD8negTcells_159Tb_MAPKAPK2_IL246,-0.044275010505554,0.5905883515214285
cMCs_159Tb_MAPKAPK2_IL246,0.04351220008359083,0.5970094955310277
mDCs_159Tb_MAPKAPK2_LPS,-0.04347130348754153,0.5973546388697327
CD4Tcm_156Gd_IkB_IFNa,0.043017884705255735,0.601187228959881
mDCs_167Er_ERK_GMCSF,0.042744898443513424,0.6034999724918413
intMCs_159Tb_MAPKAPK2_unstim,0.042093266011967057,0.6090365476495105
Granulocytes_156Gd_IkB_GMCSF,0.041700303067319366,0.6123861193542478
CD8Tcm_168Er_STAT6_unstim,-0.041607841197990506,0.6131754240221408
ncMCs_159Tb_MAPKAPK2_GMCSF,-0.041510044990046506,0.6140107488969451
CD4Teff_156Gd_IkB_unstim,0.0415048582310821,0.6140550653834133
CD4negCD8negTcells_154Sm_STAT3_IL246,0.04049652065317238,0.6226968018013069
CD8Tnaive_156Gd_IkB_unstim,0.04034538105907711,0.6239965951194348
CD8Teff_159Tb_MAPKAPK2_IFNa,-0.039881293599561066,0.6279949576630679
intMCs_156Gd_IkB_IL246,0.03950255555788705,0.6312660238375594
CD8Tcm_155Gd_S6_IL246,0.03916649222513405,0.6341745195587167
cMCs_156Gd_IkB_LPS,0.03898156848647631,0.6357773539937897
CD8Tem_167Er_ERK_IFNa,0.03894422811617042,0.6361012085803341
intMCs_166Er_NFkB_unstim,0.0386828455240292,0.6383701161528175
mDCs_156Gd_IkB_IL246,-0.038493683764007525,0.6400142121943587
ncMCs_156Gd_IkB_LPS,0.038205225847495757,0.6425247083910046
CD4negCD8negTcells_149Sm_CREB_IL246,0.038086582688924744,0.6435584555227386
CD8Tcm_166Er_NFkB_unstim,-0.037987603391190984,0.6444213927094867
CD8Tnaive_149Sm_CREB_unstim,0.037316225470887865,0.6502871831750281
mDCs_166Er_NFkB_unstim,0.03725399187360287,0.6508320094029351
Tregs_155Gd_S6_IL246,0.03705231602067205,0.6525988556746806
Bcells_166Er_NFkB_IFNa,-0.03688872963647482,0.6540334259052553
CD4Teff_159Tb_MAPKAPK2_IL246,-0.036867392282014314,0.6542206372063606
CD4negCD8negTcells_151Eu_p38_IFNa,0.03648871178433743,0.6575467055891111
CD4Teff_154Sm_STAT3_unstim,-0.03623859229291024,0.6597472744582898
CD4Tcm_150Nd_STAT5_unstim,-0.03609746940856432,0.6609901721692841
mDCs_166Er_NFkB_IFNa,0.03583541891877448,0.6633005575446729
CD8Teff_159Tb_MAPKAPK2_IL246,-0.03572050947976201,0.6643146663042134
CD8Tcm_159Tb_MAPKAPK2_IL246,-0.03566993375894954,0.6647612045520923
CD4Teff_154Sm_STAT3_IFNa,0.03566538798073903,0.6648013454668545
Bcells_156Gd_IkB_IFNa,0.035364869299216506,0.6674571430098752
CD8Tcm_150Nd_STAT5_IL246,0.03522975032717033,0.6686525879988239
Bcells_150Nd_STAT5_unstim,-0.03467919792260023,0.6735320936181061
CD4negCD8negTcells_154Sm_STAT3_IFNa,0.034582517241868255,0.67439038014198
CD8Tem_156Gd_IkB_IFNa,0.034433767949169455,0.6757117268347436
Granulocytes_156Gd_IkB_LPS,0.033910390576362255,0.6803687550671923
mDCs_159Tb_MAPKAPK2_IL246,-0.033821831513654164,0.6811579572497005
cMCs_156Gd_IkB_IFNa,0.033371622376234436,0.6851753654062156
mDCs_153Eu_STAT1_unstim,0.03295849902457168,0.6888696142084765
Granulocytes_159Tb_MAPKAPK2_unstim,0.032574167709388493,0.6923130070138621
ncMCs_150Nd_STAT5_IFNa,0.032320757669054415,0.6945868724925803
CD4negCD8negTcells_150Nd_STAT5_IFNa,-0.031838889080821275,0.6989182104016509
CD4Tem_168Er_STAT6_unstim,-0.031769542678824626,0.6995423427119187
CD56loCD16posNK_166Er_NFkB_unstim,0.03125388994602902,0.7041896051575063
CD4Tnaive_155Gd_S6_unstim,0.03112053148065084,0.705393273131852
Tregs_150Nd_STAT5_IL246,-0.031008510369733178,0.7064049186889467
mDCs_156Gd_IkB_LPS,0.030657352525837657,0.7095794931873256
Granulocytes_156Gd_IkB_IFNa,0.030343496155714012,0.712421082531935
CD4negCD8negTcells_151Eu_p38_unstim,0.030275994231156605,0.7130327490210886
ncMCs_168Er_STAT6_unstim,0.030275994231156605,0.7130327490210886
CD8Teff_151Eu_p38_unstim,0.030275994231156605,0.7130327490210886
CD4negCD8negTcells_153Eu_STAT1_IL246,-0.030275994231156605,0.7130327490210886
CD4negCD8negTcells_153Eu_STAT1_unstim,0.030275994231156605,0.7130327490210886
NKT_153Eu_STAT1_unstim,0.030275994231156605,0.7130327490210886
mDCs_168Er_STAT6_unstim,0.030275994231156605,0.7130327490210886
NKT_151Eu_p38_unstim,0.030275994231156605,0.7130327490210886
intMCs_153Eu_STAT1_unstim,0.030275994231156605,0.7130327490210886
CD4Tem_153Eu_STAT1_unstim,0.030275994231156605,0.7130327490210886
CD56loCD16posNK_153Eu_STAT1_unstim,0.030275994231156605,0.7130327490210886
Bcells_153Eu_STAT1_unstim,0.030275994231156605,0.7130327490210886
CD56loCD16posNK_151Eu_p38_unstim,0.030275994231156605,0.7130327490210886
Bcells_154Sm_STAT3_unstim,0.030275994231156605,0.7130327490210886
CD8Tnaive_153Eu_STAT1_unstim,0.030275994231156605,0.7130327490210886
CD8Tnaive_151Eu_p38_unstim,0.030275994231156605,0.7130327490210886
Granulocytes_168Er_STAT6_unstim,0.030275994231156605,0.7130327490210886
CD4Tcm_153Eu_STAT1_unstim,0.030275994231156605,0.7130327490210886
CD4Tcm_151Eu_p38_unstim,0.030275994231156605,0.7130327490210886
CD8Tcm_151Eu_p38_unstim,0.030275994231156605,0.7130327490210886
CD4Tem_151Eu_p38_unstim,0.030275994231156605,0.7130327490210886
CD4Tnaive_153Eu_STAT1_unstim,0.030275994231156605,0.7130327490210886
cMCs_168Er_STAT6_unstim,0.030275994231156605,0.7130327490210886
CD8Tem_153Eu_STAT1_unstim,0.030275994231156605,0.7130327490210886
CD8Teff_153Eu_STAT1_unstim,0.030275994231156605,0.7130327490210886
cMCs_153Eu_STAT1_unstim,0.030275994231156605,0.7130327490210886
intMCs_168Er_STAT6_unstim,0.030275994231156605,0.7130327490210886
Tregs_153Eu_STAT1_unstim,0.030275994231156605,0.7130327490210886
Bcells_168Er_STAT6_unstim,0.030275994231156605,0.7130327490210886
ncMCs_153Eu_STAT1_unstim,0.030275994231156605,0.7130327490210886
CD8Tem_151Eu_p38_unstim,0.030275994231156605,0.7130327490210886
CD4Teff_153Eu_STAT1_unstim,0.030275994231156605,0.7130327490210886
CD8Tcm_153Eu_STAT1_unstim,0.030275994231156605,0.7130327490210886
CD4Tem_156Gd_IkB_IFNa,0.03004299508039519,0.7151454647384554
CD4negCD8negTcells_153Eu_STAT1_IFNa,0.029309549574917725,0.7218100166488364
CD4negCD8negTcells_156Gd_IkB_unstim,0.029138842224849405,0.7233641970094138
Bcells_166Er_NFkB_unstim,0.029114820161363096,0.7235829932442182
CD4Tem_159Tb_MAPKAPK2_IFNa,-0.02906508325076421,0.7240360748804273
CD4Teff_156Gd_IkB_IL246,0.029027692630649353,0.7243767502112589
CD4negCD8negTcells_167Er_ERK_IFNa,0.02889433416527118,0.7255922522979146
ncMCs_156Gd_IkB_IL246,0.027930025624703148,0.7344016884817111
CD4negCD8negTcells_149Sm_CREB_IFNa,-0.02725414419821978,0.7405969687336333
CD4Tcm_150Nd_STAT5_IL246,0.027142892986637822,0.7416183323893197
CD4Teff_155Gd_S6_IL246,0.02675170815486184,0.7452132495254195
CD4Tnaive_150Nd_STAT5_IL246,0.02673570513901646,0.7453604319254601
CD8Tcm_156Gd_IkB_IFNa,-0.026484991224105494,0.7476674875881841
Granulocytes_155Gd_S6_GMCSF,0.02629295503396092,0.7494361095240462
intMCs_151Eu_p38_unstim,-0.025902813179528167,0.7530332624841398
CD56loCD16posNK_168Er_STAT6_unstim,0.025623946424263057,0.7556077076057051
CD4Tcm_166Er_NFkB_unstim,-0.02529365560006046,0.758660366405034
cMCs_154Sm_STAT3_unstim,0.024989598298998224,0.761473862857444
cMCs_151Eu_p38_unstim,-0.024930268455191414,0.7620232179270708
Tregs_166Er_NFkB_unstim,-0.024667759869218896,0.7644552948073517
CD8Tem_159Tb_MAPKAPK2_IFNa,0.024227937252512037,0.7685352899881446
Granulocytes_168Er_STAT6_IFNa,-0.023975398030756857,0.7708808383662138
Granulocytes_159Tb_MAPKAPK2_GMCSF,-0.023876499641308394,0.7717999592172597
CD4Teff_151Eu_p38_IFNa,-0.023241625915808993,0.7777077136352214
Tregs_150Nd_STAT5_IFNa,-0.022941212270789463,0.7805076457911023
CD8Teff_150Nd_STAT5_IL246,-0.022813188144026414,0.781701722469613
Bcells_150Nd_STAT5_IL246,-0.02271013834835835,0.7826632346758478
CD4Teff_150Nd_STAT5_IFNa,-0.022462899908299742,0.7849714454904426
CD8Tnaive_154Sm_STAT3_unstim,0.02240668750287345,0.78549650491842
Granulocytes_156Gd_IkB_unstim,0.022340210120151825,0.7861175703963867
CD4Teff_149Sm_CREB_IFNa,0.021945297303111462,0.7898098117298062
CD8Tcm_150Nd_STAT5_unstim,-0.021858341531918683,0.7906234366129669
Granulocytes_154Sm_STAT3_unstim,0.021728539292283924,0.7918383859893605
CD4Teff_153Eu_STAT1_IL246,0.0217278428181379,0.7918449063423931
mDCs_154Sm_STAT3_unstim,-0.021378327071900443,0.7951188631332644
CD4Teff_150Nd_STAT5_IL246,0.02117732430205414,0.7970033034359509
ncMCs_154Sm_STAT3_GMCSF,0.02113464959313312,0.7974035383657243
NKT_151Eu_p38_IFNa,0.02089675398598706,0.7996356625404683
CD4Teff_153Eu_STAT1_IFNa,0.020833277980679073,0.8002315192162798
CD56loCD16posNK_153Eu_STAT1_IFNa,0.020340740277384736,0.804858914684798
CD4Tem_166Er_NFkB_unstim,-0.02023136825430495,0.8058873905381635
CD4Tcm_154Sm_STAT3_unstim,0.01967751249044223,0.811100622293839
mDCs_168Er_STAT6_IL246,0.019635770261581684,0.8114938651780873
Granulocytes_154Sm_STAT3_IL246,-0.019584135169002877,0.8119803713343612
Bcells_159Tb_MAPKAPK2_IFNa,0.019351202382809,0.8141759561331268
NKT_153Eu_STAT1_IFNa,-0.01927920594934604,0.8148548755557488
CD8Tcm_150Nd_STAT5_IFNa,-0.019230290707532786,0.8153162201275203
CD4Tnaive_150Nd_STAT5_IFNa,0.01904536696887505,0.8170609016440898
NKT_159Tb_MAPKAPK2_IL246,-0.018764425135145032,0.8197131905853936
Granulocytes_150Nd_STAT5_GMCSF,-0.018584835735102424,0.8214097132819895
Granulocytes_155Gd_S6_IFNa,-0.017976721132977946,0.8271604721511812
NKT_154Sm_STAT3_unstim,0.017793895502516345,0.8288912098069958
intMCs_156Gd_IkB_unstim,0.017144564309018135,0.8350447630286016
ncMCs_167Er_ERK_IL246,0.01691243049263993,0.837247087004274
Granulocytes_168Er_STAT6_IL246,0.016573849009164438,0.8404615724086681
CD8Tcm_166Er_NFkB_IFNa,0.016170158455321607,0.8442976419227717
Granulocytes_166Er_NFkB_unstim,-0.016099033940453245,0.8449738842179627
Granulocytes_166Er_NFkB_IFNa,0.015871435492874494,0.8471386171543923
NKT_168Er_STAT6_IFNa,0.015686511754216762,0.8488983044728732
Granulocytes_167Er_ERK_IFNa,-0.015662632812553805,0.8491255849501887
NKT_154Sm_STAT3_IFNa,-0.01556026574032542,0.8501000582426539
cMCs_156Gd_IkB_unstim,0.015521147257147823,0.850472502749062
Granulocytes_167Er_ERK_LPS,0.015279281657061161,0.8527760194829067
intMCs_159Tb_MAPKAPK2_LPS,0.015250874100648055,0.8530466536986092
Tregs_150Nd_STAT5_unstim,-0.015247317874904638,0.853080534495217
CD8Tnaive_159Tb_MAPKAPK2_IL246,0.01503394433029956,0.8551138710708268
cMCs_159Tb_MAPKAPK2_unstim,0.01501350937821566,0.8553086555115494
NKT_150Nd_STAT5_IL246,-0.0131847069437222,0.8727746260893805
CD56loCD16posNK_159Tb_MAPKAPK2_IFNa,0.013163369589261694,0.8729787881793769
CD4Tnaive_154Sm_STAT3_unstim,-0.012859975673898648,0.87588265020343
CD8Tcm_155Gd_S6_IFNa,-0.012706394581232483,0.8773532480486435
Bcells_153Eu_STAT1_IFNa,0.012453024566866037,0.8797802768093084
CD4Tcm_150Nd_STAT5_IFNa,0.011667976664154431,0.8873072452230734
CD8Teff_156Gd_IkB_IFNa,-0.011603868476088403,0.8879223626552805
ncMCs_150Nd_STAT5_unstim,0.0110954588316511,0.8928028847654207
ncMCs_159Tb_MAPKAPK2_IL246,0.010949778320483673,0.894202106593049
CD4Tcm_149Sm_CREB_IFNa,0.01061258867321016,0.8974419649220551
ncMCs_156Gd_IkB_unstim,-0.010215637099631145,0.9012582067537857
CD4Tem_167Er_ERK_unstim,-0.010097902998435385,0.9023905259110475
CD4Tnaive_153Eu_STAT1_IFNa,0.00992454581565828,0.9040581626396476
Granulocytes_154Sm_STAT3_GMCSF,0.009751170988452133,0.9057263881556361
CD4negCD8negTcells_159Tb_MAPKAPK2_IFNa,-0.009410670738936032,0.9090038989116624
ncMCs_149Sm_CREB_IFNa,-0.009260390403776344,0.9104509246883365
CD8Teff_168Er_STAT6_IFNa,-0.009223071465554561,0.9108103086536008
CD8Teff_167Er_ERK_IFNa,0.009004363582334354,0.9129168414965922
CD4Tnaive_168Er_STAT6_unstim,0.00893857340608112,0.913550633168036
Tregs_156Gd_IkB_unstim,0.00824866561185803,0.9202000832074047
CD4Tcm_168Er_STAT6_unstim,0.007469852174049491,0.9277130392301851
NKT_156Gd_IkB_IFNa,0.007125119960637796,0.9310406346249671
Granulocytes_149Sm_CREB_IFNa,0.007107117148220855,0.9312144435990365
CD8Teff_153Eu_STAT1_IFNa,0.0058775573221640145,0.9430925351794542
ncMCs_159Tb_MAPKAPK2_LPS,0.005748638914235183,0.9443387154261678
mDCs_151Eu_p38_unstim,-0.005047818995209349,0.9511154204633334
Bcells_155Gd_S6_IFNa,-0.004754673818949854,0.9539511071730937
intMCs_154Sm_STAT3_unstim,-0.004623093466443389,0.955224115634006
CD4Tcm_167Er_ERK_unstim,0.00428525202081868,0.958493161038386
cMCs_166Er_NFkB_unstim,-0.004124369468783367,0.9600501504574754
CD8Tnaive_155Gd_S6_IFNa,-0.0035615600820331182,0.9654980564334721
cMCs_159Tb_MAPKAPK2_LPS,0.0033446303116846203,0.9675983418705383
CD56loCD16posNK_154Sm_STAT3_IL246,0.003269949571072843,0.9683214431678282
CD4negCD8negTcells_150Nd_STAT5_IL246,-0.003049463574980928,0.970456461855433
CD8Tem_149Sm_CREB_IFNa,-0.0028280219457355194,0.9726009451068076
CD4Tnaive_167Er_ERK_unstim,-0.0026422757273595675,0.9743998990010123
CD8Teff_167Er_ERK_unstim,0.002290209378761186,0.9778100112578343
NKT_167Er_ERK_IFNa,0.002274206362915805,0.9779650263656046
ncMCs_154Sm_STAT3_unstim,0.0021516772464752207,0.9791519460309582
intMCs_156Gd_IkB_IFNa,0.001616304600383477,0.9843385156405525
mDCs_156Gd_IkB_unstim,-0.001576551995930824,0.9847236587242636
CD8Tnaive_150Nd_STAT5_IL246,-0.0009335092576472228,0.9909542050426552
CD4Teff_159Tb_MAPKAPK2_IFNa,-0.0005796647961771326,0.9943829189013706
CD8Teff_154Sm_STAT3_IFNa,-0.00044097199218383093,0.9957268683718913
NKT_167Er_ERK_IL246,0.00038407238028914306,0.9962782359434394
Granulocytes_155Gd_S6_LPS,6.756828912494184e-05,0.9993452429348011
Bcells_151Eu_p38_unstim,,
Bcells_167Er_ERK_unstim,,
CD4Teff_149Sm_CREB_unstim,,
CD4Teff_151Eu_p38_unstim,,
CD4Tnaive_151Eu_p38_unstim,,
CD56hiCD16negNK_149Sm_CREB_IFNa,,
CD56hiCD16negNK_149Sm_CREB_IL246,,
CD56hiCD16negNK_149Sm_CREB_LPS,,
CD56hiCD16negNK_149Sm_CREB_unstim,,
CD56hiCD16negNK_150Nd_STAT5_IFNa,,
CD56hiCD16negNK_150Nd_STAT5_IL246,,
CD56hiCD16negNK_150Nd_STAT5_unstim,,
CD56hiCD16negNK_151Eu_p38_unstim,,
CD56hiCD16negNK_153Eu_STAT1_IFNa,,
CD56hiCD16negNK_153Eu_STAT1_IL246,,
CD56hiCD16negNK_153Eu_STAT1_unstim,,
CD56hiCD16negNK_154Sm_STAT3_IFNa,,
CD56hiCD16negNK_154Sm_STAT3_IL246,,
CD56hiCD16negNK_154Sm_STAT3_unstim,,
CD56hiCD16negNK_155Gd_S6_IFNa,,
CD56hiCD16negNK_155Gd_S6_IL246,,
CD56hiCD16negNK_155Gd_S6_LPS,,
CD56hiCD16negNK_155Gd_S6_unstim,,
CD56hiCD16negNK_156Gd_IkB_IFNa,,
CD56hiCD16negNK_156Gd_IkB_IL246,,
CD56hiCD16negNK_156Gd_IkB_LPS,,
CD56hiCD16negNK_156Gd_IkB_unstim,,
CD56hiCD16negNK_159Tb_MAPKAPK2_IFNa,,
CD56hiCD16negNK_159Tb_MAPKAPK2_IL246,,
CD56hiCD16negNK_159Tb_MAPKAPK2_LPS,,
CD56hiCD16negNK_159Tb_MAPKAPK2_unstim,,
CD56hiCD16negNK_166Er_NFkB_IFNa,,
CD56hiCD16negNK_166Er_NFkB_IL246,,
CD56hiCD16negNK_166Er_NFkB_LPS,,
CD56hiCD16negNK_166Er_NFkB_unstim,,
CD56hiCD16negNK_167Er_ERK_IL246,,
CD56hiCD16negNK_167Er_ERK_unstim,,
CD56hiCD16negNK_168Er_STAT6_IFNa,,
CD56hiCD16negNK_168Er_STAT6_IL246,,
CD56hiCD16negNK_168Er_STAT6_unstim,,
CD56loCD16posNK_167Er_ERK_unstim,,
mDCs_167Er_ERK_unstim,,
MDSCs_149Sm_CREB_GMCSF,,
MDSCs_149Sm_CREB_IFNa,,
MDSCs_149Sm_CREB_IL246,,
MDSCs_149Sm_CREB_LPS,,
MDSCs_149Sm_CREB_unstim,,
MDSCs_150Nd_STAT5_GMCSF,,
MDSCs_150Nd_STAT5_IFNa,,
MDSCs_150Nd_STAT5_IL246,,
MDSCs_150Nd_STAT5_unstim,,
MDSCs_151Eu_p38_GMCSF,,
MDSCs_151Eu_p38_IFNa,,
MDSCs_151Eu_p38_IL246,,
MDSCs_151Eu_p38_LPS,,
MDSCs_151Eu_p38_unstim,,
MDSCs_153Eu_STAT1_IFNa,,
MDSCs_153Eu_STAT1_unstim,,
MDSCs_154Sm_STAT3_GMCSF,,
MDSCs_154Sm_STAT3_IFNa,,
MDSCs_154Sm_STAT3_IL246,,
MDSCs_154Sm_STAT3_unstim,,
MDSCs_155Gd_S6_GMCSF,,
MDSCs_155Gd_S6_IFNa,,
MDSCs_155Gd_S6_IL246,,
MDSCs_155Gd_S6_LPS,,
MDSCs_155Gd_S6_unstim,,
MDSCs_156Gd_IkB_GMCSF,,
MDSCs_156Gd_IkB_IFNa,,
MDSCs_156Gd_IkB_IL246,,
MDSCs_156Gd_IkB_LPS,,
MDSCs_156Gd_IkB_unstim,,
MDSCs_159Tb_MAPKAPK2_GMCSF,,
MDSCs_159Tb_MAPKAPK2_IL246,,
MDSCs_159Tb_MAPKAPK2_LPS,,
MDSCs_159Tb_MAPKAPK2_unstim,,
MDSCs_166Er_NFkB_GMCSF,,
MDSCs_166Er_NFkB_IFNa,,
MDSCs_166Er_NFkB_IL246,,
MDSCs_166Er_NFkB_LPS,,
MDSCs_166Er_NFkB_unstim,,
MDSCs_167Er_ERK_GMCSF,,
MDSCs_167Er_ERK_IFNa,,
MDSCs_167Er_ERK_IL246,,
MDSCs_167Er_ERK_LPS,,
MDSCs_167Er_ERK_unstim,,
MDSCs_168Er_STAT6_IFNa,,
MDSCs_168Er_STAT6_IL246,,
MDSCs_168Er_STAT6_unstim,,
ncMCs_151Eu_p38_unstim,,
ncMCs_167Er_ERK_unstim,,
pDCs_149Sm_CREB_GMCSF,,
pDCs_149Sm_CREB_IFNa,,
pDCs_149Sm_CREB_IL246,,
pDCs_149Sm_CREB_unstim,,
pDCs_150Nd_STAT5_GMCSF,,
pDCs_150Nd_STAT5_IFNa,,
pDCs_150Nd_STAT5_IL246,,
pDCs_150Nd_STAT5_unstim,,
pDCs_151Eu_p38_GMCSF,,
pDCs_151Eu_p38_unstim,,
pDCs_153Eu_STAT1_IFNa,,
pDCs_153Eu_STAT1_IL246,,
pDCs_153Eu_STAT1_unstim,,
pDCs_154Sm_STAT3_GMCSF,,
pDCs_154Sm_STAT3_IFNa,,
pDCs_154Sm_STAT3_IL246,,
pDCs_154Sm_STAT3_unstim,,
pDCs_155Gd_S6_GMCSF,,
pDCs_155Gd_S6_IFNa,,
pDCs_155Gd_S6_IL246,,
pDCs_155Gd_S6_unstim,,
pDCs_156Gd_IkB_GMCSF,,
pDCs_156Gd_IkB_IFNa,,
pDCs_156Gd_IkB_IL246,,
pDCs_156Gd_IkB_unstim,,
pDCs_159Tb_MAPKAPK2_GMCSF,,
pDCs_159Tb_MAPKAPK2_IFNa,,
pDCs_159Tb_MAPKAPK2_IL246,,
pDCs_159Tb_MAPKAPK2_unstim,,
pDCs_166Er_NFkB_GMCSF,,
pDCs_166Er_NFkB_IFNa,,
pDCs_166Er_NFkB_IL246,,
pDCs_166Er_NFkB_unstim,,
pDCs_167Er_ERK_GMCSF,,
pDCs_167Er_ERK_unstim,,
pDCs_168Er_STAT6_GMCSF,,
pDCs_168Er_STAT6_IFNa,,
pDCs_168Er_STAT6_IL246,,
pDCs_168Er_STAT6_unstim,,
Tregs_151Eu_p38_unstim,,
