feature,coefficient
CD69negCD56loCD16negNK_STAT1_IFNa,16.333343914393502
CD62LposCD4Tnaive_STAT5_unstim,6.70175069255506
intMCs_STAT1_IL246,3.575817228497749
NK_STAT1_IFNa,2.9517095943612293
CD69posCD56loCD16negNK_STAT1_IFNa,2.9358391572060123
NK_CREB_LPS,2.713045366315618
CCR2posintMCs_IkB_LPS,2.6617034856323283
NKT,2.532636850649362
CCR2posintMCs_CREB_IFNa,2.4867025858884246
Bcells_STAT5_IL246,2.1518996010665963
NK_MAPKAPK2_LPS,2.123203238410303
CCR2posintMCs,2.01670450084827
Granulocytes_IkB_IFNa,1.870441919920766
DCs_NFkB_IL246,1.7351717234052915
CD56hiCD16negNK_MAPKAPK2_IL246,1.6988278744836092
CCR2negncMCs_IkB_IFNa,1.6952222718127534
CD56hiCD16negNK_IkB_LPS,1.482213276888335
CD69negCD56loCD16negNK_S6_LPS,1.4664421227826114
Granulocytes_p38_unstim,1.4529759080022226
CCR5posCCR2posCD8Tem_S6_IL246,1.451181308619873
pDCs_p38_unstim,1.3883304509341137
DCs_p38_GMCSF,1.3817161512578395
Th1_p38_unstim,1.3599163350023264
CCR2negncMCs_IkB_IL246,1.3233206680664196
mDCs_p38_IL246,1.20420160932037
CCR5posCCR2posCD8Tem_MAPKAPK2_IL246,1.16710828818349
CCR5posCCR2posCD4Tem_CREB_IFNa,1.0812628108728533
CD8Tnaive_MAPKAPK2_IFNa,0.8247287532556234
Tregs_p38_unstim,0.7646177372165031
CD4Tef_STAT1_IL246,0.7232490119754291
NK,0.664583518454743
CD4Tef_CREB_unstim,0.5959416045925894
CD69posCD56loCD16negNK_NFkB_IL246,0.5862408761126644
Tregs_S6_LPS,0.557852609766154
mDCs_ERK_LPS,0.516870926422603
Tregs_MAPKAPK2_LPS,0.4685595974842145
Th1_S6_IL246,0.4661740930292996
DCs_CREB_LPS,0.3366963415072722
mDCs_NFkB_LPS,0.2749569983587816
CCR5posCCR2posCD8Tcm_ERK_IFNa,0.21164061797963737
Granulocytes_ERK_IL246,0.17157639757856474
CCR5posCCR2posCD4Tcm_IkB_IL246,0.06987170577425784
pDCs_S6_GMCSF,0.06401668541792088
CD69posCD4Tmem_ERK_IFNa,0.06075006692075287
cMCs_p38_IL246,0.0
CD56hiCD16negNK_IkB_IL246,0.0
cMCs_STAT5_IL246,0.0
cMCs_CREB_IL246,-0.0
Bcells_STAT6_IL246,0.0
Bcells_NFkB_IL246,-0.0
Bcells_ERK_IL246,-0.0
Bcells_MAPKAPK2_IL246,-0.0
Bcells_IkB_IL246,-0.0
Bcells_S6_IL246,-0.0
CCR2poscMCs_STAT6_IL246,0.0
Bcells_STAT3_IL246,0.0
CD56hiCD16negNK_STAT6_IL246,0.0
Bcells_CREB_IL246,-0.0
cMCs_STAT1_IL246,0.0
CCR2poscMCs_ERK_IL246,0.0
CCR2poscMCs_IkB_IL246,-0.0
CCR2poscMCs_STAT5_IL246,0.0
CCR2poscMCs_S6_IL246,0.0
CCR2poscMCs_STAT3_IL246,-0.0
CD56hiCD16negNK_ERK_IL246,0.0
CCR2poscMCs_MAPKAPK2_IL246,0.0
CCR2poscMCs_STAT1_IL246,0.0
CCR2poscMCs_NFkB_IL246,0.0
CCR2poscMCs_p38_IL246,0.0
CCR2poscMCs_CREB_IL246,-0.0
cMCs_STAT3_IL246,-0.0
cMCs_STAT6_IL246,0.0
cMCs_ERK_IL246,0.0
cMCs_NFkB_IL246,0.0
Granulocytes_STAT6_IL246,0.0
cMCs_MAPKAPK2_IL246,0.0
cMCs_IkB_IL246,-0.0
cMCs_S6_IL246,0.0
CCR2negncMCs_ERK_IL246,0.0
Granulocytes_IkB_IL246,0.0
Granulocytes_NFkB_IL246,0.0
CD62LposCD8Tnaive_MAPKAPK2_IFNa,0.0
CD62LposCD8Tnaive_S6_IFNa,-0.0
CD62LposCD8Tnaive_STAT3_IFNa,-0.0
CD62LposCD8Tnaive_STAT1_IFNa,0.0
CD62LposCD8Tnaive_p38_IFNa,0.0
CD62LposCD8Tnaive_STAT5_IFNa,-0.0
CD62LposCD8Tnaive_CREB_IFNa,-0.0
CD8Tef_ERK_IFNa,0.0
CD8Tef_NFkB_IFNa,-0.0
CD56loCD16negNK_STAT5_IL246,0.0
CD8Tef_MAPKAPK2_IFNa,0.0
CD8Tef_IkB_IFNa,0.0
CD8Tef_S6_IFNa,0.0
CD8Tef_STAT3_IFNa,-0.0
CD8Tef_STAT1_IFNa,0.0
CD8Tef_p38_IFNa,-0.0
CD8Tef_STAT5_IFNa,-0.0
CD8Tef_CREB_IFNa,-0.0
CD62LposCD8Tnaive_IkB_IFNa,0.0
CD62LposCD8Tnaive_NFkB_IFNa,-0.0
Granulocytes_MAPKAPK2_IL246,0.0
CD62LposCD8Tnaive_ERK_IFNa,0.0
MDSCs_STAT5_IL246,0.0
Granulocytes_S6_IL246,-0.0
Granulocytes_STAT3_IL246,-0.0
Granulocytes_STAT5_IL246,0.0
Granulocytes_CREB_IL246,-0.0
NKT_STAT6_IFNa,-0.0
NKT_ERK_IFNa,-0.0
NKT_NFkB_IFNa,-0.0
NKT_MAPKAPK2_IFNa,0.0
NKT_S6_IFNa,0.0
NKT_STAT3_IFNa,-0.0
NKT_STAT1_IFNa,0.0
NKT_p38_IFNa,-0.0
NKT_STAT5_IFNa,-0.0
NKT_CREB_IFNa,0.0
CD56loCD16negNK_CREB_IL246,-0.0
CD62LposCD8Tnaive_STAT6_IFNa,-0.0
MDSCs_CREB_IL246,-0.0
MDSCs_MAPKAPK2_IL246,0.0
MDSCs_p38_IL246,0.0
CCR2posintMCs_NFkB_IL246,0.0
CCR2posintMCs_IkB_IL246,0.0
CCR2posintMCs_S6_IL246,-0.0
CCR2posintMCs_STAT3_IL246,-0.0
CCR2posintMCs_STAT1_IL246,0.0
CCR2posintMCs_p38_IL246,0.0
NK_STAT3_IL246,0.0
CCR2posintMCs_STAT5_IL246,0.0
CCR2posintMCs_CREB_IL246,-0.0
intMCs_STAT6_IL246,0.0
NK_S6_IL246,-0.0
intMCs_ERK_IL246,0.0
intMCs_NFkB_IL246,0.0
intMCs_MAPKAPK2_IL246,0.0
NK_IkB_IL246,0.0
intMCs_IkB_IL246,0.0
intMCs_S6_IL246,-0.0
NK_MAPKAPK2_IL246,-0.0
CCR2posintMCs_MAPKAPK2_IL246,0.0
CCR2posintMCs_ERK_IL246,0.0
MDSCs_STAT3_IL246,-0.0
CCR2posintMCs_STAT6_IL246,0.0
CCR2negncMCs_MAPKAPK2_IL246,0.0
CCR2negncMCs_STAT6_IL246,0.0
CCR2negncMCs_S6_IL246,0.0
CCR2negncMCs_STAT3_IL246,-0.0
CCR2negncMCs_STAT5_IL246,0.0
NK_CREB_IL246,-0.0
CCR2negncMCs_CREB_IL246,0.0
ncMCs_STAT6_IL246,0.0
ncMCs_ERK_IL246,0.0
ncMCs_NFkB_IL246,0.0
ncMCs_MAPKAPK2_IL246,0.0
ncMCs_IkB_IL246,0.0
ncMCs_S6_IL246,0.0
ncMCs_STAT3_IL246,-0.0
ncMCs_STAT5_IL246,0.0
ncMCs_CREB_IL246,0.0
NK_STAT5_IL246,0.0
intMCs_STAT3_IL246,0.0
NK_NFkB_IL246,0.0
intMCs_p38_IL246,0.0
intMCs_STAT5_IL246,0.0
CD56hiCD16negNK_STAT1_IL246,0.0
CD56hiCD16negNK_STAT3_IL246,-0.0
CD8Tnaive_STAT6_IFNa,-0.0
mDCs_CREB_IL246,0.0
DCs_STAT6_IL246,-0.0
CD56hiCD16negNK_S6_IL246,0.0
DCs_IkB_IL246,0.0
DCs_S6_IL246,0.0
DCs_STAT3_IL246,-0.0
DCs_STAT5_IL246,0.0
DCs_CREB_IL246,-0.0
MDSCs_STAT6_IL246,0.0
MDSCs_ERK_IL246,0.0
MDSCs_NFkB_IL246,0.0
CCR2negncMCs_NFkB_IL246,0.0
MDSCs_IkB_IL246,-0.0
MDSCs_S6_IL246,-0.0
mDCs_STAT3_IL246,-0.0
mDCs_S6_IL246,-0.0
mDCs_IkB_IL246,-0.0
pDCs_S6_IL246,0.0
intMCs_CREB_IL246,0.0
NK_ERK_IL246,-0.0
pDCs_STAT6_IL246,0.0
pDCs_NFkB_IL246,0.0
pDCs_MAPKAPK2_IL246,-0.0
NK_STAT6_IL246,0.0
pDCs_IkB_IL246,0.0
pDCs_STAT3_IL246,-0.0
CD56hiCD16negNK_STAT5_IL246,-0.0
pDCs_STAT1_IL246,0.0
pDCs_STAT5_IL246,0.0
pDCs_CREB_IL246,0.0
mDCs_STAT6_IL246,0.0
CD56hiCD16negNK_CREB_IL246,0.0
mDCs_NFkB_IL246,0.0
mDCs_MAPKAPK2_IL246,-0.0
mDCs_STAT5_IL246,0.0
Granulocytes_CREB_unstim,-0.0
CD8Tnaive_ERK_IFNa,0.0
CCR5posCCR2posCD4Tcm_MAPKAPK2_IFNa,-0.0
CCR5posCCR2posCD4Tem_IkB_IFNa,-0.0
CCR5posCCR2posCD4Tem_S6_IFNa,-0.0
CCR5posCCR2posCD4Tem_STAT3_IFNa,-0.0
CCR5posCCR2posCD4Tem_STAT1_IFNa,0.0
CCR5posCCR2posCD4Tem_p38_IFNa,-0.0
CCR5posCCR2posCD4Tem_STAT5_IFNa,-0.0
CD4Tem_STAT6_IFNa,-0.0
CD4Tem_ERK_IFNa,0.0
CD4Tem_NFkB_IFNa,-0.0
CD4Tem_MAPKAPK2_IFNa,-0.0
CD4Tem_IkB_IFNa,-0.0
CD4Tem_S6_IFNa,-0.0
CD4Tem_STAT3_IFNa,-0.0
CD4Tem_STAT1_IFNa,0.0
CD4Tem_p38_IFNa,-0.0
CD4Tem_STAT5_IFNa,-0.0
CD4Tem_CREB_IFNa,0.0
CCR5posCCR2posCD4Tcm_STAT6_IFNa,-0.0
CCR5posCCR2posCD4Tcm_ERK_IFNa,-0.0
CCR5posCCR2posCD4Tem_MAPKAPK2_IFNa,-0.0
CCR5posCCR2posCD4Tem_NFkB_IFNa,-0.0
CCR5posCCR2posCD4Tem_ERK_IFNa,0.0
Tregs_CREB_IFNa,0.0
Th1_CREB_IFNa,-0.0
Tregs_STAT6_IFNa,-0.0
Tregs_NFkB_IFNa,-0.0
Tregs_MAPKAPK2_IFNa,0.0
Tregs_IkB_IFNa,0.0
Tregs_STAT3_IFNa,-0.0
Tregs_STAT1_IFNa,0.0
Tregs_STAT5_IFNa,-0.0
CD69posCD4Tmem_STAT6_IFNa,-0.0
CCR5posCCR2posCD4Tem_STAT6_IFNa,-0.0
CD69posCD4Tmem_MAPKAPK2_IFNa,-0.0
CD69posCD4Tmem_IkB_IFNa,0.0
CD69posCD4Tmem_S6_IFNa,-0.0
CD69posCD4Tmem_STAT3_IFNa,-0.0
CD69posCD4Tmem_STAT1_IFNa,0.0
CD69posCD4Tmem_p38_IFNa,0.0
CD69posCD4Tmem_STAT5_IFNa,-0.0
CD69posCD4Tmem_CREB_IFNa,0.0
CCR5posCCR2posCD4Tcm_NFkB_IFNa,0.0
CCR5posCCR2posCD4Tcm_IkB_IFNa,0.0
CD8Tnaive_NFkB_IFNa,-0.0
CCR5posCCR2posCD4Tcm_S6_IFNa,0.0
CD4Tmem_STAT1_IFNa,0.0
CD4Tmem_p38_IFNa,0.0
CD4Tmem_STAT5_IFNa,-0.0
CD4Tmem_CREB_IFNa,-0.0
CD62LposCD4Tnaive_STAT6_IFNa,-0.0
CD62LposCD4Tnaive_ERK_IFNa,0.0
CD62LposCD4Tnaive_NFkB_IFNa,-0.0
CD62LposCD4Tnaive_MAPKAPK2_IFNa,0.0
CD62LposCD4Tnaive_IkB_IFNa,-0.0
CD62LposCD4Tnaive_S6_IFNa,-0.0
CD62LposCD4Tnaive_STAT3_IFNa,-0.0
CD62LposCD4Tnaive_STAT1_IFNa,0.0
CD62LposCD4Tnaive_STAT5_IFNa,-0.0
CD62LposCD4Tnaive_CREB_IFNa,-0.0
Granulocytes_STAT5_unstim,-0.0
CD4Tef_NFkB_IFNa,-0.0
CD4Tef_MAPKAPK2_IFNa,-0.0
CD4Tef_IkB_IFNa,-0.0
CD4Tef_S6_IFNa,-0.0
CD4Tmem_STAT3_IFNa,-0.0
CD4Tmem_S6_IFNa,-0.0
CD4Tmem_IkB_IFNa,-0.0
CD4Tcm_IkB_IFNa,-0.0
CCR5posCCR2posCD4Tcm_STAT3_IFNa,-0.0
CCR5posCCR2posCD4Tcm_STAT1_IFNa,0.0
CCR5posCCR2posCD4Tcm_p38_IFNa,-0.0
CCR5posCCR2posCD4Tcm_STAT5_IFNa,-0.0
CD4Tcm_STAT6_IFNa,-0.0
CD4Tcm_ERK_IFNa,0.0
CD4Tcm_NFkB_IFNa,-0.0
CD4Tcm_MAPKAPK2_IFNa,-0.0
CD4Tcm_S6_IFNa,-0.0
CD4Tmem_MAPKAPK2_IFNa,-0.0
CD4Tcm_STAT3_IFNa,-0.0
CD4Tcm_STAT1_IFNa,0.0
CD4Tcm_p38_IFNa,0.0
CD4Tcm_STAT5_IFNa,-0.0
CD4Tcm_CREB_IFNa,-0.0
CD4Tmem_STAT6_IFNa,-0.0
CD4Tmem_ERK_IFNa,0.0
CD4Tmem_NFkB_IFNa,-0.0
Th1_STAT5_IFNa,-0.0
Th1_p38_IFNa,0.0
Th1_STAT1_IFNa,0.0
Th1_STAT3_IFNa,-0.0
CCR5posCCR2posCD8Tem_S6_IFNa,-0.0
CCR5posCCR2posCD8Tem_STAT3_IFNa,-0.0
CCR5posCCR2posCD8Tem_STAT1_IFNa,0.0
CCR5posCCR2posCD8Tem_p38_IFNa,0.0
CCR5posCCR2posCD8Tem_STAT5_IFNa,-0.0
CCR5posCCR2posCD8Tem_CREB_IFNa,0.0
CD8Tem_STAT6_IFNa,-0.0
CD8Tem_ERK_IFNa,0.0
CD8Tem_NFkB_IFNa,-0.0
CD8Tem_MAPKAPK2_IFNa,-0.0
CD8Tem_IkB_IFNa,-0.0
CD8Tem_S6_IFNa,0.0
CD8Tem_STAT3_IFNa,-0.0
CD8Tem_STAT1_IFNa,0.0
CD8Tem_p38_IFNa,0.0
CD8Tem_STAT5_IFNa,-0.0
CD8Tem_CREB_IFNa,-0.0
CCR5posCCR2posCD8Tcm_STAT6_IFNa,-0.0
CCR5posCCR2posCD8Tcm_NFkB_IFNa,-0.0
CCR5posCCR2posCD8Tem_IkB_IFNa,-0.0
CCR5posCCR2posCD8Tem_MAPKAPK2_IFNa,-0.0
CCR5posCCR2posCD8Tem_ERK_IFNa,0.0
CD56loCD16negNK_S6_IL246,-0.0
CD8Tnaive_IkB_IFNa,0.0
CD8Tnaive_S6_IFNa,-0.0
CD8Tnaive_STAT3_IFNa,-0.0
CD8Tnaive_STAT1_IFNa,0.0
CD8Tnaive_p38_IFNa,0.0
CD8Tnaive_STAT5_IFNa,-0.0
CD69posCD8Tmem_STAT6_IFNa,-0.0
CD69posCD8Tmem_ERK_IFNa,0.0
CD69posCD8Tmem_NFkB_IFNa,-0.0
CCR5posCCR2posCD8Tem_STAT6_IFNa,-0.0
CD69posCD8Tmem_MAPKAPK2_IFNa,0.0
CD69posCD8Tmem_IkB_IFNa,-0.0
CD69posCD8Tmem_S6_IFNa,-0.0
CD69posCD8Tmem_STAT3_IFNa,-0.0
CD69posCD8Tmem_STAT1_IFNa,0.0
CD69posCD8Tmem_p38_IFNa,0.0
CD69posCD8Tmem_STAT5_IFNa,-0.0
CD69posCD8Tmem_CREB_IFNa,0.0
CCR5posCCR2posCD8Tcm_MAPKAPK2_IFNa,0.0
CCR5posCCR2posCD8Tcm_IkB_IFNa,-0.0
CCR5posCCR2posCD8Tcm_S6_IFNa,-0.0
CD8Tcells_S6_IFNa,-0.0
CD8Tmem_p38_IFNa,0.0
CD8Tmem_STAT5_IFNa,-0.0
CD8Tmem_CREB_IFNa,0.0
CD8Tcells_STAT6_IFNa,-0.0
CD8Tcells_ERK_IFNa,0.0
CD8Tcells_NFkB_IFNa,-0.0
CD8Tcells_MAPKAPK2_IFNa,0.0
CD8Tcells_IkB_IFNa,-0.0
CD8Tcells_STAT3_IFNa,-0.0
CD8Tmem_STAT3_IFNa,-0.0
CD8Tcells_STAT1_IFNa,0.0
CD8Tcells_p38_IFNa,0.0
CD8Tcells_STAT5_IFNa,-0.0
CD8Tcells_CREB_IFNa,-0.0
Th1_STAT6_IFNa,-0.0
Th1_ERK_IFNa,0.0
Th1_NFkB_IFNa,-0.0
Th1_IkB_IFNa,-0.0
CD8Tmem_STAT1_IFNa,0.0
CD8Tmem_S6_IFNa,-0.0
CCR5posCCR2posCD8Tcm_STAT3_IFNa,-0.0
CD8Tcm_S6_IFNa,-0.0
CCR5posCCR2posCD8Tcm_STAT1_IFNa,0.0
CCR5posCCR2posCD8Tcm_p38_IFNa,0.0
CCR5posCCR2posCD8Tcm_STAT5_IFNa,-0.0
CCR5posCCR2posCD8Tcm_CREB_IFNa,0.0
CD8Tcm_STAT6_IFNa,-0.0
CD8Tcm_ERK_IFNa,0.0
CD8Tcm_NFkB_IFNa,-0.0
CD8Tcm_MAPKAPK2_IFNa,0.0
CD8Tcm_STAT3_IFNa,-0.0
CD8Tmem_IkB_IFNa,-0.0
CD8Tcm_STAT1_IFNa,0.0
CD8Tcm_p38_IFNa,0.0
CD8Tcm_STAT5_IFNa,-0.0
CD8Tcm_CREB_IFNa,0.0
CD8Tmem_STAT6_IFNa,-0.0
CD8Tmem_ERK_IFNa,0.0
CD8Tmem_NFkB_IFNa,-0.0
CD8Tmem_MAPKAPK2_IFNa,0.0
CD56loCD16negNK_STAT3_IL246,0.0
CD69negCD56loCD16negNK_ERK_IL246,-0.0
CD56loCD16negNK_IkB_IL246,0.0
NKT_STAT3_IL246,-0.0
cMCs_MAPKAPK2_LPS,0.0
cMCs_IkB_LPS,0.0
cMCs_S6_LPS,0.0
cMCs_p38_LPS,-0.0
cMCs_CREB_LPS,0.0
Bcells_MAPKAPK2_LPS,0.0
Bcells_S6_LPS,0.0
Granulocytes_ERK_LPS,-0.0
Granulocytes_NFkB_LPS,0.0
Granulocytes_MAPKAPK2_LPS,-0.0
Granulocytes_IkB_LPS,0.0
Granulocytes_S6_LPS,0.0
Granulocytes_p38_LPS,-0.0
Granulocytes_CREB_LPS,-0.0
NKT_STAT6_IL246,0.0
NKT_ERK_IL246,-0.0
NKT_NFkB_IL246,0.0
NKT_MAPKAPK2_IL246,-0.0
NKT_IkB_IL246,-0.0
cMCs_NFkB_LPS,0.0
cMCs_ERK_LPS,0.0
CCR2poscMCs_CREB_LPS,0.0
MDSCs_MAPKAPK2_LPS,-0.0
mDCs_CREB_LPS,0.0
DCs_NFkB_LPS,0.0
DCs_MAPKAPK2_LPS,0.0
DCs_IkB_LPS,0.0
DCs_S6_LPS,0.0
DCs_p38_LPS,0.0
MDSCs_ERK_LPS,0.0
MDSCs_NFkB_LPS,0.0
MDSCs_IkB_LPS,0.0
CCR2poscMCs_p38_LPS,-0.0
MDSCs_S6_LPS,0.0
MDSCs_p38_LPS,-0.0
MDSCs_CREB_LPS,0.0
CCR2poscMCs_ERK_LPS,0.0
CCR2poscMCs_NFkB_LPS,0.0
CCR2poscMCs_MAPKAPK2_LPS,0.0
CCR2poscMCs_IkB_LPS,0.0
CCR2poscMCs_S6_LPS,0.0
NKT_S6_IL246,-0.0
NKT_STAT5_IL246,-0.0
mDCs_S6_LPS,0.0
NKT_CREB_IL246,0.0
CD8Tnaive_IkB_IL246,-0.0
CD8Tnaive_S6_IL246,-0.0
CD8Tnaive_STAT3_IL246,0.0
CD8Tnaive_STAT1_IL246,0.0
CD8Tnaive_STAT5_IL246,-0.0
CD8Tnaive_CREB_IL246,-0.0
CD69posCD8Tmem_STAT6_IL246,0.0
CD69posCD8Tmem_ERK_IL246,-0.0
CD69posCD8Tmem_NFkB_IL246,0.0
CD69posCD8Tmem_MAPKAPK2_IL246,0.0
CD69posCD8Tmem_IkB_IL246,0.0
CD69posCD8Tmem_STAT3_IL246,-0.0
CD69posCD8Tmem_STAT5_IL246,-0.0
CD69posCD8Tmem_CREB_IL246,0.0
CCR5posCCR2posCD8Tem_STAT6_IL246,0.0
CCR5posCCR2posCD8Tem_ERK_IL246,-0.0
CCR5posCCR2posCD8Tem_NFkB_IL246,-0.0
CCR5posCCR2posCD8Tem_IkB_IL246,-0.0
CCR5posCCR2posCD8Tem_STAT3_IL246,-0.0
CD8Tnaive_MAPKAPK2_IL246,-0.0
CD8Tnaive_NFkB_IL246,-0.0
CD8Tnaive_ERK_IL246,-0.0
CD62LposCD8Tnaive_STAT5_IL246,-0.0
CD62LposCD8Tnaive_STAT6_IL246,0.0
CD62LposCD8Tnaive_ERK_IL246,0.0
CD62LposCD8Tnaive_NFkB_IL246,-0.0
CD62LposCD8Tnaive_MAPKAPK2_IL246,0.0
CD62LposCD8Tnaive_IkB_IL246,-0.0
CD62LposCD8Tnaive_S6_IL246,-0.0
CD62LposCD8Tnaive_STAT3_IL246,-0.0
CD62LposCD8Tnaive_STAT1_IL246,0.0
CD62LposCD8Tnaive_CREB_IL246,-0.0
CD8Tnaive_STAT6_IL246,0.0
CD8Tef_STAT6_IL246,0.0
CD8Tef_ERK_IL246,-0.0
CD8Tef_NFkB_IL246,-0.0
CD8Tef_IkB_IL246,-0.0
CD8Tef_S6_IL246,-0.0
CD8Tef_STAT3_IL246,-0.0
CD8Tef_STAT5_IL246,-0.0
CD8Tef_CREB_IL246,0.0
mDCs_p38_LPS,-0.0
mDCs_IkB_LPS,0.0
CD56loCD16negNK_MAPKAPK2_IL246,-0.0
CD69posCD56loCD16negNK_CREB_LPS,0.0
TCRgdposT,0.0
CD69posCD56loCD16negNK,0.0
CD69negCD56loCD16negNK,0.0
CD56loCD16negNK,0.0
CD56hiCD16negNK,-0.0
CCR2negncMCs,0.0
ncMCs,0.0
intMCs,0.0
pDCs,-0.0
DCs,-0.0
CCR2poscMCs,0.0
cMCs,0.0
Tregs_ERK_LPS,-0.0
Tregs_NFkB_LPS,-0.0
Tregs_IkB_LPS,0.0
Tregs_CREB_LPS,0.0
CD69posCD56loCD16negNK_NFkB_LPS,-0.0
CD69posCD56loCD16negNK_MAPKAPK2_LPS,0.0
CD69posCD56loCD16negNK_IkB_LPS,0.0
CD4Tcells,-0.0
CD4posTnaive,0.0
CD4Tef,-0.0
CD8Tmem,-0.0
CD62LposCD8Tnaive,0.0
CD8Tef,-0.0
CD8Tnaive,-0.0
CD69posCD8Tmem,0.0
CCR5posCCR2posCD8Tem,0.0
CD8Tem,-0.0
CCR5posCCR2posCD8Tcm,0.0
CD8Tcm,0.0
CD8Tcells,-0.0
CD62LposCD4Tnaive,0.0
Th1,0.0
Tregs,-0.0
CD69posCD4Tmem,0.0
CCR5posCCR2posCD4Tem,0.0
CD4Tem,-0.0
CCR5posCCR2posCD4Tcm,0.0
CD4Tcm,-0.0
CD4Tmem,-0.0
CD69posCD56loCD16negNK_S6_LPS,-0.0
CD69negCD56loCD16negNK_NFkB_LPS,0.0
mDCs_MAPKAPK2_LPS,0.0
CD69negCD56loCD16negNK_MAPKAPK2_LPS,0.0
ncMCs_NFkB_LPS,0.0
ncMCs_MAPKAPK2_LPS,0.0
ncMCs_IkB_LPS,-0.0
ncMCs_S6_LPS,-0.0
ncMCs_p38_LPS,-0.0
ncMCs_CREB_LPS,0.0
CCR2posintMCs_ERK_LPS,0.0
CCR2posintMCs_NFkB_LPS,0.0
CCR2posintMCs_MAPKAPK2_LPS,-0.0
CCR2posintMCs_S6_LPS,0.0
CCR2posintMCs_p38_LPS,-0.0
CCR2posintMCs_CREB_LPS,0.0
intMCs_ERK_LPS,0.0
intMCs_NFkB_LPS,0.0
intMCs_MAPKAPK2_LPS,0.0
intMCs_IkB_LPS,0.0
intMCs_S6_LPS,0.0
intMCs_p38_LPS,-0.0
intMCs_CREB_LPS,0.0
ncMCs_ERK_LPS,0.0
CCR2negncMCs_CREB_LPS,0.0
CCR2negncMCs_p38_LPS,-0.0
CD56hiCD16negNK_MAPKAPK2_LPS,0.0
CD69negCD56loCD16negNK_IkB_LPS,0.0
CD69negCD56loCD16negNK_CREB_LPS,0.0
CD56loCD16negNK_NFkB_LPS,0.0
CD56loCD16negNK_MAPKAPK2_LPS,0.0
CD56loCD16negNK_IkB_LPS,0.0
CD56loCD16negNK_S6_LPS,0.0
CD56loCD16negNK_CREB_LPS,0.0
CD56hiCD16negNK_NFkB_LPS,-0.0
CD56hiCD16negNK_S6_LPS,0.0
CCR2negncMCs_S6_LPS,-0.0
CD56hiCD16negNK_CREB_LPS,-0.0
NK_NFkB_LPS,0.0
NK_IkB_LPS,0.0
NK_S6_LPS,0.0
CCR2negncMCs_ERK_LPS,0.0
CCR2negncMCs_NFkB_LPS,0.0
CCR2negncMCs_MAPKAPK2_LPS,0.0
CCR2negncMCs_IkB_LPS,-0.0
CCR5posCCR2posCD8Tem_STAT5_IL246,-0.0
CCR5posCCR2posCD8Tem_CREB_IL246,0.0
CD8Tem_STAT6_IL246,0.0
CD4posTnaive_S6_IL246,-0.0
CD62LposCD4Tnaive_MAPKAPK2_IL246,0.0
CD62LposCD4Tnaive_IkB_IL246,-0.0
CD62LposCD4Tnaive_S6_IL246,-0.0
CD62LposCD4Tnaive_STAT3_IL246,-0.0
CD62LposCD4Tnaive_STAT1_IL246,0.0
CD62LposCD4Tnaive_STAT5_IL246,-0.0
CD62LposCD4Tnaive_CREB_IL246,-0.0
CD4Tef_STAT6_IL246,0.0
CD4Tef_ERK_IL246,-0.0
CD4Tef_NFkB_IL246,0.0
CD4Tef_MAPKAPK2_IL246,-0.0
CD4Tef_IkB_IL246,-0.0
CD4Tef_S6_IL246,-0.0
CD4Tef_STAT3_IL246,-0.0
CD4Tef_STAT5_IL246,-0.0
CD4posTnaive_STAT6_IL246,0.0
CD4posTnaive_ERK_IL246,-0.0
CD4posTnaive_NFkB_IL246,-0.0
CD4posTnaive_MAPKAPK2_IL246,0.0
CD62LposCD4Tnaive_NFkB_IL246,-0.0
CD62LposCD4Tnaive_ERK_IL246,0.0
CD62LposCD4Tnaive_STAT6_IL246,0.0
CD4Tcm_STAT5_IL246,-0.0
CCR5posCCR2posCD4Tcm_CREB_IL246,0.0
CD4Tcm_STAT6_IL246,0.0
CD4Tcm_ERK_IL246,-0.0
CD4Tcm_NFkB_IL246,-0.0
CD4Tcm_MAPKAPK2_IL246,-0.0
CD4Tcm_IkB_IL246,-0.0
CD4Tcm_S6_IL246,-0.0
CD4Tcm_STAT3_IL246,-0.0
CD4Tcm_CREB_IL246,0.0
CD4Tmem_CREB_IL246,0.0
CD4Tmem_STAT6_IL246,0.0
CD4Tmem_ERK_IL246,-0.0
CD4Tmem_NFkB_IL246,-0.0
CD4Tmem_MAPKAPK2_IL246,-0.0
CD4Tmem_IkB_IL246,-0.0
CD4Tmem_S6_IL246,-0.0
CD4Tmem_STAT3_IL246,-0.0
CD4Tmem_STAT5_IL246,-0.0
CD4posTnaive_IkB_IL246,-0.0
CD4posTnaive_STAT3_IL246,-0.0
CD8Tem_ERK_IL246,-0.0
CD4posTnaive_STAT1_IL246,0.0
CD69posCD56loCD16negNK_ERK_IL246,0.0
CD69posCD56loCD16negNK_MAPKAPK2_IL246,-0.0
CD69posCD56loCD16negNK_IkB_IL246,-0.0
CD69posCD56loCD16negNK_S6_IL246,-0.0
CD69posCD56loCD16negNK_STAT3_IL246,0.0
CD69posCD56loCD16negNK_STAT5_IL246,0.0
CD69posCD56loCD16negNK_CREB_IL246,0.0
CD69negCD56loCD16negNK_STAT6_IL246,0.0
CD4Tef_STAT1_IFNa,0.0
CD69negCD56loCD16negNK_NFkB_IL246,0.0
CD69negCD56loCD16negNK_MAPKAPK2_IL246,-0.0
CD69negCD56loCD16negNK_IkB_IL246,0.0
CD69negCD56loCD16negNK_S6_IL246,-0.0
CD69negCD56loCD16negNK_STAT3_IL246,0.0
CD69negCD56loCD16negNK_STAT5_IL246,0.0
CD69negCD56loCD16negNK_CREB_IL246,-0.0
CD56loCD16negNK_STAT6_IL246,0.0
CD56loCD16negNK_ERK_IL246,-0.0
CD56loCD16negNK_NFkB_IL246,0.0
CD69posCD56loCD16negNK_STAT6_IL246,0.0
TCRgdposT_CREB_IL246,-0.0
TCRgdposT_STAT5_IL246,-0.0
CD4Tcells_STAT3_IL246,-0.0
CD4posTnaive_STAT5_IL246,-0.0
CD4posTnaive_CREB_IL246,-0.0
CD4Tcells_STAT6_IL246,0.0
CD4Tcells_ERK_IL246,-0.0
CD4Tcells_NFkB_IL246,-0.0
CD4Tcells_MAPKAPK2_IL246,0.0
CD4Tcells_IkB_IL246,-0.0
CD4Tcells_S6_IL246,-0.0
CD4Tcells_STAT1_IL246,0.0
TCRgdposT_STAT3_IL246,0.0
CD4Tcells_STAT5_IL246,-0.0
CD4Tcells_CREB_IL246,0.0
TCRgdposT_STAT6_IL246,0.0
TCRgdposT_ERK_IL246,-0.0
TCRgdposT_NFkB_IL246,-0.0
TCRgdposT_MAPKAPK2_IL246,0.0
TCRgdposT_IkB_IL246,-0.0
TCRgdposT_S6_IL246,-0.0
CCR5posCCR2posCD4Tcm_STAT5_IL246,-0.0
CCR5posCCR2posCD4Tcm_STAT3_IL246,-0.0
CCR5posCCR2posCD4Tcm_S6_IL246,-0.0
CCR5posCCR2posCD4Tcm_MAPKAPK2_IL246,0.0
CD8Tcm_CREB_IL246,-0.0
CD8Tmem_STAT6_IL246,0.0
CD8Tmem_ERK_IL246,-0.0
CD8Tmem_NFkB_IL246,-0.0
CD8Tmem_MAPKAPK2_IL246,0.0
CD8Tmem_IkB_IL246,0.0
CD8Tmem_S6_IL246,-0.0
CD8Tmem_STAT3_IL246,-0.0
CD8Tmem_STAT5_IL246,-0.0
CD8Tmem_CREB_IL246,-0.0
CD8Tcells_STAT6_IL246,0.0
CD8Tcells_ERK_IL246,-0.0
CD8Tcells_NFkB_IL246,-0.0
CD8Tcells_MAPKAPK2_IL246,-0.0
CD8Tcells_IkB_IL246,-0.0
CD8Tcells_S6_IL246,-0.0
CD8Tcells_STAT3_IL246,0.0
CD8Tcells_STAT5_IL246,-0.0
CD8Tcells_CREB_IL246,-0.0
CD8Tcm_STAT5_IL246,-0.0
CD8Tcm_STAT3_IL246,-0.0
CD8Tcm_IkB_IL246,-0.0
CCR5posCCR2posCD8Tcm_ERK_IL246,-0.0
CD8Tem_NFkB_IL246,-0.0
CD8Tem_MAPKAPK2_IL246,0.0
CD8Tem_IkB_IL246,0.0
CD8Tem_S6_IL246,-0.0
CD8Tem_STAT3_IL246,-0.0
CD8Tem_STAT5_IL246,-0.0
CD8Tem_CREB_IL246,0.0
CCR5posCCR2posCD8Tcm_STAT6_IL246,0.0
CCR5posCCR2posCD8Tcm_NFkB_IL246,-0.0
CD8Tcm_MAPKAPK2_IL246,0.0
CCR5posCCR2posCD8Tcm_MAPKAPK2_IL246,-0.0
CCR5posCCR2posCD8Tcm_IkB_IL246,0.0
CCR5posCCR2posCD8Tcm_STAT3_IL246,-0.0
CCR5posCCR2posCD8Tcm_STAT5_IL246,-0.0
CCR5posCCR2posCD8Tcm_CREB_IL246,-0.0
CD8Tcm_STAT6_IL246,0.0
CD8Tcm_ERK_IL246,-0.0
CD8Tcm_NFkB_IL246,-0.0
Th1_STAT6_IL246,0.0
Th1_ERK_IL246,0.0
Th1_NFkB_IL246,-0.0
CD4Tem_ERK_IL246,-0.0
CD69posCD4Tmem_CREB_IL246,0.0
CCR5posCCR2posCD4Tem_STAT6_IL246,0.0
CCR5posCCR2posCD4Tem_ERK_IL246,-0.0
CCR5posCCR2posCD4Tem_NFkB_IL246,-0.0
CCR5posCCR2posCD4Tem_MAPKAPK2_IL246,-0.0
CCR5posCCR2posCD4Tem_STAT5_IL246,-0.0
CCR5posCCR2posCD4Tem_CREB_IL246,0.0
CD4Tem_STAT6_IL246,0.0
CD4Tem_NFkB_IL246,-0.0
CD69posCD4Tmem_STAT3_IL246,-0.0
CD4Tem_MAPKAPK2_IL246,-0.0
CD4Tem_IkB_IL246,-0.0
CD4Tem_S6_IL246,-0.0
CD4Tem_STAT3_IL246,-0.0
CD4Tem_STAT5_IL246,-0.0
CD4Tem_CREB_IL246,0.0
CCR5posCCR2posCD4Tcm_STAT6_IL246,0.0
CCR5posCCR2posCD4Tcm_NFkB_IL246,0.0
CD69posCD4Tmem_STAT5_IL246,-0.0
CD69posCD4Tmem_S6_IL246,-0.0
Th1_MAPKAPK2_IL246,-0.0
Tregs_IkB_IL246,0.0
Th1_IkB_IL246,-0.0
Th1_STAT3_IL246,-0.0
Th1_STAT1_IL246,0.0
Th1_STAT5_IL246,-0.0
Th1_CREB_IL246,0.0
Tregs_STAT6_IL246,0.0
Tregs_NFkB_IL246,-0.0
Tregs_MAPKAPK2_IL246,0.0
Tregs_S6_IL246,0.0
CD69posCD4Tmem_IkB_IL246,0.0
Tregs_STAT3_IL246,-0.0
Tregs_STAT1_IL246,0.0
Tregs_STAT5_IL246,-0.0
Tregs_CREB_IL246,-0.0
CD69posCD4Tmem_STAT6_IL246,0.0
CD69posCD4Tmem_ERK_IL246,0.0
CD69posCD4Tmem_NFkB_IL246,-0.0
CD69posCD4Tmem_MAPKAPK2_IL246,0.0
CD4Tef_STAT3_IFNa,-0.0
CD4Tef_ERK_IFNa,-0.0
CD4Tef_p38_IFNa,0.0
CD4Tcm_STAT6_unstim,-0.0
CD4Tcm_NFkB_unstim,-0.0
CD4Tcm_MAPKAPK2_unstim,-0.0
CD4Tcm_IkB_unstim,-0.0
CD4Tcm_S6_unstim,0.0
CD4Tcm_STAT3_unstim,-0.0
CD4Tcm_STAT1_unstim,-0.0
CD4Tcm_p38_unstim,-0.0
CD4Tcm_STAT5_unstim,0.0
CD4Tcm_CREB_unstim,0.0
CD4Tmem_STAT6_unstim,-0.0
CD4Tmem_ERK_unstim,-0.0
CD4Tmem_NFkB_unstim,-0.0
CD4Tmem_MAPKAPK2_unstim,-0.0
CD4Tmem_IkB_unstim,-0.0
CD4Tmem_S6_unstim,0.0
CD4Tmem_STAT3_unstim,-0.0
CD4Tmem_STAT1_unstim,-0.0
CD4Tmem_p38_unstim,-0.0
CD4Tmem_STAT5_unstim,0.0
CD4Tcm_ERK_unstim,-0.0
CCR5posCCR2posCD4Tcm_CREB_unstim,0.0
CD62LposCD4Tnaive_STAT6_unstim,-0.0
CCR5posCCR2posCD4Tcm_STAT5_unstim,0.0
CCR5posCCR2posCD4Tem_CREB_unstim,0.0
CD4Tem_STAT6_unstim,-0.0
CD4Tem_ERK_unstim,-0.0
CD4Tem_NFkB_unstim,-0.0
CD4Tem_IkB_unstim,-0.0
CD4Tem_S6_unstim,0.0
CD4Tem_STAT3_unstim,-0.0
CD4Tem_STAT1_unstim,-0.0
CD4Tem_p38_unstim,-0.0
CD4Tem_STAT5_unstim,0.0
CD4Tem_CREB_unstim,0.0
CCR5posCCR2posCD4Tcm_STAT6_unstim,-0.0
CCR5posCCR2posCD4Tcm_ERK_unstim,-0.0
CCR5posCCR2posCD4Tcm_NFkB_unstim,-0.0
CCR5posCCR2posCD4Tcm_MAPKAPK2_unstim,-0.0
CCR5posCCR2posCD4Tcm_S6_unstim,0.0
CCR5posCCR2posCD4Tcm_STAT3_unstim,-0.0
CCR5posCCR2posCD4Tcm_STAT1_unstim,-0.0
CCR5posCCR2posCD4Tcm_p38_unstim,-0.0
CD4Tmem_CREB_unstim,0.0
CD62LposCD4Tnaive_ERK_unstim,-0.0
CCR5posCCR2posCD4Tem_p38_unstim,-0.0
CD4posTnaive_S6_unstim,0.0
CD4posTnaive_STAT1_unstim,-0.0
CD4posTnaive_STAT5_unstim,0.0
CD4posTnaive_CREB_unstim,0.0
CD4Tcells_STAT6_unstim,-0.0
CD4Tcells_ERK_unstim,-0.0
CD4Tcells_NFkB_unstim,-0.0
CD4Tcells_MAPKAPK2_unstim,-0.0
CD4Tcells_IkB_unstim,-0.0
CD4Tcells_S6_unstim,0.0
CD4Tcells_STAT3_unstim,0.0
CD4Tcells_STAT1_unstim,-0.0
CD4Tcells_STAT5_unstim,0.0
CD4Tcells_CREB_unstim,0.0
TCRgdposT_STAT6_unstim,-0.0
TCRgdposT_ERK_unstim,-0.0
TCRgdposT_NFkB_unstim,-0.0
TCRgdposT_MAPKAPK2_unstim,-0.0
TCRgdposT_IkB_unstim,-0.0
TCRgdposT_S6_unstim,0.0
CD4posTnaive_STAT3_unstim,0.0
CD4posTnaive_IkB_unstim,-0.0
CD62LposCD4Tnaive_NFkB_unstim,-0.0
CD4posTnaive_MAPKAPK2_unstim,-0.0
CD62LposCD4Tnaive_MAPKAPK2_unstim,-0.0
CD62LposCD4Tnaive_IkB_unstim,-0.0
CD62LposCD4Tnaive_S6_unstim,0.0
CD62LposCD4Tnaive_STAT3_unstim,0.0
CD62LposCD4Tnaive_STAT1_unstim,-0.0
CD62LposCD4Tnaive_CREB_unstim,0.0
CD4Tef_STAT6_unstim,-0.0
CD4Tef_ERK_unstim,-0.0
CD4Tef_NFkB_unstim,-0.0
CD4Tef_MAPKAPK2_unstim,-0.0
CD4Tef_IkB_unstim,-0.0
CD4Tef_S6_unstim,0.0
CD4Tef_STAT3_unstim,0.0
CD4Tef_STAT1_unstim,-0.0
CD4Tef_p38_unstim,0.0
CD4Tef_STAT5_unstim,0.0
CD4posTnaive_STAT6_unstim,-0.0
CD4posTnaive_ERK_unstim,-0.0
CD4posTnaive_NFkB_unstim,-0.0
CCR5posCCR2posCD4Tem_STAT5_unstim,0.0
CCR5posCCR2posCD4Tem_STAT1_unstim,-0.0
CCR5posCCR2posCD8Tem_CREB_unstim,-0.0
CD8Tcm_ERK_unstim,-0.0
CD8Tcm_MAPKAPK2_unstim,-0.0
CD8Tcm_IkB_unstim,-0.0
CD8Tcm_S6_unstim,0.0
CD8Tcm_STAT3_unstim,-0.0
CD8Tcm_STAT1_unstim,-0.0
CD8Tcm_p38_unstim,-0.0
CD8Tcm_STAT5_unstim,-0.0
CD8Tcm_CREB_unstim,0.0
CD8Tmem_STAT6_unstim,-0.0
CD8Tmem_ERK_unstim,-0.0
CD8Tmem_NFkB_unstim,-0.0
CD8Tmem_MAPKAPK2_unstim,-0.0
CD8Tmem_IkB_unstim,-0.0
CD8Tmem_S6_unstim,0.0
CD8Tmem_STAT3_unstim,-0.0
CD8Tmem_STAT1_unstim,-0.0
CD8Tmem_p38_unstim,-0.0
CD8Tmem_STAT5_unstim,-0.0
CD8Tmem_CREB_unstim,0.0
CD8Tcm_NFkB_unstim,-0.0
CD8Tcm_STAT6_unstim,-0.0
CD8Tcells_ERK_unstim,-0.0
CCR5posCCR2posCD8Tcm_CREB_unstim,-0.0
CD8Tem_ERK_unstim,-0.0
CD8Tem_NFkB_unstim,-0.0
CD8Tem_MAPKAPK2_unstim,-0.0
CD8Tem_IkB_unstim,0.0
CD8Tem_S6_unstim,0.0
CD8Tem_STAT3_unstim,-0.0
CD8Tem_STAT1_unstim,-0.0
CD8Tem_p38_unstim,-0.0
CD4Tef_STAT5_IFNa,-0.0
CD8Tem_CREB_unstim,0.0
CCR5posCCR2posCD8Tcm_ERK_unstim,-0.0
CCR5posCCR2posCD8Tcm_NFkB_unstim,-0.0
CCR5posCCR2posCD8Tcm_MAPKAPK2_unstim,-0.0
CCR5posCCR2posCD8Tcm_IkB_unstim,-0.0
CCR5posCCR2posCD8Tcm_S6_unstim,0.0
CCR5posCCR2posCD8Tcm_STAT3_unstim,-0.0
CCR5posCCR2posCD8Tcm_STAT1_unstim,-0.0
CCR5posCCR2posCD8Tcm_p38_unstim,-0.0
CCR5posCCR2posCD8Tcm_STAT5_unstim,-0.0
CD8Tcells_STAT6_unstim,-0.0
CD8Tcells_NFkB_unstim,-0.0
CCR5posCCR2posCD4Tem_STAT3_unstim,-0.0
Tregs_S6_unstim,-0.0
Tregs_STAT1_unstim,-0.0
Tregs_STAT5_unstim,0.0
Tregs_CREB_unstim,-0.0
CD69posCD4Tmem_STAT6_unstim,-0.0
CD69posCD4Tmem_ERK_unstim,-0.0
CD69posCD4Tmem_NFkB_unstim,-0.0
CD69posCD4Tmem_IkB_unstim,-0.0
CD69posCD4Tmem_S6_unstim,0.0
CD69posCD4Tmem_STAT3_unstim,-0.0
CD69posCD4Tmem_STAT1_unstim,-0.0
CD69posCD4Tmem_p38_unstim,-0.0
CD69posCD4Tmem_STAT5_unstim,0.0
CD69posCD4Tmem_CREB_unstim,0.0
CCR5posCCR2posCD4Tem_STAT6_unstim,-0.0
CCR5posCCR2posCD4Tem_ERK_unstim,-0.0
CCR5posCCR2posCD4Tem_NFkB_unstim,-0.0
CCR5posCCR2posCD4Tem_MAPKAPK2_unstim,-0.0
CCR5posCCR2posCD4Tem_IkB_unstim,-0.0
CCR5posCCR2posCD4Tem_S6_unstim,0.0
Tregs_STAT3_unstim,-0.0
Tregs_IkB_unstim,-0.0
CD8Tcells_MAPKAPK2_unstim,-0.0
Tregs_NFkB_unstim,-0.0
CD8Tcells_IkB_unstim,-0.0
CD8Tcells_S6_unstim,0.0
CD8Tcells_STAT3_unstim,-0.0
CD8Tcells_STAT1_unstim,-0.0
CD8Tcells_p38_unstim,-0.0
CD8Tcells_STAT5_unstim,0.0
CD8Tcells_CREB_unstim,0.0
Th1_STAT6_unstim,-0.0
Th1_ERK_unstim,-0.0
Th1_NFkB_unstim,-0.0
Th1_MAPKAPK2_unstim,0.0
Th1_IkB_unstim,0.0
Th1_S6_unstim,0.0
Th1_STAT3_unstim,0.0
Th1_STAT1_unstim,-0.0
Th1_STAT5_unstim,0.0
Th1_CREB_unstim,0.0
Tregs_STAT6_unstim,-0.0
Tregs_ERK_unstim,-0.0
TCRgdposT_STAT3_unstim,-0.0
TCRgdposT_STAT1_unstim,-0.0
TCRgdposT_p38_unstim,-0.0
mDCs_IkB_unstim,-0.0
mDCs_STAT3_unstim,-0.0
mDCs_STAT1_unstim,-0.0
mDCs_p38_unstim,-0.0
mDCs_STAT5_unstim,-0.0
mDCs_CREB_unstim,-0.0
DCs_STAT6_unstim,-0.0
DCs_NFkB_unstim,-0.0
DCs_MAPKAPK2_unstim,-0.0
DCs_IkB_unstim,-0.0
DCs_S6_unstim,0.0
DCs_STAT3_unstim,-0.0
DCs_STAT1_unstim,-0.0
DCs_p38_unstim,-0.0
DCs_STAT5_unstim,-0.0
DCs_CREB_unstim,0.0
MDSCs_STAT6_unstim,-0.0
MDSCs_ERK_unstim,-0.0
MDSCs_NFkB_unstim,-0.0
MDSCs_MAPKAPK2_unstim,-0.0
mDCs_S6_unstim,-0.0
mDCs_MAPKAPK2_unstim,-0.0
MDSCs_S6_unstim,-0.0
mDCs_NFkB_unstim,-0.0
intMCs_IkB_unstim,0.0
intMCs_S6_unstim,0.0
intMCs_STAT3_unstim,-0.0
intMCs_STAT1_unstim,-0.0
intMCs_p38_unstim,0.0
intMCs_STAT5_unstim,-0.0
intMCs_CREB_unstim,-0.0
pDCs_STAT6_unstim,-0.0
pDCs_ERK_unstim,0.0
pDCs_NFkB_unstim,-0.0
pDCs_MAPKAPK2_unstim,-0.0
pDCs_IkB_unstim,0.0
pDCs_S6_unstim,-0.0
pDCs_STAT3_unstim,-0.0
pDCs_STAT1_unstim,-0.0
pDCs_STAT5_unstim,-0.0
pDCs_CREB_unstim,-0.0
mDCs_STAT6_unstim,-0.0
mDCs_ERK_unstim,0.0
MDSCs_IkB_unstim,-0.0
MDSCs_STAT3_unstim,-0.0
TCRgdposT_STAT5_unstim,-0.0
cMCs_STAT1_unstim,-0.0
cMCs_STAT5_unstim,-0.0
cMCs_CREB_unstim,-0.0
Bcells_STAT6_unstim,-0.0
Bcells_ERK_unstim,-0.0
Bcells_NFkB_unstim,-0.0
Bcells_MAPKAPK2_unstim,-0.0
Bcells_IkB_unstim,-0.0
Bcells_S6_unstim,0.0
Bcells_STAT3_unstim,-0.0
Bcells_STAT1_unstim,-0.0
Bcells_STAT5_unstim,-0.0
Bcells_CREB_unstim,0.0
Granulocytes_STAT6_unstim,-0.0
Granulocytes_ERK_unstim,0.0
Granulocytes_NFkB_unstim,-0.0
Granulocytes_IkB_unstim,-0.0
Granulocytes_S6_unstim,-0.0
Granulocytes_STAT3_unstim,-0.0
Granulocytes_STAT1_unstim,-0.0
cMCs_p38_unstim,0.0
cMCs_STAT3_unstim,-0.0
MDSCs_STAT1_unstim,-0.0
cMCs_S6_unstim,-0.0
MDSCs_p38_unstim,0.0
MDSCs_STAT5_unstim,-0.0
MDSCs_CREB_unstim,-0.0
CCR2poscMCs_STAT6_unstim,-0.0
CCR2poscMCs_ERK_unstim,0.0
CCR2poscMCs_NFkB_unstim,-0.0
CCR2poscMCs_MAPKAPK2_unstim,-0.0
CCR2poscMCs_IkB_unstim,-0.0
CCR2poscMCs_S6_unstim,-0.0
CCR2poscMCs_STAT3_unstim,-0.0
CCR2poscMCs_STAT1_unstim,-0.0
CCR2poscMCs_p38_unstim,0.0
CCR2poscMCs_STAT5_unstim,-0.0
CCR2poscMCs_CREB_unstim,-0.0
cMCs_STAT6_unstim,-0.0
cMCs_ERK_unstim,0.0
cMCs_NFkB_unstim,-0.0
cMCs_MAPKAPK2_unstim,-0.0
cMCs_IkB_unstim,-0.0
intMCs_MAPKAPK2_unstim,-0.0
intMCs_NFkB_unstim,-0.0
intMCs_ERK_unstim,0.0
CD69negCD56loCD16negNK_CREB_unstim,0.0
CD56loCD16negNK_ERK_unstim,-0.0
CD56loCD16negNK_NFkB_unstim,-0.0
CD56loCD16negNK_MAPKAPK2_unstim,-0.0
CD56loCD16negNK_IkB_unstim,-0.0
CD56loCD16negNK_S6_unstim,0.0
CD56loCD16negNK_STAT3_unstim,-0.0
CD56loCD16negNK_STAT1_unstim,-0.0
CD56loCD16negNK_p38_unstim,-0.0
CD56loCD16negNK_STAT5_unstim,-0.0
CD56loCD16negNK_CREB_unstim,0.0
CD56hiCD16negNK_STAT6_unstim,-0.0
CD56hiCD16negNK_ERK_unstim,0.0
CD56hiCD16negNK_NFkB_unstim,0.0
CD56hiCD16negNK_MAPKAPK2_unstim,-0.0
CD56hiCD16negNK_IkB_unstim,-0.0
CD56hiCD16negNK_S6_unstim,-0.0
CD56hiCD16negNK_STAT3_unstim,-0.0
CD56hiCD16negNK_STAT1_unstim,-0.0
CD56hiCD16negNK_p38_unstim,-0.0
CD56loCD16negNK_STAT6_unstim,-0.0
CD69negCD56loCD16negNK_STAT5_unstim,-0.0
intMCs_STAT6_unstim,-0.0
CD69negCD56loCD16negNK_p38_unstim,-0.0
TCRgdposT_CREB_unstim,0.0
CD69posCD56loCD16negNK_STAT6_unstim,-0.0
CD69posCD56loCD16negNK_ERK_unstim,0.0
CD69posCD56loCD16negNK_NFkB_unstim,-0.0
CD69posCD56loCD16negNK_IkB_unstim,-0.0
CD69posCD56loCD16negNK_S6_unstim,0.0
CD69posCD56loCD16negNK_STAT3_unstim,-0.0
CD69posCD56loCD16negNK_STAT1_unstim,-0.0
CD69posCD56loCD16negNK_p38_unstim,-0.0
CD69posCD56loCD16negNK_STAT5_unstim,-0.0
CD69posCD56loCD16negNK_CREB_unstim,-0.0
CD69negCD56loCD16negNK_STAT6_unstim,-0.0
CD69negCD56loCD16negNK_ERK_unstim,-0.0
CD69negCD56loCD16negNK_NFkB_unstim,-0.0
CD69negCD56loCD16negNK_MAPKAPK2_unstim,-0.0
CD69negCD56loCD16negNK_IkB_unstim,-0.0
CD69negCD56loCD16negNK_S6_unstim,0.0
CD69negCD56loCD16negNK_STAT3_unstim,-0.0
CD69negCD56loCD16negNK_STAT1_unstim,-0.0
CD56hiCD16negNK_STAT5_unstim,0.0
CD56hiCD16negNK_CREB_unstim,0.0
NK_STAT6_unstim,-0.0
NK_ERK_unstim,-0.0
ncMCs_NFkB_unstim,0.0
ncMCs_IkB_unstim,0.0
ncMCs_S6_unstim,-0.0
ncMCs_STAT3_unstim,0.0
ncMCs_STAT1_unstim,-0.0
ncMCs_p38_unstim,-0.0
ncMCs_STAT5_unstim,-0.0
ncMCs_CREB_unstim,-0.0
CCR2posintMCs_STAT6_unstim,-0.0
CCR2posintMCs_ERK_unstim,0.0
CCR2posintMCs_NFkB_unstim,-0.0
CCR2posintMCs_MAPKAPK2_unstim,-0.0
CCR2posintMCs_IkB_unstim,-0.0
CCR2posintMCs_S6_unstim,-0.0
CCR2posintMCs_STAT3_unstim,-0.0
CCR2posintMCs_STAT1_unstim,-0.0
CCR2posintMCs_p38_unstim,0.0
CCR2posintMCs_STAT5_unstim,-0.0
CCR2posintMCs_CREB_unstim,-0.0
ncMCs_ERK_unstim,-0.0
ncMCs_STAT6_unstim,-0.0
CCR2negncMCs_CREB_unstim,-0.0
NK_CREB_unstim,0.0
NK_NFkB_unstim,-0.0
NK_MAPKAPK2_unstim,-0.0
NK_IkB_unstim,-0.0
NK_S6_unstim,0.0
NK_STAT3_unstim,-0.0
NK_STAT1_unstim,-0.0
NK_p38_unstim,-0.0
NK_STAT5_unstim,-0.0
CCR2negncMCs_STAT6_unstim,-0.0
CCR2negncMCs_STAT5_unstim,-0.0
CCR2negncMCs_ERK_unstim,-0.0
CCR2negncMCs_NFkB_unstim,0.0
CCR2negncMCs_MAPKAPK2_unstim,-0.0
CCR2negncMCs_IkB_unstim,0.0
CCR2negncMCs_S6_unstim,-0.0
CCR2negncMCs_STAT3_unstim,0.0
CCR2negncMCs_STAT1_unstim,-0.0
CCR2negncMCs_p38_unstim,-0.0
CD8Tem_STAT6_unstim,-0.0
CD8Tem_STAT5_unstim,-0.0
CCR5posCCR2posCD8Tem_STAT5_unstim,-0.0
pDCs_IkB_IFNa,-0.0
pDCs_STAT3_IFNa,-0.0
pDCs_STAT1_IFNa,0.0
pDCs_STAT5_IFNa,-0.0
pDCs_CREB_IFNa,-0.0
mDCs_STAT6_IFNa,-0.0
mDCs_NFkB_IFNa,0.0
mDCs_IkB_IFNa,0.0
mDCs_S6_IFNa,-0.0
mDCs_STAT3_IFNa,-0.0
mDCs_STAT1_IFNa,0.0
mDCs_STAT5_IFNa,-0.0
mDCs_CREB_IFNa,0.0
DCs_NFkB_IFNa,0.0
DCs_MAPKAPK2_IFNa,-0.0
DCs_IkB_IFNa,0.0
DCs_S6_IFNa,0.0
DCs_STAT3_IFNa,-0.0
DCs_STAT1_IFNa,0.0
DCs_STAT5_IFNa,-0.0
pDCs_S6_IFNa,0.0
pDCs_MAPKAPK2_IFNa,0.0
ncMCs_CREB_IFNa,0.0
pDCs_NFkB_IFNa,-0.0
CCR2posintMCs_ERK_IFNa,0.0
CCR2posintMCs_NFkB_IFNa,0.0
CCR2posintMCs_IkB_IFNa,0.0
CCR2posintMCs_S6_IFNa,-0.0
CCR2posintMCs_STAT3_IFNa,-0.0
CCR2posintMCs_STAT1_IFNa,0.0
CCR2posintMCs_p38_IFNa,-0.0
CCR2posintMCs_STAT5_IFNa,0.0
intMCs_STAT6_IFNa,-0.0
intMCs_ERK_IFNa,0.0
intMCs_NFkB_IFNa,0.0
intMCs_IkB_IFNa,0.0
intMCs_S6_IFNa,-0.0
intMCs_STAT3_IFNa,-0.0
intMCs_STAT1_IFNa,0.0
intMCs_p38_IFNa,0.0
intMCs_STAT5_IFNa,0.0
intMCs_CREB_IFNa,0.0
pDCs_STAT6_IFNa,-0.0
DCs_CREB_IFNa,-0.0
MDSCs_STAT6_IFNa,-0.0
MDSCs_ERK_IFNa,-0.0
MDSCs_NFkB_IFNa,0.0
cMCs_STAT3_IFNa,-0.0
cMCs_STAT1_IFNa,0.0
cMCs_p38_IFNa,0.0
cMCs_STAT5_IFNa,0.0
cMCs_CREB_IFNa,0.0
Bcells_STAT6_IFNa,-0.0
Bcells_NFkB_IFNa,-0.0
Bcells_MAPKAPK2_IFNa,0.0
Bcells_IkB_IFNa,-0.0
Bcells_STAT3_IFNa,-0.0
CCR5posCCR2posCD8Tem_p38_unstim,-0.0
Bcells_STAT5_IFNa,0.0
Bcells_CREB_IFNa,-0.0
Granulocytes_STAT6_IFNa,-0.0
Granulocytes_ERK_IFNa,-0.0
Granulocytes_NFkB_IFNa,0.0
Granulocytes_S6_IFNa,0.0
Granulocytes_STAT3_IFNa,-0.0
Granulocytes_STAT5_IFNa,-0.0
cMCs_S6_IFNa,0.0
cMCs_IkB_IFNa,0.0
cMCs_NFkB_IFNa,0.0
CCR2poscMCs_ERK_IFNa,0.0
MDSCs_IkB_IFNa,-0.0
MDSCs_S6_IFNa,-0.0
MDSCs_STAT3_IFNa,-0.0
MDSCs_STAT1_IFNa,0.0
MDSCs_p38_IFNa,0.0
MDSCs_STAT5_IFNa,0.0
MDSCs_CREB_IFNa,0.0
CCR2poscMCs_STAT6_IFNa,-0.0
CCR2poscMCs_NFkB_IFNa,0.0
cMCs_ERK_IFNa,0.0
CCR2poscMCs_IkB_IFNa,0.0
CCR2poscMCs_S6_IFNa,0.0
CCR2poscMCs_STAT3_IFNa,-0.0
CCR2poscMCs_STAT1_IFNa,0.0
CCR2poscMCs_p38_IFNa,0.0
CCR2poscMCs_STAT5_IFNa,0.0
CCR2poscMCs_CREB_IFNa,0.0
cMCs_STAT6_IFNa,-0.0
CCR2posintMCs_STAT6_IFNa,-0.0
ncMCs_STAT5_IFNa,-0.0
CCR2negncMCs_STAT6_GMCSF,0.0
TCRgdposT_ERK_IFNa,-0.0
TCRgdposT_MAPKAPK2_IFNa,0.0
TCRgdposT_IkB_IFNa,-0.0
TCRgdposT_S6_IFNa,-0.0
TCRgdposT_STAT3_IFNa,-0.0
TCRgdposT_STAT1_IFNa,0.0
TCRgdposT_p38_IFNa,-0.0
TCRgdposT_STAT5_IFNa,-0.0
TCRgdposT_CREB_IFNa,-0.0
CD69posCD56loCD16negNK_STAT6_IFNa,-0.0
CD69posCD56loCD16negNK_NFkB_IFNa,-0.0
CD69posCD56loCD16negNK_MAPKAPK2_IFNa,-0.0
CD69posCD56loCD16negNK_IkB_IFNa,-0.0
CD69posCD56loCD16negNK_STAT3_IFNa,-0.0
CD69posCD56loCD16negNK_p38_IFNa,-0.0
CD69posCD56loCD16negNK_STAT5_IFNa,-0.0
CD69posCD56loCD16negNK_CREB_IFNa,0.0
CD69negCD56loCD16negNK_STAT6_IFNa,-0.0
CD69negCD56loCD16negNK_NFkB_IFNa,0.0
CD69negCD56loCD16negNK_MAPKAPK2_IFNa,0.0
TCRgdposT_NFkB_IFNa,-0.0
TCRgdposT_STAT6_IFNa,-0.0
ncMCs_STAT1_IFNa,-0.0
CD4Tcells_CREB_IFNa,-0.0
CD4posTnaive_STAT6_IFNa,-0.0
CD4posTnaive_ERK_IFNa,0.0
CD4posTnaive_NFkB_IFNa,-0.0
CD4posTnaive_MAPKAPK2_IFNa,0.0
CD4posTnaive_IkB_IFNa,-0.0
CD4posTnaive_S6_IFNa,-0.0
CD4posTnaive_STAT3_IFNa,-0.0
CD4posTnaive_STAT1_IFNa,0.0
CD4posTnaive_STAT5_IFNa,-0.0
CD4posTnaive_CREB_IFNa,-0.0
CD4Tcells_STAT6_IFNa,-0.0
CD4Tcells_ERK_IFNa,0.0
CD4Tcells_NFkB_IFNa,-0.0
CD4Tcells_MAPKAPK2_IFNa,0.0
CD4Tcells_IkB_IFNa,-0.0
CD4Tcells_S6_IFNa,-0.0
CD4Tcells_STAT3_IFNa,-0.0
CD4Tcells_STAT1_IFNa,0.0
CD4Tcells_STAT5_IFNa,-0.0
CD69negCD56loCD16negNK_IkB_IFNa,-0.0
CD69negCD56loCD16negNK_S6_IFNa,0.0
CD69negCD56loCD16negNK_STAT3_IFNa,-0.0
CD69negCD56loCD16negNK_p38_IFNa,-0.0
NK_MAPKAPK2_IFNa,0.0
NK_IkB_IFNa,-0.0
NK_S6_IFNa,-0.0
NK_STAT3_IFNa,-0.0
NK_p38_IFNa,-0.0
NK_STAT5_IFNa,-0.0
NK_CREB_IFNa,0.0
CCR2negncMCs_STAT6_IFNa,0.0
CCR2negncMCs_NFkB_IFNa,-0.0
CCR2negncMCs_S6_IFNa,0.0
CCR2negncMCs_STAT3_IFNa,-0.0
CCR2negncMCs_STAT1_IFNa,-0.0
CCR2negncMCs_STAT5_IFNa,-0.0
CCR2negncMCs_CREB_IFNa,0.0
ncMCs_STAT6_IFNa,-0.0
ncMCs_NFkB_IFNa,-0.0
ncMCs_IkB_IFNa,0.0
ncMCs_S6_IFNa,0.0
ncMCs_STAT3_IFNa,-0.0
NK_NFkB_IFNa,-0.0
CD56hiCD16negNK_CREB_IFNa,-0.0
CD56hiCD16negNK_STAT5_IFNa,-0.0
CD56loCD16negNK_STAT1_IFNa,0.0
CD69negCD56loCD16negNK_STAT5_IFNa,-0.0
CD69negCD56loCD16negNK_CREB_IFNa,0.0
CD56loCD16negNK_STAT6_IFNa,-0.0
CD56loCD16negNK_NFkB_IFNa,-0.0
CD56loCD16negNK_MAPKAPK2_IFNa,0.0
CD56loCD16negNK_IkB_IFNa,-0.0
CD56loCD16negNK_S6_IFNa,0.0
CD56loCD16negNK_STAT3_IFNa,-0.0
CD56loCD16negNK_p38_IFNa,-0.0
CD56hiCD16negNK_STAT1_IFNa,0.0
CD56loCD16negNK_STAT5_IFNa,-0.0
CD56loCD16negNK_CREB_IFNa,0.0
CD56hiCD16negNK_STAT6_IFNa,-0.0
CD56hiCD16negNK_NFkB_IFNa,-0.0
CD56hiCD16negNK_MAPKAPK2_IFNa,0.0
CD56hiCD16negNK_IkB_IFNa,0.0
CD56hiCD16negNK_S6_IFNa,0.0
CD56hiCD16negNK_STAT3_IFNa,-0.0
Granulocytes_CREB_IFNa,0.0
Bcells_STAT1_IFNa,0.0
CCR2negncMCs_ERK_GMCSF,-0.0
cMCs_S6_GMCSF,-0.0
CCR2negncMCs_NFkB_GMCSF,-0.0
CD8Tnaive_S6_unstim,0.0
CCR2poscMCs_CREB_GMCSF,-0.0
cMCs_ERK_GMCSF,-0.0
cMCs_NFkB_GMCSF,-0.0
cMCs_MAPKAPK2_GMCSF,-0.0
cMCs_IkB_GMCSF,0.0
CD8Tnaive_IkB_unstim,-0.0
CCR2poscMCs_STAT5_GMCSF,-0.0
cMCs_STAT3_GMCSF,0.0
cMCs_p38_GMCSF,-0.0
cMCs_STAT5_GMCSF,-0.0
CD8Tnaive_MAPKAPK2_unstim,-0.0
CD8Tnaive_NFkB_unstim,-0.0
cMCs_CREB_GMCSF,-0.0
Granulocytes_STAT6_GMCSF,-0.0
CD8Tnaive_STAT3_unstim,-0.0
CCR2poscMCs_p38_GMCSF,0.0
Granulocytes_NFkB_GMCSF,-0.0
CD8Tnaive_p38_unstim,-0.0
CD69posCD8Tmem_STAT6_unstim,-0.0
CD8Tnaive_CREB_unstim,0.0
MDSCs_IkB_GMCSF,0.0
MDSCs_S6_GMCSF,-0.0
MDSCs_STAT3_GMCSF,0.0
CD8Tnaive_STAT5_unstim,0.0
MDSCs_p38_GMCSF,0.0
MDSCs_STAT5_GMCSF,-0.0
CCR2poscMCs_STAT3_GMCSF,0.0
MDSCs_CREB_GMCSF,-0.0
CCR2poscMCs_ERK_GMCSF,-0.0
CCR2poscMCs_NFkB_GMCSF,-0.0
CCR2poscMCs_MAPKAPK2_GMCSF,-0.0
CCR2poscMCs_IkB_GMCSF,0.0
CCR2poscMCs_S6_GMCSF,-0.0
CD8Tnaive_STAT1_unstim,-0.0
Granulocytes_ERK_GMCSF,-0.0
Granulocytes_MAPKAPK2_GMCSF,-0.0
CD8Tef_STAT1_unstim,-0.0
CD62LposCD8Tnaive_p38_unstim,-0.0
CD62LposCD8Tnaive_ERK_unstim,-0.0
CD62LposCD8Tnaive_NFkB_unstim,-0.0
CD62LposCD8Tnaive_MAPKAPK2_unstim,-0.0
CD62LposCD8Tnaive_IkB_unstim,-0.0
CD62LposCD8Tnaive_S6_unstim,0.0
CD62LposCD8Tnaive_STAT3_unstim,-0.0
CD62LposCD8Tnaive_STAT1_unstim,-0.0
CD62LposCD8Tnaive_STAT5_unstim,0.0
NKT_CREB_unstim,-0.0
CD62LposCD8Tnaive_CREB_unstim,0.0
CD8Tef_STAT6_unstim,-0.0
CD8Tef_ERK_unstim,-0.0
CD8Tef_NFkB_unstim,-0.0
CD8Tef_MAPKAPK2_unstim,-0.0
CD8Tef_IkB_unstim,-0.0
CD8Tef_S6_unstim,0.0
CD62LposCD8Tnaive_STAT6_unstim,-0.0
NKT_STAT5_unstim,-0.0
CD8Tnaive_ERK_unstim,-0.0
CD8Tef_STAT5_unstim,-0.0
Granulocytes_IkB_GMCSF,0.0
Granulocytes_S6_GMCSF,-0.0
Granulocytes_STAT3_GMCSF,-0.0
Granulocytes_p38_GMCSF,-0.0
CD8Tnaive_STAT6_unstim,-0.0
Granulocytes_STAT5_GMCSF,-0.0
CD8Tef_CREB_unstim,0.0
NKT_STAT6_unstim,-0.0
NKT_p38_unstim,-0.0
NKT_ERK_unstim,-0.0
NKT_NFkB_unstim,-0.0
CD8Tef_p38_unstim,-0.0
NKT_IkB_unstim,0.0
NKT_S6_unstim,0.0
NKT_STAT3_unstim,-0.0
NKT_STAT1_unstim,-0.0
CD69posCD8Tmem_ERK_unstim,-0.0
MDSCs_MAPKAPK2_GMCSF,-0.0
MDSCs_NFkB_GMCSF,-0.0
CD69posCD8Tmem_STAT5_unstim,-0.0
CCR5posCCR2posCD8Tem_STAT6_unstim,-0.0
ncMCs_STAT3_GMCSF,-0.0
ncMCs_p38_GMCSF,-0.0
ncMCs_STAT5_GMCSF,-0.0
CD69posCD8Tmem_CREB_unstim,0.0
CCR2posintMCs_ERK_GMCSF,-0.0
CCR2posintMCs_NFkB_GMCSF,-0.0
CCR2posintMCs_MAPKAPK2_GMCSF,-0.0
ncMCs_S6_GMCSF,0.0
CCR2posintMCs_IkB_GMCSF,0.0
CD69posCD8Tmem_p38_unstim,-0.0
CCR2posintMCs_S6_GMCSF,-0.0
CCR2posintMCs_STAT3_GMCSF,0.0
CCR2posintMCs_p38_GMCSF,-0.0
CCR2posintMCs_STAT5_GMCSF,-0.0
CCR2posintMCs_CREB_GMCSF,-0.0
CCR5posCCR2posCD8Tem_ERK_unstim,-0.0
ncMCs_IkB_GMCSF,-0.0
MDSCs_ERK_GMCSF,-0.0
CCR5posCCR2posCD8Tem_S6_unstim,0.0
CCR2negncMCs_MAPKAPK2_GMCSF,-0.0
CCR5posCCR2posCD8Tem_STAT1_unstim,-0.0
CCR2negncMCs_IkB_GMCSF,-0.0
CCR5posCCR2posCD8Tem_STAT3_unstim,-0.0
CCR2negncMCs_S6_GMCSF,0.0
CCR2negncMCs_STAT3_GMCSF,-0.0
CCR2negncMCs_p38_GMCSF,-0.0
CCR2negncMCs_STAT5_GMCSF,-0.0
CCR5posCCR2posCD8Tem_NFkB_unstim,-0.0
CCR2negncMCs_CREB_GMCSF,-0.0
ncMCs_STAT6_GMCSF,0.0
CCR5posCCR2posCD8Tem_IkB_unstim,-0.0
ncMCs_ERK_GMCSF,-0.0
ncMCs_NFkB_GMCSF,-0.0
CCR5posCCR2posCD8Tem_MAPKAPK2_unstim,-0.0
ncMCs_MAPKAPK2_GMCSF,-0.0
intMCs_ERK_GMCSF,-0.0
CD69posCD8Tmem_STAT1_unstim,-0.0
intMCs_NFkB_GMCSF,-0.0
DCs_ERK_GMCSF,0.0
mDCs_IkB_GMCSF,0.0
mDCs_S6_GMCSF,-0.0
mDCs_STAT3_GMCSF,0.0
mDCs_p38_GMCSF,0.0
mDCs_STAT5_GMCSF,-0.0
mDCs_CREB_GMCSF,-0.0
CD69posCD8Tmem_MAPKAPK2_unstim,-0.0
DCs_NFkB_GMCSF,0.0
intMCs_MAPKAPK2_GMCSF,-0.0
DCs_MAPKAPK2_GMCSF,0.0
CD69posCD8Tmem_NFkB_unstim,-0.0
DCs_IkB_GMCSF,0.0
DCs_S6_GMCSF,0.0
DCs_STAT3_GMCSF,0.0
DCs_STAT5_GMCSF,0.0
DCs_CREB_GMCSF,0.0
CD69posCD8Tmem_IkB_unstim,-0.0
mDCs_MAPKAPK2_GMCSF,-0.0
mDCs_NFkB_GMCSF,0.0
mDCs_ERK_GMCSF,-0.0
intMCs_IkB_GMCSF,-0.0
intMCs_S6_GMCSF,-0.0
intMCs_STAT3_GMCSF,0.0
intMCs_p38_GMCSF,-0.0
intMCs_STAT5_GMCSF,-0.0
intMCs_CREB_GMCSF,-0.0
pDCs_STAT6_GMCSF,-0.0
pDCs_ERK_GMCSF,0.0
pDCs_NFkB_GMCSF,-0.0
CD69posCD8Tmem_STAT3_unstim,-0.0
pDCs_IkB_GMCSF,0.0
pDCs_STAT3_GMCSF,0.0
pDCs_p38_GMCSF,-0.0
pDCs_STAT5_GMCSF,-0.0
pDCs_CREB_GMCSF,-0.0
CD69posCD8Tmem_S6_unstim,0.0
CD8Tef_STAT3_unstim,-0.0
CD4Tef_CREB_IL246,-0.036610481582970554
DCs_MAPKAPK2_IL246,-0.0669327865745792
NK_STAT6_IFNa,-0.1481384112354367
CCR5posCCR2posCD8Tcm_STAT6_unstim,-0.19280242722095978
CD8Tcm_IkB_IFNa,-0.21772798232557763
CD8Tnaive_CREB_IFNa,-0.23998298112287628
CD56hiCD16negNK_NFkB_IL246,-0.27385274566440804
MDSCs,-0.29176231822652665
ncMCs_MAPKAPK2_unstim,-0.32449316249681986
Tregs_MAPKAPK2_unstim,-0.3949411427318658
CD4Tef_CREB_IFNa,-0.512346788948738
NKT_IkB_IFNa,-0.51245602181319
CCR5posCCR2posCD4Tcm_IkB_unstim,-0.5452408827149173
CCR5posCCR2posCD4Tem_IkB_IL246,-0.6305766127732735
Bcells_S6_IFNa,-0.6351014740347785
pDCs_MAPKAPK2_GMCSF,-0.6957823449646088
Th1_S6_IFNa,-0.8713562394884004
NKT_MAPKAPK2_unstim,-0.884174428589075
CD8Tef_STAT6_IFNa,-0.8883169892222416
CD4Tef_STAT6_IFNa,-0.9191917544620013
CD69posCD56loCD16negNK_MAPKAPK2_unstim,-1.0943921348560235
CCR5posCCR2posCD4Tcm_CREB_IFNa,-1.1144158540775155
CD8Tcm_S6_IL246,-1.1520388418691587
CD69posCD4Tmem_NFkB_IFNa,-1.2131600385883665
Tregs_ERK_IL246,-1.224508142247016
Tregs_ERK_IFNa,-1.2942239100503303
Th1_MAPKAPK2_IFNa,-1.4555973430373241
CD8Tef_MAPKAPK2_IL246,-1.5010668640778362
CCR5posCCR2posCD8Tcm_S6_IL246,-1.5508699283430905
DCs_STAT6_IFNa,-1.7220468530064175
Tregs_S6_IFNa,-1.7296687311697085
Granulocytes_CREB_GMCSF,-1.8881998708169871
Granulocytes_MAPKAPK2_unstim,-1.9092976886447026
CD69posCD56loCD16negNK_S6_IFNa,-2.146170988058787
ncMCs_CREB_GMCSF,-2.186626995417797
CD69posCD8Tmem_S6_IL246,-2.293198509594256
CD69posCD4Tmem_MAPKAPK2_unstim,-2.4685708703567157
CCR5posCCR2posCD4Tem_S6_IL246,-2.9729075271700003
CCR5posCCR2posCD4Tcm_ERK_IL246,-3.225654175516715
CCR5posCCR2posCD4Tem_STAT3_IL246,-3.6764805560994755
CD4Tem_MAPKAPK2_unstim,-3.862740008305802
mDCs,-4.268509290128133
Bcells,-4.315556698423543
Granulocytes_STAT1_IFNa,-5.44743948119092
CCR5posCCR2posCD8Tem_NFkB_IFNa,-5.683002201831781
Granulocytes,-6.84253251122307
